/*--------------------------------*- C++ -*----------------------------------*\
| =========                 |                                                 |
| \\      /  F ield         | OpenFOAM: The Open Source CFD Toolbox           |
|  \\    /   O peration     | Version:  2312                                  |
|   \\  /    A nd           | Website:  www.openfoam.com                      |
|    \\/     M anipulation  |                                                 |
\*---------------------------------------------------------------------------*/
FoamFile
{
    version     2.0;
    format      ascii;
    arch        "LSB;label=32;scalar=64";
    class       volVectorField;
    location    "0";
    object      C;
}
// * * * * * * * * * * * * * * * * * * * * * * * * * * * * * * * * * * * * * //

dimensions      [0 1 0 0 0 0 0];

internalField   nonuniform List<vector> 
16000
(
(0.0073 0.0073 0.0073)
(0.0219 0.0073 0.0073)
(0.0365 0.0073 0.0073)
(0.0511 0.0073 0.0073)
(0.0657 0.0073 0.0073)
(0.0803 0.0073 0.0073)
(0.0949 0.0073 0.0073)
(0.1095 0.0073 0.0073)
(0.1241 0.0073 0.0073)
(0.1387 0.0073 0.0073)
(0.1533 0.0073 0.0073)
(0.1679 0.0073 0.0073)
(0.1825 0.0073 0.0073)
(0.1971 0.0073 0.0073)
(0.2117 0.0073 0.0073)
(0.2263 0.0073 0.0073)
(0.2409 0.0073 0.0073)
(0.2555 0.0073 0.0073)
(0.2701 0.0073 0.0073)
(0.2847 0.0073 0.0073)
(0.2993 0.0073 0.0073)
(0.3139 0.0073 0.0073)
(0.3285 0.0073 0.0073)
(0.3431 0.0073 0.0073)
(0.3577 0.0073 0.0073)
(0.3723 0.0073 0.0073)
(0.3869 0.0073 0.0073)
(0.4015 0.0073 0.0073)
(0.4161 0.0073 0.0073)
(0.4307 0.0073 0.0073)
(0.4453 0.0073 0.0073)
(0.4599 0.0073 0.0073)
(0.4745 0.0073 0.0073)
(0.4891 0.0073 0.0073)
(0.5037 0.0073 0.0073)
(0.5183 0.0073 0.0073)
(0.5329 0.0073 0.0073)
(0.5475 0.0073 0.0073)
(0.5621 0.0073 0.0073)
(0.5767 0.0073 0.0073)
(0.0073 0.0219 0.0073)
(0.0219 0.0219 0.0073)
(0.0365 0.0219 0.0073)
(0.0511 0.0219 0.0073)
(0.0657 0.0219 0.0073)
(0.0803 0.0219 0.0073)
(0.0949 0.0219 0.0073)
(0.1095 0.0219 0.0073)
(0.1241 0.0219 0.0073)
(0.1387 0.0219 0.0073)
(0.1533 0.0219 0.0073)
(0.1679 0.0219 0.0073)
(0.1825 0.0219 0.0073)
(0.1971 0.0219 0.0073)
(0.2117 0.0219 0.0073)
(0.2263 0.0219 0.0073)
(0.2409 0.0219 0.0073)
(0.2555 0.0219 0.0073)
(0.2701 0.0219 0.0073)
(0.2847 0.0219 0.0073)
(0.2993 0.0219 0.0073)
(0.3139 0.0219 0.0073)
(0.3285 0.0219 0.0073)
(0.3431 0.0219 0.0073)
(0.3577 0.0219 0.0073)
(0.3723 0.0219 0.0073)
(0.3869 0.0219 0.0073)
(0.4015 0.0219 0.0073)
(0.4161 0.0219 0.0073)
(0.4307 0.0219 0.0073)
(0.4453 0.0219 0.0073)
(0.4599 0.0219 0.0073)
(0.4745 0.0219 0.0073)
(0.4891 0.0219 0.0073)
(0.5037 0.0219 0.0073)
(0.5183 0.0219 0.0073)
(0.5329 0.0219 0.0073)
(0.5475 0.0219 0.0073)
(0.5621 0.0219 0.0073)
(0.5767 0.0219 0.0073)
(0.0073 0.0365 0.0073)
(0.0219 0.0365 0.0073)
(0.0365 0.0365 0.0073)
(0.0511 0.0365 0.0073)
(0.0657 0.0365 0.0073)
(0.0803 0.0365 0.0073)
(0.0949 0.0365 0.0073)
(0.1095 0.0365 0.0073)
(0.1241 0.0365 0.0073)
(0.1387 0.0365 0.0073)
(0.1533 0.0365 0.0073)
(0.1679 0.0365 0.0073)
(0.1825 0.0365 0.0073)
(0.1971 0.0365 0.0073)
(0.2117 0.0365 0.0073)
(0.2263 0.0365 0.0073)
(0.2409 0.0365 0.0073)
(0.2555 0.0365 0.0073)
(0.2701 0.0365 0.0073)
(0.2847 0.0365 0.0073)
(0.2993 0.0365 0.0073)
(0.3139 0.0365 0.0073)
(0.3285 0.0365 0.0073)
(0.3431 0.0365 0.0073)
(0.3577 0.0365 0.0073)
(0.3723 0.0365 0.0073)
(0.3869 0.0365 0.0073)
(0.4015 0.0365 0.0073)
(0.4161 0.0365 0.0073)
(0.4307 0.0365 0.0073)
(0.4453 0.0365 0.0073)
(0.4599 0.0365 0.0073)
(0.4745 0.0365 0.0073)
(0.4891 0.0365 0.0073)
(0.5037 0.0365 0.0073)
(0.5183 0.0365 0.0073)
(0.5329 0.0365 0.0073)
(0.5475 0.0365 0.0073)
(0.5621 0.0365 0.0073)
(0.5767 0.0365 0.0073)
(0.0073 0.0511 0.0073)
(0.0219 0.0511 0.0073)
(0.0365 0.0511 0.0073)
(0.0511 0.0511 0.0073)
(0.0657 0.0511 0.0073)
(0.0803 0.0511 0.0073)
(0.0949 0.0511 0.0073)
(0.1095 0.0511 0.0073)
(0.1241 0.0511 0.0073)
(0.1387 0.0511 0.0073)
(0.1533 0.0511 0.0073)
(0.1679 0.0511 0.0073)
(0.1825 0.0511 0.0073)
(0.1971 0.0511 0.0073)
(0.2117 0.0511 0.0073)
(0.2263 0.0511 0.0073)
(0.2409 0.0511 0.0073)
(0.2555 0.0511 0.0073)
(0.2701 0.0511 0.0073)
(0.2847 0.0511 0.0073)
(0.2993 0.0511 0.0073)
(0.3139 0.0511 0.0073)
(0.3285 0.0511 0.0073)
(0.3431 0.0511 0.0073)
(0.3577 0.0511 0.0073)
(0.3723 0.0511 0.0073)
(0.3869 0.0511 0.0073)
(0.4015 0.0511 0.0073)
(0.4161 0.0511 0.0073)
(0.4307 0.0511 0.0073)
(0.4453 0.0511 0.0073)
(0.4599 0.0511 0.0073)
(0.4745 0.0511 0.0073)
(0.4891 0.0511 0.0073)
(0.5037 0.0511 0.0073)
(0.5183 0.0511 0.0073)
(0.5329 0.0511 0.0073)
(0.5475 0.0511 0.0073)
(0.5621 0.0511 0.0073)
(0.5767 0.0511 0.0073)
(0.0073 0.0657 0.0073)
(0.0219 0.0657 0.0073)
(0.0365 0.0657 0.0073)
(0.0511 0.0657 0.0073)
(0.0657 0.0657 0.0073)
(0.0803 0.0657 0.0073)
(0.0949 0.0657 0.0073)
(0.1095 0.0657 0.0073)
(0.1241 0.0657 0.0073)
(0.1387 0.0657 0.0073)
(0.1533 0.0657 0.0073)
(0.1679 0.0657 0.0073)
(0.1825 0.0657 0.0073)
(0.1971 0.0657 0.0073)
(0.2117 0.0657 0.0073)
(0.2263 0.0657 0.0073)
(0.2409 0.0657 0.0073)
(0.2555 0.0657 0.0073)
(0.2701 0.0657 0.0073)
(0.2847 0.0657 0.0073)
(0.2993 0.0657 0.0073)
(0.3139 0.0657 0.0073)
(0.3285 0.0657 0.0073)
(0.3431 0.0657 0.0073)
(0.3577 0.0657 0.0073)
(0.3723 0.0657 0.0073)
(0.3869 0.0657 0.0073)
(0.4015 0.0657 0.0073)
(0.4161 0.0657 0.0073)
(0.4307 0.0657 0.0073)
(0.4453 0.0657 0.0073)
(0.4599 0.0657 0.0073)
(0.4745 0.0657 0.0073)
(0.4891 0.0657 0.0073)
(0.5037 0.0657 0.0073)
(0.5183 0.0657 0.0073)
(0.5329 0.0657 0.0073)
(0.5475 0.0657 0.0073)
(0.5621 0.0657 0.0073)
(0.5767 0.0657 0.0073)
(0.0073 0.0803 0.0073)
(0.0219 0.0803 0.0073)
(0.0365 0.0803 0.0073)
(0.0511 0.0803 0.0073)
(0.0657 0.0803 0.0073)
(0.0803 0.0803 0.0073)
(0.0949 0.0803 0.0073)
(0.1095 0.0803 0.0073)
(0.1241 0.0803 0.0073)
(0.1387 0.0803 0.0073)
(0.1533 0.0803 0.0073)
(0.1679 0.0803 0.0073)
(0.1825 0.0803 0.0073)
(0.1971 0.0803 0.0073)
(0.2117 0.0803 0.0073)
(0.2263 0.0803 0.0073)
(0.2409 0.0803 0.0073)
(0.2555 0.0803 0.0073)
(0.2701 0.0803 0.0073)
(0.2847 0.0803 0.0073)
(0.2993 0.0803 0.0073)
(0.3139 0.0803 0.0073)
(0.3285 0.0803 0.0073)
(0.3431 0.0803 0.0073)
(0.3577 0.0803 0.0073)
(0.3723 0.0803 0.0073)
(0.3869 0.0803 0.0073)
(0.4015 0.0803 0.0073)
(0.4161 0.0803 0.0073)
(0.4307 0.0803 0.0073)
(0.4453 0.0803 0.0073)
(0.4599 0.0803 0.0073)
(0.4745 0.0803 0.0073)
(0.4891 0.0803 0.0073)
(0.5037 0.0803 0.0073)
(0.5183 0.0803 0.0073)
(0.5329 0.0803 0.0073)
(0.5475 0.0803 0.0073)
(0.5621 0.0803 0.0073)
(0.5767 0.0803 0.0073)
(0.0073 0.0949 0.0073)
(0.0219 0.0949 0.0073)
(0.0365 0.0949 0.0073)
(0.0511 0.0949 0.0073)
(0.0657 0.0949 0.0073)
(0.0803 0.0949 0.0073)
(0.0949 0.0949 0.0073)
(0.1095 0.0949 0.0073)
(0.1241 0.0949 0.0073)
(0.1387 0.0949 0.0073)
(0.1533 0.0949 0.0073)
(0.1679 0.0949 0.0073)
(0.1825 0.0949 0.0073)
(0.1971 0.0949 0.0073)
(0.2117 0.0949 0.0073)
(0.2263 0.0949 0.0073)
(0.2409 0.0949 0.0073)
(0.2555 0.0949 0.0073)
(0.2701 0.0949 0.0073)
(0.2847 0.0949 0.0073)
(0.2993 0.0949 0.0073)
(0.3139 0.0949 0.0073)
(0.3285 0.0949 0.0073)
(0.3431 0.0949 0.0073)
(0.3577 0.0949 0.0073)
(0.3723 0.0949 0.0073)
(0.3869 0.0949 0.0073)
(0.4015 0.0949 0.0073)
(0.4161 0.0949 0.0073)
(0.4307 0.0949 0.0073)
(0.4453 0.0949 0.0073)
(0.4599 0.0949 0.0073)
(0.4745 0.0949 0.0073)
(0.4891 0.0949 0.0073)
(0.5037 0.0949 0.0073)
(0.5183 0.0949 0.0073)
(0.5329 0.0949 0.0073)
(0.5475 0.0949 0.0073)
(0.5621 0.0949 0.0073)
(0.5767 0.0949 0.0073)
(0.0073 0.1095 0.0073)
(0.0219 0.1095 0.0073)
(0.0365 0.1095 0.0073)
(0.0511 0.1095 0.0073)
(0.0657 0.1095 0.0073)
(0.0803 0.1095 0.0073)
(0.0949 0.1095 0.0073)
(0.1095 0.1095 0.0073)
(0.1241 0.1095 0.0073)
(0.1387 0.1095 0.0073)
(0.1533 0.1095 0.0073)
(0.1679 0.1095 0.0073)
(0.1825 0.1095 0.0073)
(0.1971 0.1095 0.0073)
(0.2117 0.1095 0.0073)
(0.2263 0.1095 0.0073)
(0.2409 0.1095 0.0073)
(0.2555 0.1095 0.0073)
(0.2701 0.1095 0.0073)
(0.2847 0.1095 0.0073)
(0.2993 0.1095 0.0073)
(0.3139 0.1095 0.0073)
(0.3285 0.1095 0.0073)
(0.3431 0.1095 0.0073)
(0.3577 0.1095 0.0073)
(0.3723 0.1095 0.0073)
(0.3869 0.1095 0.0073)
(0.4015 0.1095 0.0073)
(0.4161 0.1095 0.0073)
(0.4307 0.1095 0.0073)
(0.4453 0.1095 0.0073)
(0.4599 0.1095 0.0073)
(0.4745 0.1095 0.0073)
(0.4891 0.1095 0.0073)
(0.5037 0.1095 0.0073)
(0.5183 0.1095 0.0073)
(0.5329 0.1095 0.0073)
(0.5475 0.1095 0.0073)
(0.5621 0.1095 0.0073)
(0.5767 0.1095 0.0073)
(0.0073 0.1241 0.0073)
(0.0219 0.1241 0.0073)
(0.0365 0.1241 0.0073)
(0.0511 0.1241 0.0073)
(0.0657 0.1241 0.0073)
(0.0803 0.1241 0.0073)
(0.0949 0.1241 0.0073)
(0.1095 0.1241 0.0073)
(0.1241 0.1241 0.0073)
(0.1387 0.1241 0.0073)
(0.1533 0.1241 0.0073)
(0.1679 0.1241 0.0073)
(0.1825 0.1241 0.0073)
(0.1971 0.1241 0.0073)
(0.2117 0.1241 0.0073)
(0.2263 0.1241 0.0073)
(0.2409 0.1241 0.0073)
(0.2555 0.1241 0.0073)
(0.2701 0.1241 0.0073)
(0.2847 0.1241 0.0073)
(0.2993 0.1241 0.0073)
(0.3139 0.1241 0.0073)
(0.3285 0.1241 0.0073)
(0.3431 0.1241 0.0073)
(0.3577 0.1241 0.0073)
(0.3723 0.1241 0.0073)
(0.3869 0.1241 0.0073)
(0.4015 0.1241 0.0073)
(0.4161 0.1241 0.0073)
(0.4307 0.1241 0.0073)
(0.4453 0.1241 0.0073)
(0.4599 0.1241 0.0073)
(0.4745 0.1241 0.0073)
(0.4891 0.1241 0.0073)
(0.5037 0.1241 0.0073)
(0.5183 0.1241 0.0073)
(0.5329 0.1241 0.0073)
(0.5475 0.1241 0.0073)
(0.5621 0.1241 0.0073)
(0.5767 0.1241 0.0073)
(0.0073 0.1387 0.0073)
(0.0219 0.1387 0.0073)
(0.0365 0.1387 0.0073)
(0.0511 0.1387 0.0073)
(0.0657 0.1387 0.0073)
(0.0803 0.1387 0.0073)
(0.0949 0.1387 0.0073)
(0.1095 0.1387 0.0073)
(0.1241 0.1387 0.0073)
(0.1387 0.1387 0.0073)
(0.1533 0.1387 0.0073)
(0.1679 0.1387 0.0073)
(0.1825 0.1387 0.0073)
(0.1971 0.1387 0.0073)
(0.2117 0.1387 0.0073)
(0.2263 0.1387 0.0073)
(0.2409 0.1387 0.0073)
(0.2555 0.1387 0.0073)
(0.2701 0.1387 0.0073)
(0.2847 0.1387 0.0073)
(0.2993 0.1387 0.0073)
(0.3139 0.1387 0.0073)
(0.3285 0.1387 0.0073)
(0.3431 0.1387 0.0073)
(0.3577 0.1387 0.0073)
(0.3723 0.1387 0.0073)
(0.3869 0.1387 0.0073)
(0.4015 0.1387 0.0073)
(0.4161 0.1387 0.0073)
(0.4307 0.1387 0.0073)
(0.4453 0.1387 0.0073)
(0.4599 0.1387 0.0073)
(0.4745 0.1387 0.0073)
(0.4891 0.1387 0.0073)
(0.5037 0.1387 0.0073)
(0.5183 0.1387 0.0073)
(0.5329 0.1387 0.0073)
(0.5475 0.1387 0.0073)
(0.5621 0.1387 0.0073)
(0.5767 0.1387 0.0073)
(0.0073 0.1533 0.0073)
(0.0219 0.1533 0.0073)
(0.0365 0.1533 0.0073)
(0.0511 0.1533 0.0073)
(0.0657 0.1533 0.0073)
(0.0803 0.1533 0.0073)
(0.0949 0.1533 0.0073)
(0.1095 0.1533 0.0073)
(0.1241 0.1533 0.0073)
(0.1387 0.1533 0.0073)
(0.1533 0.1533 0.0073)
(0.1679 0.1533 0.0073)
(0.1825 0.1533 0.0073)
(0.1971 0.1533 0.0073)
(0.2117 0.1533 0.0073)
(0.2263 0.1533 0.0073)
(0.2409 0.1533 0.0073)
(0.2555 0.1533 0.0073)
(0.2701 0.1533 0.0073)
(0.2847 0.1533 0.0073)
(0.2993 0.1533 0.0073)
(0.3139 0.1533 0.0073)
(0.3285 0.1533 0.0073)
(0.3431 0.1533 0.0073)
(0.3577 0.1533 0.0073)
(0.3723 0.1533 0.0073)
(0.3869 0.1533 0.0073)
(0.4015 0.1533 0.0073)
(0.4161 0.1533 0.0073)
(0.4307 0.1533 0.0073)
(0.4453 0.1533 0.0073)
(0.4599 0.1533 0.0073)
(0.4745 0.1533 0.0073)
(0.4891 0.1533 0.0073)
(0.5037 0.1533 0.0073)
(0.5183 0.1533 0.0073)
(0.5329 0.1533 0.0073)
(0.5475 0.1533 0.0073)
(0.5621 0.1533 0.0073)
(0.5767 0.1533 0.0073)
(0.0073 0.1679 0.0073)
(0.0219 0.1679 0.0073)
(0.0365 0.1679 0.0073)
(0.0511 0.1679 0.0073)
(0.0657 0.1679 0.0073)
(0.0803 0.1679 0.0073)
(0.0949 0.1679 0.0073)
(0.1095 0.1679 0.0073)
(0.1241 0.1679 0.0073)
(0.1387 0.1679 0.0073)
(0.1533 0.1679 0.0073)
(0.1679 0.1679 0.0073)
(0.1825 0.1679 0.0073)
(0.1971 0.1679 0.0073)
(0.2117 0.1679 0.0073)
(0.2263 0.1679 0.0073)
(0.2409 0.1679 0.0073)
(0.2555 0.1679 0.0073)
(0.2701 0.1679 0.0073)
(0.2847 0.1679 0.0073)
(0.2993 0.1679 0.0073)
(0.3139 0.1679 0.0073)
(0.3285 0.1679 0.0073)
(0.3431 0.1679 0.0073)
(0.3577 0.1679 0.0073)
(0.3723 0.1679 0.0073)
(0.3869 0.1679 0.0073)
(0.4015 0.1679 0.0073)
(0.4161 0.1679 0.0073)
(0.4307 0.1679 0.0073)
(0.4453 0.1679 0.0073)
(0.4599 0.1679 0.0073)
(0.4745 0.1679 0.0073)
(0.4891 0.1679 0.0073)
(0.5037 0.1679 0.0073)
(0.5183 0.1679 0.0073)
(0.5329 0.1679 0.0073)
(0.5475 0.1679 0.0073)
(0.5621 0.1679 0.0073)
(0.5767 0.1679 0.0073)
(0.0073 0.1825 0.0073)
(0.0219 0.1825 0.0073)
(0.0365 0.1825 0.0073)
(0.0511 0.1825 0.0073)
(0.0657 0.1825 0.0073)
(0.0803 0.1825 0.0073)
(0.0949 0.1825 0.0073)
(0.1095 0.1825 0.0073)
(0.1241 0.1825 0.0073)
(0.1387 0.1825 0.0073)
(0.1533 0.1825 0.0073)
(0.1679 0.1825 0.0073)
(0.1825 0.1825 0.0073)
(0.1971 0.1825 0.0073)
(0.2117 0.1825 0.0073)
(0.2263 0.1825 0.0073)
(0.2409 0.1825 0.0073)
(0.2555 0.1825 0.0073)
(0.2701 0.1825 0.0073)
(0.2847 0.1825 0.0073)
(0.2993 0.1825 0.0073)
(0.3139 0.1825 0.0073)
(0.3285 0.1825 0.0073)
(0.3431 0.1825 0.0073)
(0.3577 0.1825 0.0073)
(0.3723 0.1825 0.0073)
(0.3869 0.1825 0.0073)
(0.4015 0.1825 0.0073)
(0.4161 0.1825 0.0073)
(0.4307 0.1825 0.0073)
(0.4453 0.1825 0.0073)
(0.4599 0.1825 0.0073)
(0.4745 0.1825 0.0073)
(0.4891 0.1825 0.0073)
(0.5037 0.1825 0.0073)
(0.5183 0.1825 0.0073)
(0.5329 0.1825 0.0073)
(0.5475 0.1825 0.0073)
(0.5621 0.1825 0.0073)
(0.5767 0.1825 0.0073)
(0.0073 0.1971 0.0073)
(0.0219 0.1971 0.0073)
(0.0365 0.1971 0.0073)
(0.0511 0.1971 0.0073)
(0.0657 0.1971 0.0073)
(0.0803 0.1971 0.0073)
(0.0949 0.1971 0.0073)
(0.1095 0.1971 0.0073)
(0.1241 0.1971 0.0073)
(0.1387 0.1971 0.0073)
(0.1533 0.1971 0.0073)
(0.1679 0.1971 0.0073)
(0.1825 0.1971 0.0073)
(0.1971 0.1971 0.0073)
(0.2117 0.1971 0.0073)
(0.2263 0.1971 0.0073)
(0.2409 0.1971 0.0073)
(0.2555 0.1971 0.0073)
(0.2701 0.1971 0.0073)
(0.2847 0.1971 0.0073)
(0.2993 0.1971 0.0073)
(0.3139 0.1971 0.0073)
(0.3285 0.1971 0.0073)
(0.3431 0.1971 0.0073)
(0.3577 0.1971 0.0073)
(0.3723 0.1971 0.0073)
(0.3869 0.1971 0.0073)
(0.4015 0.1971 0.0073)
(0.4161 0.1971 0.0073)
(0.4307 0.1971 0.0073)
(0.4453 0.1971 0.0073)
(0.4599 0.1971 0.0073)
(0.4745 0.1971 0.0073)
(0.4891 0.1971 0.0073)
(0.5037 0.1971 0.0073)
(0.5183 0.1971 0.0073)
(0.5329 0.1971 0.0073)
(0.5475 0.1971 0.0073)
(0.5621 0.1971 0.0073)
(0.5767 0.1971 0.0073)
(0.0073 0.2117 0.0073)
(0.0219 0.2117 0.0073)
(0.0365 0.2117 0.0073)
(0.0511 0.2117 0.0073)
(0.0657 0.2117 0.0073)
(0.0803 0.2117 0.0073)
(0.0949 0.2117 0.0073)
(0.1095 0.2117 0.0073)
(0.1241 0.2117 0.0073)
(0.1387 0.2117 0.0073)
(0.1533 0.2117 0.0073)
(0.1679 0.2117 0.0073)
(0.1825 0.2117 0.0073)
(0.1971 0.2117 0.0073)
(0.2117 0.2117 0.0073)
(0.2263 0.2117 0.0073)
(0.2409 0.2117 0.0073)
(0.2555 0.2117 0.0073)
(0.2701 0.2117 0.0073)
(0.2847 0.2117 0.0073)
(0.2993 0.2117 0.0073)
(0.3139 0.2117 0.0073)
(0.3285 0.2117 0.0073)
(0.3431 0.2117 0.0073)
(0.3577 0.2117 0.0073)
(0.3723 0.2117 0.0073)
(0.3869 0.2117 0.0073)
(0.4015 0.2117 0.0073)
(0.4161 0.2117 0.0073)
(0.4307 0.2117 0.0073)
(0.4453 0.2117 0.0073)
(0.4599 0.2117 0.0073)
(0.4745 0.2117 0.0073)
(0.4891 0.2117 0.0073)
(0.5037 0.2117 0.0073)
(0.5183 0.2117 0.0073)
(0.5329 0.2117 0.0073)
(0.5475 0.2117 0.0073)
(0.5621 0.2117 0.0073)
(0.5767 0.2117 0.0073)
(0.0073 0.2263 0.0073)
(0.0219 0.2263 0.0073)
(0.0365 0.2263 0.0073)
(0.0511 0.2263 0.0073)
(0.0657 0.2263 0.0073)
(0.0803 0.2263 0.0073)
(0.0949 0.2263 0.0073)
(0.1095 0.2263 0.0073)
(0.1241 0.2263 0.0073)
(0.1387 0.2263 0.0073)
(0.1533 0.2263 0.0073)
(0.1679 0.2263 0.0073)
(0.1825 0.2263 0.0073)
(0.1971 0.2263 0.0073)
(0.2117 0.2263 0.0073)
(0.2263 0.2263 0.0073)
(0.2409 0.2263 0.0073)
(0.2555 0.2263 0.0073)
(0.2701 0.2263 0.0073)
(0.2847 0.2263 0.0073)
(0.2993 0.2263 0.0073)
(0.3139 0.2263 0.0073)
(0.3285 0.2263 0.0073)
(0.3431 0.2263 0.0073)
(0.3577 0.2263 0.0073)
(0.3723 0.2263 0.0073)
(0.3869 0.2263 0.0073)
(0.4015 0.2263 0.0073)
(0.4161 0.2263 0.0073)
(0.4307 0.2263 0.0073)
(0.4453 0.2263 0.0073)
(0.4599 0.2263 0.0073)
(0.4745 0.2263 0.0073)
(0.4891 0.2263 0.0073)
(0.5037 0.2263 0.0073)
(0.5183 0.2263 0.0073)
(0.5329 0.2263 0.0073)
(0.5475 0.2263 0.0073)
(0.5621 0.2263 0.0073)
(0.5767 0.2263 0.0073)
(0.0073 0.2409 0.0073)
(0.0219 0.2409 0.0073)
(0.0365 0.2409 0.0073)
(0.0511 0.2409 0.0073)
(0.0657 0.2409 0.0073)
(0.0803 0.2409 0.0073)
(0.0949 0.2409 0.0073)
(0.1095 0.2409 0.0073)
(0.1241 0.2409 0.0073)
(0.1387 0.2409 0.0073)
(0.1533 0.2409 0.0073)
(0.1679 0.2409 0.0073)
(0.1825 0.2409 0.0073)
(0.1971 0.2409 0.0073)
(0.2117 0.2409 0.0073)
(0.2263 0.2409 0.0073)
(0.2409 0.2409 0.0073)
(0.2555 0.2409 0.0073)
(0.2701 0.2409 0.0073)
(0.2847 0.2409 0.0073)
(0.2993 0.2409 0.0073)
(0.3139 0.2409 0.0073)
(0.3285 0.2409 0.0073)
(0.3431 0.2409 0.0073)
(0.3577 0.2409 0.0073)
(0.3723 0.2409 0.0073)
(0.3869 0.2409 0.0073)
(0.4015 0.2409 0.0073)
(0.4161 0.2409 0.0073)
(0.4307 0.2409 0.0073)
(0.4453 0.2409 0.0073)
(0.4599 0.2409 0.0073)
(0.4745 0.2409 0.0073)
(0.4891 0.2409 0.0073)
(0.5037 0.2409 0.0073)
(0.5183 0.2409 0.0073)
(0.5329 0.2409 0.0073)
(0.5475 0.2409 0.0073)
(0.5621 0.2409 0.0073)
(0.5767 0.2409 0.0073)
(0.0073 0.2555 0.0073)
(0.0219 0.2555 0.0073)
(0.0365 0.2555 0.0073)
(0.0511 0.2555 0.0073)
(0.0657 0.2555 0.0073)
(0.0803 0.2555 0.0073)
(0.0949 0.2555 0.0073)
(0.1095 0.2555 0.0073)
(0.1241 0.2555 0.0073)
(0.1387 0.2555 0.0073)
(0.1533 0.2555 0.0073)
(0.1679 0.2555 0.0073)
(0.1825 0.2555 0.0073)
(0.1971 0.2555 0.0073)
(0.2117 0.2555 0.0073)
(0.2263 0.2555 0.0073)
(0.2409 0.2555 0.0073)
(0.2555 0.2555 0.0073)
(0.2701 0.2555 0.0073)
(0.2847 0.2555 0.0073)
(0.2993 0.2555 0.0073)
(0.3139 0.2555 0.0073)
(0.3285 0.2555 0.0073)
(0.3431 0.2555 0.0073)
(0.3577 0.2555 0.0073)
(0.3723 0.2555 0.0073)
(0.3869 0.2555 0.0073)
(0.4015 0.2555 0.0073)
(0.4161 0.2555 0.0073)
(0.4307 0.2555 0.0073)
(0.4453 0.2555 0.0073)
(0.4599 0.2555 0.0073)
(0.4745 0.2555 0.0073)
(0.4891 0.2555 0.0073)
(0.5037 0.2555 0.0073)
(0.5183 0.2555 0.0073)
(0.5329 0.2555 0.0073)
(0.5475 0.2555 0.0073)
(0.5621 0.2555 0.0073)
(0.5767 0.2555 0.0073)
(0.0073 0.2701 0.0073)
(0.0219 0.2701 0.0073)
(0.0365 0.2701 0.0073)
(0.0511 0.2701 0.0073)
(0.0657 0.2701 0.0073)
(0.0803 0.2701 0.0073)
(0.0949 0.2701 0.0073)
(0.1095 0.2701 0.0073)
(0.1241 0.2701 0.0073)
(0.1387 0.2701 0.0073)
(0.1533 0.2701 0.0073)
(0.1679 0.2701 0.0073)
(0.1825 0.2701 0.0073)
(0.1971 0.2701 0.0073)
(0.2117 0.2701 0.0073)
(0.2263 0.2701 0.0073)
(0.2409 0.2701 0.0073)
(0.2555 0.2701 0.0073)
(0.2701 0.2701 0.0073)
(0.2847 0.2701 0.0073)
(0.2993 0.2701 0.0073)
(0.3139 0.2701 0.0073)
(0.3285 0.2701 0.0073)
(0.3431 0.2701 0.0073)
(0.3577 0.2701 0.0073)
(0.3723 0.2701 0.0073)
(0.3869 0.2701 0.0073)
(0.4015 0.2701 0.0073)
(0.4161 0.2701 0.0073)
(0.4307 0.2701 0.0073)
(0.4453 0.2701 0.0073)
(0.4599 0.2701 0.0073)
(0.4745 0.2701 0.0073)
(0.4891 0.2701 0.0073)
(0.5037 0.2701 0.0073)
(0.5183 0.2701 0.0073)
(0.5329 0.2701 0.0073)
(0.5475 0.2701 0.0073)
(0.5621 0.2701 0.0073)
(0.5767 0.2701 0.0073)
(0.0073 0.2847 0.0073)
(0.0219 0.2847 0.0073)
(0.0365 0.2847 0.0073)
(0.0511 0.2847 0.0073)
(0.0657 0.2847 0.0073)
(0.0803 0.2847 0.0073)
(0.0949 0.2847 0.0073)
(0.1095 0.2847 0.0073)
(0.1241 0.2847 0.0073)
(0.1387 0.2847 0.0073)
(0.1533 0.2847 0.0073)
(0.1679 0.2847 0.0073)
(0.1825 0.2847 0.0073)
(0.1971 0.2847 0.0073)
(0.2117 0.2847 0.0073)
(0.2263 0.2847 0.0073)
(0.2409 0.2847 0.0073)
(0.2555 0.2847 0.0073)
(0.2701 0.2847 0.0073)
(0.2847 0.2847 0.0073)
(0.2993 0.2847 0.0073)
(0.3139 0.2847 0.0073)
(0.3285 0.2847 0.0073)
(0.3431 0.2847 0.0073)
(0.3577 0.2847 0.0073)
(0.3723 0.2847 0.0073)
(0.3869 0.2847 0.0073)
(0.4015 0.2847 0.0073)
(0.4161 0.2847 0.0073)
(0.4307 0.2847 0.0073)
(0.4453 0.2847 0.0073)
(0.4599 0.2847 0.0073)
(0.4745 0.2847 0.0073)
(0.4891 0.2847 0.0073)
(0.5037 0.2847 0.0073)
(0.5183 0.2847 0.0073)
(0.5329 0.2847 0.0073)
(0.5475 0.2847 0.0073)
(0.5621 0.2847 0.0073)
(0.5767 0.2847 0.0073)
(0.0073 0.2993 0.0073)
(0.0219 0.2993 0.0073)
(0.0365 0.2993 0.0073)
(0.0511 0.2993 0.0073)
(0.0657 0.2993 0.0073)
(0.0803 0.2993 0.0073)
(0.0949 0.2993 0.0073)
(0.1095 0.2993 0.0073)
(0.1241 0.2993 0.0073)
(0.1387 0.2993 0.0073)
(0.1533 0.2993 0.0073)
(0.1679 0.2993 0.0073)
(0.1825 0.2993 0.0073)
(0.1971 0.2993 0.0073)
(0.2117 0.2993 0.0073)
(0.2263 0.2993 0.0073)
(0.2409 0.2993 0.0073)
(0.2555 0.2993 0.0073)
(0.2701 0.2993 0.0073)
(0.2847 0.2993 0.0073)
(0.2993 0.2993 0.0073)
(0.3139 0.2993 0.0073)
(0.3285 0.2993 0.0073)
(0.3431 0.2993 0.0073)
(0.3577 0.2993 0.0073)
(0.3723 0.2993 0.0073)
(0.3869 0.2993 0.0073)
(0.4015 0.2993 0.0073)
(0.4161 0.2993 0.0073)
(0.4307 0.2993 0.0073)
(0.4453 0.2993 0.0073)
(0.4599 0.2993 0.0073)
(0.4745 0.2993 0.0073)
(0.4891 0.2993 0.0073)
(0.5037 0.2993 0.0073)
(0.5183 0.2993 0.0073)
(0.5329 0.2993 0.0073)
(0.5475 0.2993 0.0073)
(0.5621 0.2993 0.0073)
(0.5767 0.2993 0.0073)
(0.0073 0.3139 0.0073)
(0.0219 0.3139 0.0073)
(0.0365 0.3139 0.0073)
(0.0511 0.3139 0.0073)
(0.0657 0.3139 0.0073)
(0.0803 0.3139 0.0073)
(0.0949 0.3139 0.0073)
(0.1095 0.3139 0.0073)
(0.1241 0.3139 0.0073)
(0.1387 0.3139 0.0073)
(0.1533 0.3139 0.0073)
(0.1679 0.3139 0.0073)
(0.1825 0.3139 0.0073)
(0.1971 0.3139 0.0073)
(0.2117 0.3139 0.0073)
(0.2263 0.3139 0.0073)
(0.2409 0.3139 0.0073)
(0.2555 0.3139 0.0073)
(0.2701 0.3139 0.0073)
(0.2847 0.3139 0.0073)
(0.2993 0.3139 0.0073)
(0.3139 0.3139 0.0073)
(0.3285 0.3139 0.0073)
(0.3431 0.3139 0.0073)
(0.3577 0.3139 0.0073)
(0.3723 0.3139 0.0073)
(0.3869 0.3139 0.0073)
(0.4015 0.3139 0.0073)
(0.4161 0.3139 0.0073)
(0.4307 0.3139 0.0073)
(0.4453 0.3139 0.0073)
(0.4599 0.3139 0.0073)
(0.4745 0.3139 0.0073)
(0.4891 0.3139 0.0073)
(0.5037 0.3139 0.0073)
(0.5183 0.3139 0.0073)
(0.5329 0.3139 0.0073)
(0.5475 0.3139 0.0073)
(0.5621 0.3139 0.0073)
(0.5767 0.3139 0.0073)
(0.0073 0.3285 0.0073)
(0.0219 0.3285 0.0073)
(0.0365 0.3285 0.0073)
(0.0511 0.3285 0.0073)
(0.0657 0.3285 0.0073)
(0.0803 0.3285 0.0073)
(0.0949 0.3285 0.0073)
(0.1095 0.3285 0.0073)
(0.1241 0.3285 0.0073)
(0.1387 0.3285 0.0073)
(0.1533 0.3285 0.0073)
(0.1679 0.3285 0.0073)
(0.1825 0.3285 0.0073)
(0.1971 0.3285 0.0073)
(0.2117 0.3285 0.0073)
(0.2263 0.3285 0.0073)
(0.2409 0.3285 0.0073)
(0.2555 0.3285 0.0073)
(0.2701 0.3285 0.0073)
(0.2847 0.3285 0.0073)
(0.2993 0.3285 0.0073)
(0.3139 0.3285 0.0073)
(0.3285 0.3285 0.0073)
(0.3431 0.3285 0.0073)
(0.3577 0.3285 0.0073)
(0.3723 0.3285 0.0073)
(0.3869 0.3285 0.0073)
(0.4015 0.3285 0.0073)
(0.4161 0.3285 0.0073)
(0.4307 0.3285 0.0073)
(0.4453 0.3285 0.0073)
(0.4599 0.3285 0.0073)
(0.4745 0.3285 0.0073)
(0.4891 0.3285 0.0073)
(0.5037 0.3285 0.0073)
(0.5183 0.3285 0.0073)
(0.5329 0.3285 0.0073)
(0.5475 0.3285 0.0073)
(0.5621 0.3285 0.0073)
(0.5767 0.3285 0.0073)
(0.0073 0.3431 0.0073)
(0.0219 0.3431 0.0073)
(0.0365 0.3431 0.0073)
(0.0511 0.3431 0.0073)
(0.0657 0.3431 0.0073)
(0.0803 0.3431 0.0073)
(0.0949 0.3431 0.0073)
(0.1095 0.3431 0.0073)
(0.1241 0.3431 0.0073)
(0.1387 0.3431 0.0073)
(0.1533 0.3431 0.0073)
(0.1679 0.3431 0.0073)
(0.1825 0.3431 0.0073)
(0.1971 0.3431 0.0073)
(0.2117 0.3431 0.0073)
(0.2263 0.3431 0.0073)
(0.2409 0.3431 0.0073)
(0.2555 0.3431 0.0073)
(0.2701 0.3431 0.0073)
(0.2847 0.3431 0.0073)
(0.2993 0.3431 0.0073)
(0.3139 0.3431 0.0073)
(0.3285 0.3431 0.0073)
(0.3431 0.3431 0.0073)
(0.3577 0.3431 0.0073)
(0.3723 0.3431 0.0073)
(0.3869 0.3431 0.0073)
(0.4015 0.3431 0.0073)
(0.4161 0.3431 0.0073)
(0.4307 0.3431 0.0073)
(0.4453 0.3431 0.0073)
(0.4599 0.3431 0.0073)
(0.4745 0.3431 0.0073)
(0.4891 0.3431 0.0073)
(0.5037 0.3431 0.0073)
(0.5183 0.3431 0.0073)
(0.5329 0.3431 0.0073)
(0.5475 0.3431 0.0073)
(0.5621 0.3431 0.0073)
(0.5767 0.3431 0.0073)
(0.0073 0.3577 0.0073)
(0.0219 0.3577 0.0073)
(0.0365 0.3577 0.0073)
(0.0511 0.3577 0.0073)
(0.0657 0.3577 0.0073)
(0.0803 0.3577 0.0073)
(0.0949 0.3577 0.0073)
(0.1095 0.3577 0.0073)
(0.1241 0.3577 0.0073)
(0.1387 0.3577 0.0073)
(0.1533 0.3577 0.0073)
(0.1679 0.3577 0.0073)
(0.1825 0.3577 0.0073)
(0.1971 0.3577 0.0073)
(0.2117 0.3577 0.0073)
(0.2263 0.3577 0.0073)
(0.2409 0.3577 0.0073)
(0.2555 0.3577 0.0073)
(0.2701 0.3577 0.0073)
(0.2847 0.3577 0.0073)
(0.2993 0.3577 0.0073)
(0.3139 0.3577 0.0073)
(0.3285 0.3577 0.0073)
(0.3431 0.3577 0.0073)
(0.3577 0.3577 0.0073)
(0.3723 0.3577 0.0073)
(0.3869 0.3577 0.0073)
(0.4015 0.3577 0.0073)
(0.4161 0.3577 0.0073)
(0.4307 0.3577 0.0073)
(0.4453 0.3577 0.0073)
(0.4599 0.3577 0.0073)
(0.4745 0.3577 0.0073)
(0.4891 0.3577 0.0073)
(0.5037 0.3577 0.0073)
(0.5183 0.3577 0.0073)
(0.5329 0.3577 0.0073)
(0.5475 0.3577 0.0073)
(0.5621 0.3577 0.0073)
(0.5767 0.3577 0.0073)
(0.0073 0.3723 0.0073)
(0.0219 0.3723 0.0073)
(0.0365 0.3723 0.0073)
(0.0511 0.3723 0.0073)
(0.0657 0.3723 0.0073)
(0.0803 0.3723 0.0073)
(0.0949 0.3723 0.0073)
(0.1095 0.3723 0.0073)
(0.1241 0.3723 0.0073)
(0.1387 0.3723 0.0073)
(0.1533 0.3723 0.0073)
(0.1679 0.3723 0.0073)
(0.1825 0.3723 0.0073)
(0.1971 0.3723 0.0073)
(0.2117 0.3723 0.0073)
(0.2263 0.3723 0.0073)
(0.2409 0.3723 0.0073)
(0.2555 0.3723 0.0073)
(0.2701 0.3723 0.0073)
(0.2847 0.3723 0.0073)
(0.2993 0.3723 0.0073)
(0.3139 0.3723 0.0073)
(0.3285 0.3723 0.0073)
(0.3431 0.3723 0.0073)
(0.3577 0.3723 0.0073)
(0.3723 0.3723 0.0073)
(0.3869 0.3723 0.0073)
(0.4015 0.3723 0.0073)
(0.4161 0.3723 0.0073)
(0.4307 0.3723 0.0073)
(0.4453 0.3723 0.0073)
(0.4599 0.3723 0.0073)
(0.4745 0.3723 0.0073)
(0.4891 0.3723 0.0073)
(0.5037 0.3723 0.0073)
(0.5183 0.3723 0.0073)
(0.5329 0.3723 0.0073)
(0.5475 0.3723 0.0073)
(0.5621 0.3723 0.0073)
(0.5767 0.3723 0.0073)
(0.0073 0.3869 0.0073)
(0.0219 0.3869 0.0073)
(0.0365 0.3869 0.0073)
(0.0511 0.3869 0.0073)
(0.0657 0.3869 0.0073)
(0.0803 0.3869 0.0073)
(0.0949 0.3869 0.0073)
(0.1095 0.3869 0.0073)
(0.1241 0.3869 0.0073)
(0.1387 0.3869 0.0073)
(0.1533 0.3869 0.0073)
(0.1679 0.3869 0.0073)
(0.1825 0.3869 0.0073)
(0.1971 0.3869 0.0073)
(0.2117 0.3869 0.0073)
(0.2263 0.3869 0.0073)
(0.2409 0.3869 0.0073)
(0.2555 0.3869 0.0073)
(0.2701 0.3869 0.0073)
(0.2847 0.3869 0.0073)
(0.2993 0.3869 0.0073)
(0.3139 0.3869 0.0073)
(0.3285 0.3869 0.0073)
(0.3431 0.3869 0.0073)
(0.3577 0.3869 0.0073)
(0.3723 0.3869 0.0073)
(0.3869 0.3869 0.0073)
(0.4015 0.3869 0.0073)
(0.4161 0.3869 0.0073)
(0.4307 0.3869 0.0073)
(0.4453 0.3869 0.0073)
(0.4599 0.3869 0.0073)
(0.4745 0.3869 0.0073)
(0.4891 0.3869 0.0073)
(0.5037 0.3869 0.0073)
(0.5183 0.3869 0.0073)
(0.5329 0.3869 0.0073)
(0.5475 0.3869 0.0073)
(0.5621 0.3869 0.0073)
(0.5767 0.3869 0.0073)
(0.0073 0.4015 0.0073)
(0.0219 0.4015 0.0073)
(0.0365 0.4015 0.0073)
(0.0511 0.4015 0.0073)
(0.0657 0.4015 0.0073)
(0.0803 0.4015 0.0073)
(0.0949 0.4015 0.0073)
(0.1095 0.4015 0.0073)
(0.1241 0.4015 0.0073)
(0.1387 0.4015 0.0073)
(0.1533 0.4015 0.0073)
(0.1679 0.4015 0.0073)
(0.1825 0.4015 0.0073)
(0.1971 0.4015 0.0073)
(0.2117 0.4015 0.0073)
(0.2263 0.4015 0.0073)
(0.2409 0.4015 0.0073)
(0.2555 0.4015 0.0073)
(0.2701 0.4015 0.0073)
(0.2847 0.4015 0.0073)
(0.2993 0.4015 0.0073)
(0.3139 0.4015 0.0073)
(0.3285 0.4015 0.0073)
(0.3431 0.4015 0.0073)
(0.3577 0.4015 0.0073)
(0.3723 0.4015 0.0073)
(0.3869 0.4015 0.0073)
(0.4015 0.4015 0.0073)
(0.4161 0.4015 0.0073)
(0.4307 0.4015 0.0073)
(0.4453 0.4015 0.0073)
(0.4599 0.4015 0.0073)
(0.4745 0.4015 0.0073)
(0.4891 0.4015 0.0073)
(0.5037 0.4015 0.0073)
(0.5183 0.4015 0.0073)
(0.5329 0.4015 0.0073)
(0.5475 0.4015 0.0073)
(0.5621 0.4015 0.0073)
(0.5767 0.4015 0.0073)
(0.0073 0.4161 0.0073)
(0.0219 0.4161 0.0073)
(0.0365 0.4161 0.0073)
(0.0511 0.4161 0.0073)
(0.0657 0.4161 0.0073)
(0.0803 0.4161 0.0073)
(0.0949 0.4161 0.0073)
(0.1095 0.4161 0.0073)
(0.1241 0.4161 0.0073)
(0.1387 0.4161 0.0073)
(0.1533 0.4161 0.0073)
(0.1679 0.4161 0.0073)
(0.1825 0.4161 0.0073)
(0.1971 0.4161 0.0073)
(0.2117 0.4161 0.0073)
(0.2263 0.4161 0.0073)
(0.2409 0.4161 0.0073)
(0.2555 0.4161 0.0073)
(0.2701 0.4161 0.0073)
(0.2847 0.4161 0.0073)
(0.2993 0.4161 0.0073)
(0.3139 0.4161 0.0073)
(0.3285 0.4161 0.0073)
(0.3431 0.4161 0.0073)
(0.3577 0.4161 0.0073)
(0.3723 0.4161 0.0073)
(0.3869 0.4161 0.0073)
(0.4015 0.4161 0.0073)
(0.4161 0.4161 0.0073)
(0.4307 0.4161 0.0073)
(0.4453 0.4161 0.0073)
(0.4599 0.4161 0.0073)
(0.4745 0.4161 0.0073)
(0.4891 0.4161 0.0073)
(0.5037 0.4161 0.0073)
(0.5183 0.4161 0.0073)
(0.5329 0.4161 0.0073)
(0.5475 0.4161 0.0073)
(0.5621 0.4161 0.0073)
(0.5767 0.4161 0.0073)
(0.0073 0.4307 0.0073)
(0.0219 0.4307 0.0073)
(0.0365 0.4307 0.0073)
(0.0511 0.4307 0.0073)
(0.0657 0.4307 0.0073)
(0.0803 0.4307 0.0073)
(0.0949 0.4307 0.0073)
(0.1095 0.4307 0.0073)
(0.1241 0.4307 0.0073)
(0.1387 0.4307 0.0073)
(0.1533 0.4307 0.0073)
(0.1679 0.4307 0.0073)
(0.1825 0.4307 0.0073)
(0.1971 0.4307 0.0073)
(0.2117 0.4307 0.0073)
(0.2263 0.4307 0.0073)
(0.2409 0.4307 0.0073)
(0.2555 0.4307 0.0073)
(0.2701 0.4307 0.0073)
(0.2847 0.4307 0.0073)
(0.2993 0.4307 0.0073)
(0.3139 0.4307 0.0073)
(0.3285 0.4307 0.0073)
(0.3431 0.4307 0.0073)
(0.3577 0.4307 0.0073)
(0.3723 0.4307 0.0073)
(0.3869 0.4307 0.0073)
(0.4015 0.4307 0.0073)
(0.4161 0.4307 0.0073)
(0.4307 0.4307 0.0073)
(0.4453 0.4307 0.0073)
(0.4599 0.4307 0.0073)
(0.4745 0.4307 0.0073)
(0.4891 0.4307 0.0073)
(0.5037 0.4307 0.0073)
(0.5183 0.4307 0.0073)
(0.5329 0.4307 0.0073)
(0.5475 0.4307 0.0073)
(0.5621 0.4307 0.0073)
(0.5767 0.4307 0.0073)
(0.0073 0.4453 0.0073)
(0.0219 0.4453 0.0073)
(0.0365 0.4453 0.0073)
(0.0511 0.4453 0.0073)
(0.0657 0.4453 0.0073)
(0.0803 0.4453 0.0073)
(0.0949 0.4453 0.0073)
(0.1095 0.4453 0.0073)
(0.1241 0.4453 0.0073)
(0.1387 0.4453 0.0073)
(0.1533 0.4453 0.0073)
(0.1679 0.4453 0.0073)
(0.1825 0.4453 0.0073)
(0.1971 0.4453 0.0073)
(0.2117 0.4453 0.0073)
(0.2263 0.4453 0.0073)
(0.2409 0.4453 0.0073)
(0.2555 0.4453 0.0073)
(0.2701 0.4453 0.0073)
(0.2847 0.4453 0.0073)
(0.2993 0.4453 0.0073)
(0.3139 0.4453 0.0073)
(0.3285 0.4453 0.0073)
(0.3431 0.4453 0.0073)
(0.3577 0.4453 0.0073)
(0.3723 0.4453 0.0073)
(0.3869 0.4453 0.0073)
(0.4015 0.4453 0.0073)
(0.4161 0.4453 0.0073)
(0.4307 0.4453 0.0073)
(0.4453 0.4453 0.0073)
(0.4599 0.4453 0.0073)
(0.4745 0.4453 0.0073)
(0.4891 0.4453 0.0073)
(0.5037 0.4453 0.0073)
(0.5183 0.4453 0.0073)
(0.5329 0.4453 0.0073)
(0.5475 0.4453 0.0073)
(0.5621 0.4453 0.0073)
(0.5767 0.4453 0.0073)
(0.0073 0.4599 0.0073)
(0.0219 0.4599 0.0073)
(0.0365 0.4599 0.0073)
(0.0511 0.4599 0.0073)
(0.0657 0.4599 0.0073)
(0.0803 0.4599 0.0073)
(0.0949 0.4599 0.0073)
(0.1095 0.4599 0.0073)
(0.1241 0.4599 0.0073)
(0.1387 0.4599 0.0073)
(0.1533 0.4599 0.0073)
(0.1679 0.4599 0.0073)
(0.1825 0.4599 0.0073)
(0.1971 0.4599 0.0073)
(0.2117 0.4599 0.0073)
(0.2263 0.4599 0.0073)
(0.2409 0.4599 0.0073)
(0.2555 0.4599 0.0073)
(0.2701 0.4599 0.0073)
(0.2847 0.4599 0.0073)
(0.2993 0.4599 0.0073)
(0.3139 0.4599 0.0073)
(0.3285 0.4599 0.0073)
(0.3431 0.4599 0.0073)
(0.3577 0.4599 0.0073)
(0.3723 0.4599 0.0073)
(0.3869 0.4599 0.0073)
(0.4015 0.4599 0.0073)
(0.4161 0.4599 0.0073)
(0.4307 0.4599 0.0073)
(0.4453 0.4599 0.0073)
(0.4599 0.4599 0.0073)
(0.4745 0.4599 0.0073)
(0.4891 0.4599 0.0073)
(0.5037 0.4599 0.0073)
(0.5183 0.4599 0.0073)
(0.5329 0.4599 0.0073)
(0.5475 0.4599 0.0073)
(0.5621 0.4599 0.0073)
(0.5767 0.4599 0.0073)
(0.0073 0.4745 0.0073)
(0.0219 0.4745 0.0073)
(0.0365 0.4745 0.0073)
(0.0511 0.4745 0.0073)
(0.0657 0.4745 0.0073)
(0.0803 0.4745 0.0073)
(0.0949 0.4745 0.0073)
(0.1095 0.4745 0.0073)
(0.1241 0.4745 0.0073)
(0.1387 0.4745 0.0073)
(0.1533 0.4745 0.0073)
(0.1679 0.4745 0.0073)
(0.1825 0.4745 0.0073)
(0.1971 0.4745 0.0073)
(0.2117 0.4745 0.0073)
(0.2263 0.4745 0.0073)
(0.2409 0.4745 0.0073)
(0.2555 0.4745 0.0073)
(0.2701 0.4745 0.0073)
(0.2847 0.4745 0.0073)
(0.2993 0.4745 0.0073)
(0.3139 0.4745 0.0073)
(0.3285 0.4745 0.0073)
(0.3431 0.4745 0.0073)
(0.3577 0.4745 0.0073)
(0.3723 0.4745 0.0073)
(0.3869 0.4745 0.0073)
(0.4015 0.4745 0.0073)
(0.4161 0.4745 0.0073)
(0.4307 0.4745 0.0073)
(0.4453 0.4745 0.0073)
(0.4599 0.4745 0.0073)
(0.4745 0.4745 0.0073)
(0.4891 0.4745 0.0073)
(0.5037 0.4745 0.0073)
(0.5183 0.4745 0.0073)
(0.5329 0.4745 0.0073)
(0.5475 0.4745 0.0073)
(0.5621 0.4745 0.0073)
(0.5767 0.4745 0.0073)
(0.0073 0.4891 0.0073)
(0.0219 0.4891 0.0073)
(0.0365 0.4891 0.0073)
(0.0511 0.4891 0.0073)
(0.0657 0.4891 0.0073)
(0.0803 0.4891 0.0073)
(0.0949 0.4891 0.0073)
(0.1095 0.4891 0.0073)
(0.1241 0.4891 0.0073)
(0.1387 0.4891 0.0073)
(0.1533 0.4891 0.0073)
(0.1679 0.4891 0.0073)
(0.1825 0.4891 0.0073)
(0.1971 0.4891 0.0073)
(0.2117 0.4891 0.0073)
(0.2263 0.4891 0.0073)
(0.2409 0.4891 0.0073)
(0.2555 0.4891 0.0073)
(0.2701 0.4891 0.0073)
(0.2847 0.4891 0.0073)
(0.2993 0.4891 0.0073)
(0.3139 0.4891 0.0073)
(0.3285 0.4891 0.0073)
(0.3431 0.4891 0.0073)
(0.3577 0.4891 0.0073)
(0.3723 0.4891 0.0073)
(0.3869 0.4891 0.0073)
(0.4015 0.4891 0.0073)
(0.4161 0.4891 0.0073)
(0.4307 0.4891 0.0073)
(0.4453 0.4891 0.0073)
(0.4599 0.4891 0.0073)
(0.4745 0.4891 0.0073)
(0.4891 0.4891 0.0073)
(0.5037 0.4891 0.0073)
(0.5183 0.4891 0.0073)
(0.5329 0.4891 0.0073)
(0.5475 0.4891 0.0073)
(0.5621 0.4891 0.0073)
(0.5767 0.4891 0.0073)
(0.0073 0.5037 0.0073)
(0.0219 0.5037 0.0073)
(0.0365 0.5037 0.0073)
(0.0511 0.5037 0.0073)
(0.0657 0.5037 0.0073)
(0.0803 0.5037 0.0073)
(0.0949 0.5037 0.0073)
(0.1095 0.5037 0.0073)
(0.1241 0.5037 0.0073)
(0.1387 0.5037 0.0073)
(0.1533 0.5037 0.0073)
(0.1679 0.5037 0.0073)
(0.1825 0.5037 0.0073)
(0.1971 0.5037 0.0073)
(0.2117 0.5037 0.0073)
(0.2263 0.5037 0.0073)
(0.2409 0.5037 0.0073)
(0.2555 0.5037 0.0073)
(0.2701 0.5037 0.0073)
(0.2847 0.5037 0.0073)
(0.2993 0.5037 0.0073)
(0.3139 0.5037 0.0073)
(0.3285 0.5037 0.0073)
(0.3431 0.5037 0.0073)
(0.3577 0.5037 0.0073)
(0.3723 0.5037 0.0073)
(0.3869 0.5037 0.0073)
(0.4015 0.5037 0.0073)
(0.4161 0.5037 0.0073)
(0.4307 0.5037 0.0073)
(0.4453 0.5037 0.0073)
(0.4599 0.5037 0.0073)
(0.4745 0.5037 0.0073)
(0.4891 0.5037 0.0073)
(0.5037 0.5037 0.0073)
(0.5183 0.5037 0.0073)
(0.5329 0.5037 0.0073)
(0.5475 0.5037 0.0073)
(0.5621 0.5037 0.0073)
(0.5767 0.5037 0.0073)
(0.0073 0.5183 0.0073)
(0.0219 0.5183 0.0073)
(0.0365 0.5183 0.0073)
(0.0511 0.5183 0.0073)
(0.0657 0.5183 0.0073)
(0.0803 0.5183 0.0073)
(0.0949 0.5183 0.0073)
(0.1095 0.5183 0.0073)
(0.1241 0.5183 0.0073)
(0.1387 0.5183 0.0073)
(0.1533 0.5183 0.0073)
(0.1679 0.5183 0.0073)
(0.1825 0.5183 0.0073)
(0.1971 0.5183 0.0073)
(0.2117 0.5183 0.0073)
(0.2263 0.5183 0.0073)
(0.2409 0.5183 0.0073)
(0.2555 0.5183 0.0073)
(0.2701 0.5183 0.0073)
(0.2847 0.5183 0.0073)
(0.2993 0.5183 0.0073)
(0.3139 0.5183 0.0073)
(0.3285 0.5183 0.0073)
(0.3431 0.5183 0.0073)
(0.3577 0.5183 0.0073)
(0.3723 0.5183 0.0073)
(0.3869 0.5183 0.0073)
(0.4015 0.5183 0.0073)
(0.4161 0.5183 0.0073)
(0.4307 0.5183 0.0073)
(0.4453 0.5183 0.0073)
(0.4599 0.5183 0.0073)
(0.4745 0.5183 0.0073)
(0.4891 0.5183 0.0073)
(0.5037 0.5183 0.0073)
(0.5183 0.5183 0.0073)
(0.5329 0.5183 0.0073)
(0.5475 0.5183 0.0073)
(0.5621 0.5183 0.0073)
(0.5767 0.5183 0.0073)
(0.0073 0.5329 0.0073)
(0.0219 0.5329 0.0073)
(0.0365 0.5329 0.0073)
(0.0511 0.5329 0.0073)
(0.0657 0.5329 0.0073)
(0.0803 0.5329 0.0073)
(0.0949 0.5329 0.0073)
(0.1095 0.5329 0.0073)
(0.1241 0.5329 0.0073)
(0.1387 0.5329 0.0073)
(0.1533 0.5329 0.0073)
(0.1679 0.5329 0.0073)
(0.1825 0.5329 0.0073)
(0.1971 0.5329 0.0073)
(0.2117 0.5329 0.0073)
(0.2263 0.5329 0.0073)
(0.2409 0.5329 0.0073)
(0.2555 0.5329 0.0073)
(0.2701 0.5329 0.0073)
(0.2847 0.5329 0.0073)
(0.2993 0.5329 0.0073)
(0.3139 0.5329 0.0073)
(0.3285 0.5329 0.0073)
(0.3431 0.5329 0.0073)
(0.3577 0.5329 0.0073)
(0.3723 0.5329 0.0073)
(0.3869 0.5329 0.0073)
(0.4015 0.5329 0.0073)
(0.4161 0.5329 0.0073)
(0.4307 0.5329 0.0073)
(0.4453 0.5329 0.0073)
(0.4599 0.5329 0.0073)
(0.4745 0.5329 0.0073)
(0.4891 0.5329 0.0073)
(0.5037 0.5329 0.0073)
(0.5183 0.5329 0.0073)
(0.5329 0.5329 0.0073)
(0.5475 0.5329 0.0073)
(0.5621 0.5329 0.0073)
(0.5767 0.5329 0.0073)
(0.0073 0.5475 0.0073)
(0.0219 0.5475 0.0073)
(0.0365 0.5475 0.0073)
(0.0511 0.5475 0.0073)
(0.0657 0.5475 0.0073)
(0.0803 0.5475 0.0073)
(0.0949 0.5475 0.0073)
(0.1095 0.5475 0.0073)
(0.1241 0.5475 0.0073)
(0.1387 0.5475 0.0073)
(0.1533 0.5475 0.0073)
(0.1679 0.5475 0.0073)
(0.1825 0.5475 0.0073)
(0.1971 0.5475 0.0073)
(0.2117 0.5475 0.0073)
(0.2263 0.5475 0.0073)
(0.2409 0.5475 0.0073)
(0.2555 0.5475 0.0073)
(0.2701 0.5475 0.0073)
(0.2847 0.5475 0.0073)
(0.2993 0.5475 0.0073)
(0.3139 0.5475 0.0073)
(0.3285 0.5475 0.0073)
(0.3431 0.5475 0.0073)
(0.3577 0.5475 0.0073)
(0.3723 0.5475 0.0073)
(0.3869 0.5475 0.0073)
(0.4015 0.5475 0.0073)
(0.4161 0.5475 0.0073)
(0.4307 0.5475 0.0073)
(0.4453 0.5475 0.0073)
(0.4599 0.5475 0.0073)
(0.4745 0.5475 0.0073)
(0.4891 0.5475 0.0073)
(0.5037 0.5475 0.0073)
(0.5183 0.5475 0.0073)
(0.5329 0.5475 0.0073)
(0.5475 0.5475 0.0073)
(0.5621 0.5475 0.0073)
(0.5767 0.5475 0.0073)
(0.0073 0.5621 0.0073)
(0.0219 0.5621 0.0073)
(0.0365 0.5621 0.0073)
(0.0511 0.5621 0.0073)
(0.0657 0.5621 0.0073)
(0.0803 0.5621 0.0073)
(0.0949 0.5621 0.0073)
(0.1095 0.5621 0.0073)
(0.1241 0.5621 0.0073)
(0.1387 0.5621 0.0073)
(0.1533 0.5621 0.0073)
(0.1679 0.5621 0.0073)
(0.1825 0.5621 0.0073)
(0.1971 0.5621 0.0073)
(0.2117 0.5621 0.0073)
(0.2263 0.5621 0.0073)
(0.2409 0.5621 0.0073)
(0.2555 0.5621 0.0073)
(0.2701 0.5621 0.0073)
(0.2847 0.5621 0.0073)
(0.2993 0.5621 0.0073)
(0.3139 0.5621 0.0073)
(0.3285 0.5621 0.0073)
(0.3431 0.5621 0.0073)
(0.3577 0.5621 0.0073)
(0.3723 0.5621 0.0073)
(0.3869 0.5621 0.0073)
(0.4015 0.5621 0.0073)
(0.4161 0.5621 0.0073)
(0.4307 0.5621 0.0073)
(0.4453 0.5621 0.0073)
(0.4599 0.5621 0.0073)
(0.4745 0.5621 0.0073)
(0.4891 0.5621 0.0073)
(0.5037 0.5621 0.0073)
(0.5183 0.5621 0.0073)
(0.5329 0.5621 0.0073)
(0.5475 0.5621 0.0073)
(0.5621 0.5621 0.0073)
(0.5767 0.5621 0.0073)
(0.0073 0.5767 0.0073)
(0.0219 0.5767 0.0073)
(0.0365 0.5767 0.0073)
(0.0511 0.5767 0.0073)
(0.0657 0.5767 0.0073)
(0.0803 0.5767 0.0073)
(0.0949 0.5767 0.0073)
(0.1095 0.5767 0.0073)
(0.1241 0.5767 0.0073)
(0.1387 0.5767 0.0073)
(0.1533 0.5767 0.0073)
(0.1679 0.5767 0.0073)
(0.1825 0.5767 0.0073)
(0.1971 0.5767 0.0073)
(0.2117 0.5767 0.0073)
(0.2263 0.5767 0.0073)
(0.2409 0.5767 0.0073)
(0.2555 0.5767 0.0073)
(0.2701 0.5767 0.0073)
(0.2847 0.5767 0.0073)
(0.2993 0.5767 0.0073)
(0.3139 0.5767 0.0073)
(0.3285 0.5767 0.0073)
(0.3431 0.5767 0.0073)
(0.3577 0.5767 0.0073)
(0.3723 0.5767 0.0073)
(0.3869 0.5767 0.0073)
(0.4015 0.5767 0.0073)
(0.4161 0.5767 0.0073)
(0.4307 0.5767 0.0073)
(0.4453 0.5767 0.0073)
(0.4599 0.5767 0.0073)
(0.4745 0.5767 0.0073)
(0.4891 0.5767 0.0073)
(0.5037 0.5767 0.0073)
(0.5183 0.5767 0.0073)
(0.5329 0.5767 0.0073)
(0.5475 0.5767 0.0073)
(0.5621 0.5767 0.0073)
(0.5767 0.5767 0.0073)
(0.0073 0.0073 0.0219)
(0.0219 0.0073 0.0219)
(0.0365 0.0073 0.0219)
(0.0511 0.0073 0.0219)
(0.0657 0.0073 0.0219)
(0.0803 0.0073 0.0219)
(0.0949 0.0073 0.0219)
(0.1095 0.0073 0.0219)
(0.1241 0.0073 0.0219)
(0.1387 0.0073 0.0219)
(0.1533 0.0073 0.0219)
(0.1679 0.0073 0.0219)
(0.1825 0.0073 0.0219)
(0.1971 0.0073 0.0219)
(0.2117 0.0073 0.0219)
(0.2263 0.0073 0.0219)
(0.2409 0.0073 0.0219)
(0.2555 0.0073 0.0219)
(0.2701 0.0073 0.0219)
(0.2847 0.0073 0.0219)
(0.2993 0.0073 0.0219)
(0.3139 0.0073 0.0219)
(0.3285 0.0073 0.0219)
(0.3431 0.0073 0.0219)
(0.3577 0.0073 0.0219)
(0.3723 0.0073 0.0219)
(0.3869 0.0073 0.0219)
(0.4015 0.0073 0.0219)
(0.4161 0.0073 0.0219)
(0.4307 0.0073 0.0219)
(0.4453 0.0073 0.0219)
(0.4599 0.0073 0.0219)
(0.4745 0.0073 0.0219)
(0.4891 0.0073 0.0219)
(0.5037 0.0073 0.0219)
(0.5183 0.0073 0.0219)
(0.5329 0.0073 0.0219)
(0.5475 0.0073 0.0219)
(0.5621 0.0073 0.0219)
(0.5767 0.0073 0.0219)
(0.0073 0.0219 0.0219)
(0.0219 0.0219 0.0219)
(0.0365 0.0219 0.0219)
(0.0511 0.0219 0.0219)
(0.0657 0.0219 0.0219)
(0.0803 0.0219 0.0219)
(0.0949 0.0219 0.0219)
(0.1095 0.0219 0.0219)
(0.1241 0.0219 0.0219)
(0.1387 0.0219 0.0219)
(0.1533 0.0219 0.0219)
(0.1679 0.0219 0.0219)
(0.1825 0.0219 0.0219)
(0.1971 0.0219 0.0219)
(0.2117 0.0219 0.0219)
(0.2263 0.0219 0.0219)
(0.2409 0.0219 0.0219)
(0.2555 0.0219 0.0219)
(0.2701 0.0219 0.0219)
(0.2847 0.0219 0.0219)
(0.2993 0.0219 0.0219)
(0.3139 0.0219 0.0219)
(0.3285 0.0219 0.0219)
(0.3431 0.0219 0.0219)
(0.3577 0.0219 0.0219)
(0.3723 0.0219 0.0219)
(0.3869 0.0219 0.0219)
(0.4015 0.0219 0.0219)
(0.4161 0.0219 0.0219)
(0.4307 0.0219 0.0219)
(0.4453 0.0219 0.0219)
(0.4599 0.0219 0.0219)
(0.4745 0.0219 0.0219)
(0.4891 0.0219 0.0219)
(0.5037 0.0219 0.0219)
(0.5183 0.0219 0.0219)
(0.5329 0.0219 0.0219)
(0.5475 0.0219 0.0219)
(0.5621 0.0219 0.0219)
(0.5767 0.0219 0.0219)
(0.0073 0.0365 0.0219)
(0.0219 0.0365 0.0219)
(0.0365 0.0365 0.0219)
(0.0511 0.0365 0.0219)
(0.0657 0.0365 0.0219)
(0.0803 0.0365 0.0219)
(0.0949 0.0365 0.0219)
(0.1095 0.0365 0.0219)
(0.1241 0.0365 0.0219)
(0.1387 0.0365 0.0219)
(0.1533 0.0365 0.0219)
(0.1679 0.0365 0.0219)
(0.1825 0.0365 0.0219)
(0.1971 0.0365 0.0219)
(0.2117 0.0365 0.0219)
(0.2263 0.0365 0.0219)
(0.2409 0.0365 0.0219)
(0.2555 0.0365 0.0219)
(0.2701 0.0365 0.0219)
(0.2847 0.0365 0.0219)
(0.2993 0.0365 0.0219)
(0.3139 0.0365 0.0219)
(0.3285 0.0365 0.0219)
(0.3431 0.0365 0.0219)
(0.3577 0.0365 0.0219)
(0.3723 0.0365 0.0219)
(0.3869 0.0365 0.0219)
(0.4015 0.0365 0.0219)
(0.4161 0.0365 0.0219)
(0.4307 0.0365 0.0219)
(0.4453 0.0365 0.0219)
(0.4599 0.0365 0.0219)
(0.4745 0.0365 0.0219)
(0.4891 0.0365 0.0219)
(0.5037 0.0365 0.0219)
(0.5183 0.0365 0.0219)
(0.5329 0.0365 0.0219)
(0.5475 0.0365 0.0219)
(0.5621 0.0365 0.0219)
(0.5767 0.0365 0.0219)
(0.0073 0.0511 0.0219)
(0.0219 0.0511 0.0219)
(0.0365 0.0511 0.0219)
(0.0511 0.0511 0.0219)
(0.0657 0.0511 0.0219)
(0.0803 0.0511 0.0219)
(0.0949 0.0511 0.0219)
(0.1095 0.0511 0.0219)
(0.1241 0.0511 0.0219)
(0.1387 0.0511 0.0219)
(0.1533 0.0511 0.0219)
(0.1679 0.0511 0.0219)
(0.1825 0.0511 0.0219)
(0.1971 0.0511 0.0219)
(0.2117 0.0511 0.0219)
(0.2263 0.0511 0.0219)
(0.2409 0.0511 0.0219)
(0.2555 0.0511 0.0219)
(0.2701 0.0511 0.0219)
(0.2847 0.0511 0.0219)
(0.2993 0.0511 0.0219)
(0.3139 0.0511 0.0219)
(0.3285 0.0511 0.0219)
(0.3431 0.0511 0.0219)
(0.3577 0.0511 0.0219)
(0.3723 0.0511 0.0219)
(0.3869 0.0511 0.0219)
(0.4015 0.0511 0.0219)
(0.4161 0.0511 0.0219)
(0.4307 0.0511 0.0219)
(0.4453 0.0511 0.0219)
(0.4599 0.0511 0.0219)
(0.4745 0.0511 0.0219)
(0.4891 0.0511 0.0219)
(0.5037 0.0511 0.0219)
(0.5183 0.0511 0.0219)
(0.5329 0.0511 0.0219)
(0.5475 0.0511 0.0219)
(0.5621 0.0511 0.0219)
(0.5767 0.0511 0.0219)
(0.0073 0.0657 0.0219)
(0.0219 0.0657 0.0219)
(0.0365 0.0657 0.0219)
(0.0511 0.0657 0.0219)
(0.0657 0.0657 0.0219)
(0.0803 0.0657 0.0219)
(0.0949 0.0657 0.0219)
(0.1095 0.0657 0.0219)
(0.1241 0.0657 0.0219)
(0.1387 0.0657 0.0219)
(0.1533 0.0657 0.0219)
(0.1679 0.0657 0.0219)
(0.1825 0.0657 0.0219)
(0.1971 0.0657 0.0219)
(0.2117 0.0657 0.0219)
(0.2263 0.0657 0.0219)
(0.2409 0.0657 0.0219)
(0.2555 0.0657 0.0219)
(0.2701 0.0657 0.0219)
(0.2847 0.0657 0.0219)
(0.2993 0.0657 0.0219)
(0.3139 0.0657 0.0219)
(0.3285 0.0657 0.0219)
(0.3431 0.0657 0.0219)
(0.3577 0.0657 0.0219)
(0.3723 0.0657 0.0219)
(0.3869 0.0657 0.0219)
(0.4015 0.0657 0.0219)
(0.4161 0.0657 0.0219)
(0.4307 0.0657 0.0219)
(0.4453 0.0657 0.0219)
(0.4599 0.0657 0.0219)
(0.4745 0.0657 0.0219)
(0.4891 0.0657 0.0219)
(0.5037 0.0657 0.0219)
(0.5183 0.0657 0.0219)
(0.5329 0.0657 0.0219)
(0.5475 0.0657 0.0219)
(0.5621 0.0657 0.0219)
(0.5767 0.0657 0.0219)
(0.0073 0.0803 0.0219)
(0.0219 0.0803 0.0219)
(0.0365 0.0803 0.0219)
(0.0511 0.0803 0.0219)
(0.0657 0.0803 0.0219)
(0.0803 0.0803 0.0219)
(0.0949 0.0803 0.0219)
(0.1095 0.0803 0.0219)
(0.1241 0.0803 0.0219)
(0.1387 0.0803 0.0219)
(0.1533 0.0803 0.0219)
(0.1679 0.0803 0.0219)
(0.1825 0.0803 0.0219)
(0.1971 0.0803 0.0219)
(0.2117 0.0803 0.0219)
(0.2263 0.0803 0.0219)
(0.2409 0.0803 0.0219)
(0.2555 0.0803 0.0219)
(0.2701 0.0803 0.0219)
(0.2847 0.0803 0.0219)
(0.2993 0.0803 0.0219)
(0.3139 0.0803 0.0219)
(0.3285 0.0803 0.0219)
(0.3431 0.0803 0.0219)
(0.3577 0.0803 0.0219)
(0.3723 0.0803 0.0219)
(0.3869 0.0803 0.0219)
(0.4015 0.0803 0.0219)
(0.4161 0.0803 0.0219)
(0.4307 0.0803 0.0219)
(0.4453 0.0803 0.0219)
(0.4599 0.0803 0.0219)
(0.4745 0.0803 0.0219)
(0.4891 0.0803 0.0219)
(0.5037 0.0803 0.0219)
(0.5183 0.0803 0.0219)
(0.5329 0.0803 0.0219)
(0.5475 0.0803 0.0219)
(0.5621 0.0803 0.0219)
(0.5767 0.0803 0.0219)
(0.0073 0.0949 0.0219)
(0.0219 0.0949 0.0219)
(0.0365 0.0949 0.0219)
(0.0511 0.0949 0.0219)
(0.0657 0.0949 0.0219)
(0.0803 0.0949 0.0219)
(0.0949 0.0949 0.0219)
(0.1095 0.0949 0.0219)
(0.1241 0.0949 0.0219)
(0.1387 0.0949 0.0219)
(0.1533 0.0949 0.0219)
(0.1679 0.0949 0.0219)
(0.1825 0.0949 0.0219)
(0.1971 0.0949 0.0219)
(0.2117 0.0949 0.0219)
(0.2263 0.0949 0.0219)
(0.2409 0.0949 0.0219)
(0.2555 0.0949 0.0219)
(0.2701 0.0949 0.0219)
(0.2847 0.0949 0.0219)
(0.2993 0.0949 0.0219)
(0.3139 0.0949 0.0219)
(0.3285 0.0949 0.0219)
(0.3431 0.0949 0.0219)
(0.3577 0.0949 0.0219)
(0.3723 0.0949 0.0219)
(0.3869 0.0949 0.0219)
(0.4015 0.0949 0.0219)
(0.4161 0.0949 0.0219)
(0.4307 0.0949 0.0219)
(0.4453 0.0949 0.0219)
(0.4599 0.0949 0.0219)
(0.4745 0.0949 0.0219)
(0.4891 0.0949 0.0219)
(0.5037 0.0949 0.0219)
(0.5183 0.0949 0.0219)
(0.5329 0.0949 0.0219)
(0.5475 0.0949 0.0219)
(0.5621 0.0949 0.0219)
(0.5767 0.0949 0.0219)
(0.0073 0.1095 0.0219)
(0.0219 0.1095 0.0219)
(0.0365 0.1095 0.0219)
(0.0511 0.1095 0.0219)
(0.0657 0.1095 0.0219)
(0.0803 0.1095 0.0219)
(0.0949 0.1095 0.0219)
(0.1095 0.1095 0.0219)
(0.1241 0.1095 0.0219)
(0.1387 0.1095 0.0219)
(0.1533 0.1095 0.0219)
(0.1679 0.1095 0.0219)
(0.1825 0.1095 0.0219)
(0.1971 0.1095 0.0219)
(0.2117 0.1095 0.0219)
(0.2263 0.1095 0.0219)
(0.2409 0.1095 0.0219)
(0.2555 0.1095 0.0219)
(0.2701 0.1095 0.0219)
(0.2847 0.1095 0.0219)
(0.2993 0.1095 0.0219)
(0.3139 0.1095 0.0219)
(0.3285 0.1095 0.0219)
(0.3431 0.1095 0.0219)
(0.3577 0.1095 0.0219)
(0.3723 0.1095 0.0219)
(0.3869 0.1095 0.0219)
(0.4015 0.1095 0.0219)
(0.4161 0.1095 0.0219)
(0.4307 0.1095 0.0219)
(0.4453 0.1095 0.0219)
(0.4599 0.1095 0.0219)
(0.4745 0.1095 0.0219)
(0.4891 0.1095 0.0219)
(0.5037 0.1095 0.0219)
(0.5183 0.1095 0.0219)
(0.5329 0.1095 0.0219)
(0.5475 0.1095 0.0219)
(0.5621 0.1095 0.0219)
(0.5767 0.1095 0.0219)
(0.0073 0.1241 0.0219)
(0.0219 0.1241 0.0219)
(0.0365 0.1241 0.0219)
(0.0511 0.1241 0.0219)
(0.0657 0.1241 0.0219)
(0.0803 0.1241 0.0219)
(0.0949 0.1241 0.0219)
(0.1095 0.1241 0.0219)
(0.1241 0.1241 0.0219)
(0.1387 0.1241 0.0219)
(0.1533 0.1241 0.0219)
(0.1679 0.1241 0.0219)
(0.1825 0.1241 0.0219)
(0.1971 0.1241 0.0219)
(0.2117 0.1241 0.0219)
(0.2263 0.1241 0.0219)
(0.2409 0.1241 0.0219)
(0.2555 0.1241 0.0219)
(0.2701 0.1241 0.0219)
(0.2847 0.1241 0.0219)
(0.2993 0.1241 0.0219)
(0.3139 0.1241 0.0219)
(0.3285 0.1241 0.0219)
(0.3431 0.1241 0.0219)
(0.3577 0.1241 0.0219)
(0.3723 0.1241 0.0219)
(0.3869 0.1241 0.0219)
(0.4015 0.1241 0.0219)
(0.4161 0.1241 0.0219)
(0.4307 0.1241 0.0219)
(0.4453 0.1241 0.0219)
(0.4599 0.1241 0.0219)
(0.4745 0.1241 0.0219)
(0.4891 0.1241 0.0219)
(0.5037 0.1241 0.0219)
(0.5183 0.1241 0.0219)
(0.5329 0.1241 0.0219)
(0.5475 0.1241 0.0219)
(0.5621 0.1241 0.0219)
(0.5767 0.1241 0.0219)
(0.0073 0.1387 0.0219)
(0.0219 0.1387 0.0219)
(0.0365 0.1387 0.0219)
(0.0511 0.1387 0.0219)
(0.0657 0.1387 0.0219)
(0.0803 0.1387 0.0219)
(0.0949 0.1387 0.0219)
(0.1095 0.1387 0.0219)
(0.1241 0.1387 0.0219)
(0.1387 0.1387 0.0219)
(0.1533 0.1387 0.0219)
(0.1679 0.1387 0.0219)
(0.1825 0.1387 0.0219)
(0.1971 0.1387 0.0219)
(0.2117 0.1387 0.0219)
(0.2263 0.1387 0.0219)
(0.2409 0.1387 0.0219)
(0.2555 0.1387 0.0219)
(0.2701 0.1387 0.0219)
(0.2847 0.1387 0.0219)
(0.2993 0.1387 0.0219)
(0.3139 0.1387 0.0219)
(0.3285 0.1387 0.0219)
(0.3431 0.1387 0.0219)
(0.3577 0.1387 0.0219)
(0.3723 0.1387 0.0219)
(0.3869 0.1387 0.0219)
(0.4015 0.1387 0.0219)
(0.4161 0.1387 0.0219)
(0.4307 0.1387 0.0219)
(0.4453 0.1387 0.0219)
(0.4599 0.1387 0.0219)
(0.4745 0.1387 0.0219)
(0.4891 0.1387 0.0219)
(0.5037 0.1387 0.0219)
(0.5183 0.1387 0.0219)
(0.5329 0.1387 0.0219)
(0.5475 0.1387 0.0219)
(0.5621 0.1387 0.0219)
(0.5767 0.1387 0.0219)
(0.0073 0.1533 0.0219)
(0.0219 0.1533 0.0219)
(0.0365 0.1533 0.0219)
(0.0511 0.1533 0.0219)
(0.0657 0.1533 0.0219)
(0.0803 0.1533 0.0219)
(0.0949 0.1533 0.0219)
(0.1095 0.1533 0.0219)
(0.1241 0.1533 0.0219)
(0.1387 0.1533 0.0219)
(0.1533 0.1533 0.0219)
(0.1679 0.1533 0.0219)
(0.1825 0.1533 0.0219)
(0.1971 0.1533 0.0219)
(0.2117 0.1533 0.0219)
(0.2263 0.1533 0.0219)
(0.2409 0.1533 0.0219)
(0.2555 0.1533 0.0219)
(0.2701 0.1533 0.0219)
(0.2847 0.1533 0.0219)
(0.2993 0.1533 0.0219)
(0.3139 0.1533 0.0219)
(0.3285 0.1533 0.0219)
(0.3431 0.1533 0.0219)
(0.3577 0.1533 0.0219)
(0.3723 0.1533 0.0219)
(0.3869 0.1533 0.0219)
(0.4015 0.1533 0.0219)
(0.4161 0.1533 0.0219)
(0.4307 0.1533 0.0219)
(0.4453 0.1533 0.0219)
(0.4599 0.1533 0.0219)
(0.4745 0.1533 0.0219)
(0.4891 0.1533 0.0219)
(0.5037 0.1533 0.0219)
(0.5183 0.1533 0.0219)
(0.5329 0.1533 0.0219)
(0.5475 0.1533 0.0219)
(0.5621 0.1533 0.0219)
(0.5767 0.1533 0.0219)
(0.0073 0.1679 0.0219)
(0.0219 0.1679 0.0219)
(0.0365 0.1679 0.0219)
(0.0511 0.1679 0.0219)
(0.0657 0.1679 0.0219)
(0.0803 0.1679 0.0219)
(0.0949 0.1679 0.0219)
(0.1095 0.1679 0.0219)
(0.1241 0.1679 0.0219)
(0.1387 0.1679 0.0219)
(0.1533 0.1679 0.0219)
(0.1679 0.1679 0.0219)
(0.1825 0.1679 0.0219)
(0.1971 0.1679 0.0219)
(0.2117 0.1679 0.0219)
(0.2263 0.1679 0.0219)
(0.2409 0.1679 0.0219)
(0.2555 0.1679 0.0219)
(0.2701 0.1679 0.0219)
(0.2847 0.1679 0.0219)
(0.2993 0.1679 0.0219)
(0.3139 0.1679 0.0219)
(0.3285 0.1679 0.0219)
(0.3431 0.1679 0.0219)
(0.3577 0.1679 0.0219)
(0.3723 0.1679 0.0219)
(0.3869 0.1679 0.0219)
(0.4015 0.1679 0.0219)
(0.4161 0.1679 0.0219)
(0.4307 0.1679 0.0219)
(0.4453 0.1679 0.0219)
(0.4599 0.1679 0.0219)
(0.4745 0.1679 0.0219)
(0.4891 0.1679 0.0219)
(0.5037 0.1679 0.0219)
(0.5183 0.1679 0.0219)
(0.5329 0.1679 0.0219)
(0.5475 0.1679 0.0219)
(0.5621 0.1679 0.0219)
(0.5767 0.1679 0.0219)
(0.0073 0.1825 0.0219)
(0.0219 0.1825 0.0219)
(0.0365 0.1825 0.0219)
(0.0511 0.1825 0.0219)
(0.0657 0.1825 0.0219)
(0.0803 0.1825 0.0219)
(0.0949 0.1825 0.0219)
(0.1095 0.1825 0.0219)
(0.1241 0.1825 0.0219)
(0.1387 0.1825 0.0219)
(0.1533 0.1825 0.0219)
(0.1679 0.1825 0.0219)
(0.1825 0.1825 0.0219)
(0.1971 0.1825 0.0219)
(0.2117 0.1825 0.0219)
(0.2263 0.1825 0.0219)
(0.2409 0.1825 0.0219)
(0.2555 0.1825 0.0219)
(0.2701 0.1825 0.0219)
(0.2847 0.1825 0.0219)
(0.2993 0.1825 0.0219)
(0.3139 0.1825 0.0219)
(0.3285 0.1825 0.0219)
(0.3431 0.1825 0.0219)
(0.3577 0.1825 0.0219)
(0.3723 0.1825 0.0219)
(0.3869 0.1825 0.0219)
(0.4015 0.1825 0.0219)
(0.4161 0.1825 0.0219)
(0.4307 0.1825 0.0219)
(0.4453 0.1825 0.0219)
(0.4599 0.1825 0.0219)
(0.4745 0.1825 0.0219)
(0.4891 0.1825 0.0219)
(0.5037 0.1825 0.0219)
(0.5183 0.1825 0.0219)
(0.5329 0.1825 0.0219)
(0.5475 0.1825 0.0219)
(0.5621 0.1825 0.0219)
(0.5767 0.1825 0.0219)
(0.0073 0.1971 0.0219)
(0.0219 0.1971 0.0219)
(0.0365 0.1971 0.0219)
(0.0511 0.1971 0.0219)
(0.0657 0.1971 0.0219)
(0.0803 0.1971 0.0219)
(0.0949 0.1971 0.0219)
(0.1095 0.1971 0.0219)
(0.1241 0.1971 0.0219)
(0.1387 0.1971 0.0219)
(0.1533 0.1971 0.0219)
(0.1679 0.1971 0.0219)
(0.1825 0.1971 0.0219)
(0.1971 0.1971 0.0219)
(0.2117 0.1971 0.0219)
(0.2263 0.1971 0.0219)
(0.2409 0.1971 0.0219)
(0.2555 0.1971 0.0219)
(0.2701 0.1971 0.0219)
(0.2847 0.1971 0.0219)
(0.2993 0.1971 0.0219)
(0.3139 0.1971 0.0219)
(0.3285 0.1971 0.0219)
(0.3431 0.1971 0.0219)
(0.3577 0.1971 0.0219)
(0.3723 0.1971 0.0219)
(0.3869 0.1971 0.0219)
(0.4015 0.1971 0.0219)
(0.4161 0.1971 0.0219)
(0.4307 0.1971 0.0219)
(0.4453 0.1971 0.0219)
(0.4599 0.1971 0.0219)
(0.4745 0.1971 0.0219)
(0.4891 0.1971 0.0219)
(0.5037 0.1971 0.0219)
(0.5183 0.1971 0.0219)
(0.5329 0.1971 0.0219)
(0.5475 0.1971 0.0219)
(0.5621 0.1971 0.0219)
(0.5767 0.1971 0.0219)
(0.0073 0.2117 0.0219)
(0.0219 0.2117 0.0219)
(0.0365 0.2117 0.0219)
(0.0511 0.2117 0.0219)
(0.0657 0.2117 0.0219)
(0.0803 0.2117 0.0219)
(0.0949 0.2117 0.0219)
(0.1095 0.2117 0.0219)
(0.1241 0.2117 0.0219)
(0.1387 0.2117 0.0219)
(0.1533 0.2117 0.0219)
(0.1679 0.2117 0.0219)
(0.1825 0.2117 0.0219)
(0.1971 0.2117 0.0219)
(0.2117 0.2117 0.0219)
(0.2263 0.2117 0.0219)
(0.2409 0.2117 0.0219)
(0.2555 0.2117 0.0219)
(0.2701 0.2117 0.0219)
(0.2847 0.2117 0.0219)
(0.2993 0.2117 0.0219)
(0.3139 0.2117 0.0219)
(0.3285 0.2117 0.0219)
(0.3431 0.2117 0.0219)
(0.3577 0.2117 0.0219)
(0.3723 0.2117 0.0219)
(0.3869 0.2117 0.0219)
(0.4015 0.2117 0.0219)
(0.4161 0.2117 0.0219)
(0.4307 0.2117 0.0219)
(0.4453 0.2117 0.0219)
(0.4599 0.2117 0.0219)
(0.4745 0.2117 0.0219)
(0.4891 0.2117 0.0219)
(0.5037 0.2117 0.0219)
(0.5183 0.2117 0.0219)
(0.5329 0.2117 0.0219)
(0.5475 0.2117 0.0219)
(0.5621 0.2117 0.0219)
(0.5767 0.2117 0.0219)
(0.0073 0.2263 0.0219)
(0.0219 0.2263 0.0219)
(0.0365 0.2263 0.0219)
(0.0511 0.2263 0.0219)
(0.0657 0.2263 0.0219)
(0.0803 0.2263 0.0219)
(0.0949 0.2263 0.0219)
(0.1095 0.2263 0.0219)
(0.1241 0.2263 0.0219)
(0.1387 0.2263 0.0219)
(0.1533 0.2263 0.0219)
(0.1679 0.2263 0.0219)
(0.1825 0.2263 0.0219)
(0.1971 0.2263 0.0219)
(0.2117 0.2263 0.0219)
(0.2263 0.2263 0.0219)
(0.2409 0.2263 0.0219)
(0.2555 0.2263 0.0219)
(0.2701 0.2263 0.0219)
(0.2847 0.2263 0.0219)
(0.2993 0.2263 0.0219)
(0.3139 0.2263 0.0219)
(0.3285 0.2263 0.0219)
(0.3431 0.2263 0.0219)
(0.3577 0.2263 0.0219)
(0.3723 0.2263 0.0219)
(0.3869 0.2263 0.0219)
(0.4015 0.2263 0.0219)
(0.4161 0.2263 0.0219)
(0.4307 0.2263 0.0219)
(0.4453 0.2263 0.0219)
(0.4599 0.2263 0.0219)
(0.4745 0.2263 0.0219)
(0.4891 0.2263 0.0219)
(0.5037 0.2263 0.0219)
(0.5183 0.2263 0.0219)
(0.5329 0.2263 0.0219)
(0.5475 0.2263 0.0219)
(0.5621 0.2263 0.0219)
(0.5767 0.2263 0.0219)
(0.0073 0.2409 0.0219)
(0.0219 0.2409 0.0219)
(0.0365 0.2409 0.0219)
(0.0511 0.2409 0.0219)
(0.0657 0.2409 0.0219)
(0.0803 0.2409 0.0219)
(0.0949 0.2409 0.0219)
(0.1095 0.2409 0.0219)
(0.1241 0.2409 0.0219)
(0.1387 0.2409 0.0219)
(0.1533 0.2409 0.0219)
(0.1679 0.2409 0.0219)
(0.1825 0.2409 0.0219)
(0.1971 0.2409 0.0219)
(0.2117 0.2409 0.0219)
(0.2263 0.2409 0.0219)
(0.2409 0.2409 0.0219)
(0.2555 0.2409 0.0219)
(0.2701 0.2409 0.0219)
(0.2847 0.2409 0.0219)
(0.2993 0.2409 0.0219)
(0.3139 0.2409 0.0219)
(0.3285 0.2409 0.0219)
(0.3431 0.2409 0.0219)
(0.3577 0.2409 0.0219)
(0.3723 0.2409 0.0219)
(0.3869 0.2409 0.0219)
(0.4015 0.2409 0.0219)
(0.4161 0.2409 0.0219)
(0.4307 0.2409 0.0219)
(0.4453 0.2409 0.0219)
(0.4599 0.2409 0.0219)
(0.4745 0.2409 0.0219)
(0.4891 0.2409 0.0219)
(0.5037 0.2409 0.0219)
(0.5183 0.2409 0.0219)
(0.5329 0.2409 0.0219)
(0.5475 0.2409 0.0219)
(0.5621 0.2409 0.0219)
(0.5767 0.2409 0.0219)
(0.0073 0.2555 0.0219)
(0.0219 0.2555 0.0219)
(0.0365 0.2555 0.0219)
(0.0511 0.2555 0.0219)
(0.0657 0.2555 0.0219)
(0.0803 0.2555 0.0219)
(0.0949 0.2555 0.0219)
(0.1095 0.2555 0.0219)
(0.1241 0.2555 0.0219)
(0.1387 0.2555 0.0219)
(0.1533 0.2555 0.0219)
(0.1679 0.2555 0.0219)
(0.1825 0.2555 0.0219)
(0.1971 0.2555 0.0219)
(0.2117 0.2555 0.0219)
(0.2263 0.2555 0.0219)
(0.2409 0.2555 0.0219)
(0.2555 0.2555 0.0219)
(0.2701 0.2555 0.0219)
(0.2847 0.2555 0.0219)
(0.2993 0.2555 0.0219)
(0.3139 0.2555 0.0219)
(0.3285 0.2555 0.0219)
(0.3431 0.2555 0.0219)
(0.3577 0.2555 0.0219)
(0.3723 0.2555 0.0219)
(0.3869 0.2555 0.0219)
(0.4015 0.2555 0.0219)
(0.4161 0.2555 0.0219)
(0.4307 0.2555 0.0219)
(0.4453 0.2555 0.0219)
(0.4599 0.2555 0.0219)
(0.4745 0.2555 0.0219)
(0.4891 0.2555 0.0219)
(0.5037 0.2555 0.0219)
(0.5183 0.2555 0.0219)
(0.5329 0.2555 0.0219)
(0.5475 0.2555 0.0219)
(0.5621 0.2555 0.0219)
(0.5767 0.2555 0.0219)
(0.0073 0.2701 0.0219)
(0.0219 0.2701 0.0219)
(0.0365 0.2701 0.0219)
(0.0511 0.2701 0.0219)
(0.0657 0.2701 0.0219)
(0.0803 0.2701 0.0219)
(0.0949 0.2701 0.0219)
(0.1095 0.2701 0.0219)
(0.1241 0.2701 0.0219)
(0.1387 0.2701 0.0219)
(0.1533 0.2701 0.0219)
(0.1679 0.2701 0.0219)
(0.1825 0.2701 0.0219)
(0.1971 0.2701 0.0219)
(0.2117 0.2701 0.0219)
(0.2263 0.2701 0.0219)
(0.2409 0.2701 0.0219)
(0.2555 0.2701 0.0219)
(0.2701 0.2701 0.0219)
(0.2847 0.2701 0.0219)
(0.2993 0.2701 0.0219)
(0.3139 0.2701 0.0219)
(0.3285 0.2701 0.0219)
(0.3431 0.2701 0.0219)
(0.3577 0.2701 0.0219)
(0.3723 0.2701 0.0219)
(0.3869 0.2701 0.0219)
(0.4015 0.2701 0.0219)
(0.4161 0.2701 0.0219)
(0.4307 0.2701 0.0219)
(0.4453 0.2701 0.0219)
(0.4599 0.2701 0.0219)
(0.4745 0.2701 0.0219)
(0.4891 0.2701 0.0219)
(0.5037 0.2701 0.0219)
(0.5183 0.2701 0.0219)
(0.5329 0.2701 0.0219)
(0.5475 0.2701 0.0219)
(0.5621 0.2701 0.0219)
(0.5767 0.2701 0.0219)
(0.0073 0.2847 0.0219)
(0.0219 0.2847 0.0219)
(0.0365 0.2847 0.0219)
(0.0511 0.2847 0.0219)
(0.0657 0.2847 0.0219)
(0.0803 0.2847 0.0219)
(0.0949 0.2847 0.0219)
(0.1095 0.2847 0.0219)
(0.1241 0.2847 0.0219)
(0.1387 0.2847 0.0219)
(0.1533 0.2847 0.0219)
(0.1679 0.2847 0.0219)
(0.1825 0.2847 0.0219)
(0.1971 0.2847 0.0219)
(0.2117 0.2847 0.0219)
(0.2263 0.2847 0.0219)
(0.2409 0.2847 0.0219)
(0.2555 0.2847 0.0219)
(0.2701 0.2847 0.0219)
(0.2847 0.2847 0.0219)
(0.2993 0.2847 0.0219)
(0.3139 0.2847 0.0219)
(0.3285 0.2847 0.0219)
(0.3431 0.2847 0.0219)
(0.3577 0.2847 0.0219)
(0.3723 0.2847 0.0219)
(0.3869 0.2847 0.0219)
(0.4015 0.2847 0.0219)
(0.4161 0.2847 0.0219)
(0.4307 0.2847 0.0219)
(0.4453 0.2847 0.0219)
(0.4599 0.2847 0.0219)
(0.4745 0.2847 0.0219)
(0.4891 0.2847 0.0219)
(0.5037 0.2847 0.0219)
(0.5183 0.2847 0.0219)
(0.5329 0.2847 0.0219)
(0.5475 0.2847 0.0219)
(0.5621 0.2847 0.0219)
(0.5767 0.2847 0.0219)
(0.0073 0.2993 0.0219)
(0.0219 0.2993 0.0219)
(0.0365 0.2993 0.0219)
(0.0511 0.2993 0.0219)
(0.0657 0.2993 0.0219)
(0.0803 0.2993 0.0219)
(0.0949 0.2993 0.0219)
(0.1095 0.2993 0.0219)
(0.1241 0.2993 0.0219)
(0.1387 0.2993 0.0219)
(0.1533 0.2993 0.0219)
(0.1679 0.2993 0.0219)
(0.1825 0.2993 0.0219)
(0.1971 0.2993 0.0219)
(0.2117 0.2993 0.0219)
(0.2263 0.2993 0.0219)
(0.2409 0.2993 0.0219)
(0.2555 0.2993 0.0219)
(0.2701 0.2993 0.0219)
(0.2847 0.2993 0.0219)
(0.2993 0.2993 0.0219)
(0.3139 0.2993 0.0219)
(0.3285 0.2993 0.0219)
(0.3431 0.2993 0.0219)
(0.3577 0.2993 0.0219)
(0.3723 0.2993 0.0219)
(0.3869 0.2993 0.0219)
(0.4015 0.2993 0.0219)
(0.4161 0.2993 0.0219)
(0.4307 0.2993 0.0219)
(0.4453 0.2993 0.0219)
(0.4599 0.2993 0.0219)
(0.4745 0.2993 0.0219)
(0.4891 0.2993 0.0219)
(0.5037 0.2993 0.0219)
(0.5183 0.2993 0.0219)
(0.5329 0.2993 0.0219)
(0.5475 0.2993 0.0219)
(0.5621 0.2993 0.0219)
(0.5767 0.2993 0.0219)
(0.0073 0.3139 0.0219)
(0.0219 0.3139 0.0219)
(0.0365 0.3139 0.0219)
(0.0511 0.3139 0.0219)
(0.0657 0.3139 0.0219)
(0.0803 0.3139 0.0219)
(0.0949 0.3139 0.0219)
(0.1095 0.3139 0.0219)
(0.1241 0.3139 0.0219)
(0.1387 0.3139 0.0219)
(0.1533 0.3139 0.0219)
(0.1679 0.3139 0.0219)
(0.1825 0.3139 0.0219)
(0.1971 0.3139 0.0219)
(0.2117 0.3139 0.0219)
(0.2263 0.3139 0.0219)
(0.2409 0.3139 0.0219)
(0.2555 0.3139 0.0219)
(0.2701 0.3139 0.0219)
(0.2847 0.3139 0.0219)
(0.2993 0.3139 0.0219)
(0.3139 0.3139 0.0219)
(0.3285 0.3139 0.0219)
(0.3431 0.3139 0.0219)
(0.3577 0.3139 0.0219)
(0.3723 0.3139 0.0219)
(0.3869 0.3139 0.0219)
(0.4015 0.3139 0.0219)
(0.4161 0.3139 0.0219)
(0.4307 0.3139 0.0219)
(0.4453 0.3139 0.0219)
(0.4599 0.3139 0.0219)
(0.4745 0.3139 0.0219)
(0.4891 0.3139 0.0219)
(0.5037 0.3139 0.0219)
(0.5183 0.3139 0.0219)
(0.5329 0.3139 0.0219)
(0.5475 0.3139 0.0219)
(0.5621 0.3139 0.0219)
(0.5767 0.3139 0.0219)
(0.0073 0.3285 0.0219)
(0.0219 0.3285 0.0219)
(0.0365 0.3285 0.0219)
(0.0511 0.3285 0.0219)
(0.0657 0.3285 0.0219)
(0.0803 0.3285 0.0219)
(0.0949 0.3285 0.0219)
(0.1095 0.3285 0.0219)
(0.1241 0.3285 0.0219)
(0.1387 0.3285 0.0219)
(0.1533 0.3285 0.0219)
(0.1679 0.3285 0.0219)
(0.1825 0.3285 0.0219)
(0.1971 0.3285 0.0219)
(0.2117 0.3285 0.0219)
(0.2263 0.3285 0.0219)
(0.2409 0.3285 0.0219)
(0.2555 0.3285 0.0219)
(0.2701 0.3285 0.0219)
(0.2847 0.3285 0.0219)
(0.2993 0.3285 0.0219)
(0.3139 0.3285 0.0219)
(0.3285 0.3285 0.0219)
(0.3431 0.3285 0.0219)
(0.3577 0.3285 0.0219)
(0.3723 0.3285 0.0219)
(0.3869 0.3285 0.0219)
(0.4015 0.3285 0.0219)
(0.4161 0.3285 0.0219)
(0.4307 0.3285 0.0219)
(0.4453 0.3285 0.0219)
(0.4599 0.3285 0.0219)
(0.4745 0.3285 0.0219)
(0.4891 0.3285 0.0219)
(0.5037 0.3285 0.0219)
(0.5183 0.3285 0.0219)
(0.5329 0.3285 0.0219)
(0.5475 0.3285 0.0219)
(0.5621 0.3285 0.0219)
(0.5767 0.3285 0.0219)
(0.0073 0.3431 0.0219)
(0.0219 0.3431 0.0219)
(0.0365 0.3431 0.0219)
(0.0511 0.3431 0.0219)
(0.0657 0.3431 0.0219)
(0.0803 0.3431 0.0219)
(0.0949 0.3431 0.0219)
(0.1095 0.3431 0.0219)
(0.1241 0.3431 0.0219)
(0.1387 0.3431 0.0219)
(0.1533 0.3431 0.0219)
(0.1679 0.3431 0.0219)
(0.1825 0.3431 0.0219)
(0.1971 0.3431 0.0219)
(0.2117 0.3431 0.0219)
(0.2263 0.3431 0.0219)
(0.2409 0.3431 0.0219)
(0.2555 0.3431 0.0219)
(0.2701 0.3431 0.0219)
(0.2847 0.3431 0.0219)
(0.2993 0.3431 0.0219)
(0.3139 0.3431 0.0219)
(0.3285 0.3431 0.0219)
(0.3431 0.3431 0.0219)
(0.3577 0.3431 0.0219)
(0.3723 0.3431 0.0219)
(0.3869 0.3431 0.0219)
(0.4015 0.3431 0.0219)
(0.4161 0.3431 0.0219)
(0.4307 0.3431 0.0219)
(0.4453 0.3431 0.0219)
(0.4599 0.3431 0.0219)
(0.4745 0.3431 0.0219)
(0.4891 0.3431 0.0219)
(0.5037 0.3431 0.0219)
(0.5183 0.3431 0.0219)
(0.5329 0.3431 0.0219)
(0.5475 0.3431 0.0219)
(0.5621 0.3431 0.0219)
(0.5767 0.3431 0.0219)
(0.0073 0.3577 0.0219)
(0.0219 0.3577 0.0219)
(0.0365 0.3577 0.0219)
(0.0511 0.3577 0.0219)
(0.0657 0.3577 0.0219)
(0.0803 0.3577 0.0219)
(0.0949 0.3577 0.0219)
(0.1095 0.3577 0.0219)
(0.1241 0.3577 0.0219)
(0.1387 0.3577 0.0219)
(0.1533 0.3577 0.0219)
(0.1679 0.3577 0.0219)
(0.1825 0.3577 0.0219)
(0.1971 0.3577 0.0219)
(0.2117 0.3577 0.0219)
(0.2263 0.3577 0.0219)
(0.2409 0.3577 0.0219)
(0.2555 0.3577 0.0219)
(0.2701 0.3577 0.0219)
(0.2847 0.3577 0.0219)
(0.2993 0.3577 0.0219)
(0.3139 0.3577 0.0219)
(0.3285 0.3577 0.0219)
(0.3431 0.3577 0.0219)
(0.3577 0.3577 0.0219)
(0.3723 0.3577 0.0219)
(0.3869 0.3577 0.0219)
(0.4015 0.3577 0.0219)
(0.4161 0.3577 0.0219)
(0.4307 0.3577 0.0219)
(0.4453 0.3577 0.0219)
(0.4599 0.3577 0.0219)
(0.4745 0.3577 0.0219)
(0.4891 0.3577 0.0219)
(0.5037 0.3577 0.0219)
(0.5183 0.3577 0.0219)
(0.5329 0.3577 0.0219)
(0.5475 0.3577 0.0219)
(0.5621 0.3577 0.0219)
(0.5767 0.3577 0.0219)
(0.0073 0.3723 0.0219)
(0.0219 0.3723 0.0219)
(0.0365 0.3723 0.0219)
(0.0511 0.3723 0.0219)
(0.0657 0.3723 0.0219)
(0.0803 0.3723 0.0219)
(0.0949 0.3723 0.0219)
(0.1095 0.3723 0.0219)
(0.1241 0.3723 0.0219)
(0.1387 0.3723 0.0219)
(0.1533 0.3723 0.0219)
(0.1679 0.3723 0.0219)
(0.1825 0.3723 0.0219)
(0.1971 0.3723 0.0219)
(0.2117 0.3723 0.0219)
(0.2263 0.3723 0.0219)
(0.2409 0.3723 0.0219)
(0.2555 0.3723 0.0219)
(0.2701 0.3723 0.0219)
(0.2847 0.3723 0.0219)
(0.2993 0.3723 0.0219)
(0.3139 0.3723 0.0219)
(0.3285 0.3723 0.0219)
(0.3431 0.3723 0.0219)
(0.3577 0.3723 0.0219)
(0.3723 0.3723 0.0219)
(0.3869 0.3723 0.0219)
(0.4015 0.3723 0.0219)
(0.4161 0.3723 0.0219)
(0.4307 0.3723 0.0219)
(0.4453 0.3723 0.0219)
(0.4599 0.3723 0.0219)
(0.4745 0.3723 0.0219)
(0.4891 0.3723 0.0219)
(0.5037 0.3723 0.0219)
(0.5183 0.3723 0.0219)
(0.5329 0.3723 0.0219)
(0.5475 0.3723 0.0219)
(0.5621 0.3723 0.0219)
(0.5767 0.3723 0.0219)
(0.0073 0.3869 0.0219)
(0.0219 0.3869 0.0219)
(0.0365 0.3869 0.0219)
(0.0511 0.3869 0.0219)
(0.0657 0.3869 0.0219)
(0.0803 0.3869 0.0219)
(0.0949 0.3869 0.0219)
(0.1095 0.3869 0.0219)
(0.1241 0.3869 0.0219)
(0.1387 0.3869 0.0219)
(0.1533 0.3869 0.0219)
(0.1679 0.3869 0.0219)
(0.1825 0.3869 0.0219)
(0.1971 0.3869 0.0219)
(0.2117 0.3869 0.0219)
(0.2263 0.3869 0.0219)
(0.2409 0.3869 0.0219)
(0.2555 0.3869 0.0219)
(0.2701 0.3869 0.0219)
(0.2847 0.3869 0.0219)
(0.2993 0.3869 0.0219)
(0.3139 0.3869 0.0219)
(0.3285 0.3869 0.0219)
(0.3431 0.3869 0.0219)
(0.3577 0.3869 0.0219)
(0.3723 0.3869 0.0219)
(0.3869 0.3869 0.0219)
(0.4015 0.3869 0.0219)
(0.4161 0.3869 0.0219)
(0.4307 0.3869 0.0219)
(0.4453 0.3869 0.0219)
(0.4599 0.3869 0.0219)
(0.4745 0.3869 0.0219)
(0.4891 0.3869 0.0219)
(0.5037 0.3869 0.0219)
(0.5183 0.3869 0.0219)
(0.5329 0.3869 0.0219)
(0.5475 0.3869 0.0219)
(0.5621 0.3869 0.0219)
(0.5767 0.3869 0.0219)
(0.0073 0.4015 0.0219)
(0.0219 0.4015 0.0219)
(0.0365 0.4015 0.0219)
(0.0511 0.4015 0.0219)
(0.0657 0.4015 0.0219)
(0.0803 0.4015 0.0219)
(0.0949 0.4015 0.0219)
(0.1095 0.4015 0.0219)
(0.1241 0.4015 0.0219)
(0.1387 0.4015 0.0219)
(0.1533 0.4015 0.0219)
(0.1679 0.4015 0.0219)
(0.1825 0.4015 0.0219)
(0.1971 0.4015 0.0219)
(0.2117 0.4015 0.0219)
(0.2263 0.4015 0.0219)
(0.2409 0.4015 0.0219)
(0.2555 0.4015 0.0219)
(0.2701 0.4015 0.0219)
(0.2847 0.4015 0.0219)
(0.2993 0.4015 0.0219)
(0.3139 0.4015 0.0219)
(0.3285 0.4015 0.0219)
(0.3431 0.4015 0.0219)
(0.3577 0.4015 0.0219)
(0.3723 0.4015 0.0219)
(0.3869 0.4015 0.0219)
(0.4015 0.4015 0.0219)
(0.4161 0.4015 0.0219)
(0.4307 0.4015 0.0219)
(0.4453 0.4015 0.0219)
(0.4599 0.4015 0.0219)
(0.4745 0.4015 0.0219)
(0.4891 0.4015 0.0219)
(0.5037 0.4015 0.0219)
(0.5183 0.4015 0.0219)
(0.5329 0.4015 0.0219)
(0.5475 0.4015 0.0219)
(0.5621 0.4015 0.0219)
(0.5767 0.4015 0.0219)
(0.0073 0.4161 0.0219)
(0.0219 0.4161 0.0219)
(0.0365 0.4161 0.0219)
(0.0511 0.4161 0.0219)
(0.0657 0.4161 0.0219)
(0.0803 0.4161 0.0219)
(0.0949 0.4161 0.0219)
(0.1095 0.4161 0.0219)
(0.1241 0.4161 0.0219)
(0.1387 0.4161 0.0219)
(0.1533 0.4161 0.0219)
(0.1679 0.4161 0.0219)
(0.1825 0.4161 0.0219)
(0.1971 0.4161 0.0219)
(0.2117 0.4161 0.0219)
(0.2263 0.4161 0.0219)
(0.2409 0.4161 0.0219)
(0.2555 0.4161 0.0219)
(0.2701 0.4161 0.0219)
(0.2847 0.4161 0.0219)
(0.2993 0.4161 0.0219)
(0.3139 0.4161 0.0219)
(0.3285 0.4161 0.0219)
(0.3431 0.4161 0.0219)
(0.3577 0.4161 0.0219)
(0.3723 0.4161 0.0219)
(0.3869 0.4161 0.0219)
(0.4015 0.4161 0.0219)
(0.4161 0.4161 0.0219)
(0.4307 0.4161 0.0219)
(0.4453 0.4161 0.0219)
(0.4599 0.4161 0.0219)
(0.4745 0.4161 0.0219)
(0.4891 0.4161 0.0219)
(0.5037 0.4161 0.0219)
(0.5183 0.4161 0.0219)
(0.5329 0.4161 0.0219)
(0.5475 0.4161 0.0219)
(0.5621 0.4161 0.0219)
(0.5767 0.4161 0.0219)
(0.0073 0.4307 0.0219)
(0.0219 0.4307 0.0219)
(0.0365 0.4307 0.0219)
(0.0511 0.4307 0.0219)
(0.0657 0.4307 0.0219)
(0.0803 0.4307 0.0219)
(0.0949 0.4307 0.0219)
(0.1095 0.4307 0.0219)
(0.1241 0.4307 0.0219)
(0.1387 0.4307 0.0219)
(0.1533 0.4307 0.0219)
(0.1679 0.4307 0.0219)
(0.1825 0.4307 0.0219)
(0.1971 0.4307 0.0219)
(0.2117 0.4307 0.0219)
(0.2263 0.4307 0.0219)
(0.2409 0.4307 0.0219)
(0.2555 0.4307 0.0219)
(0.2701 0.4307 0.0219)
(0.2847 0.4307 0.0219)
(0.2993 0.4307 0.0219)
(0.3139 0.4307 0.0219)
(0.3285 0.4307 0.0219)
(0.3431 0.4307 0.0219)
(0.3577 0.4307 0.0219)
(0.3723 0.4307 0.0219)
(0.3869 0.4307 0.0219)
(0.4015 0.4307 0.0219)
(0.4161 0.4307 0.0219)
(0.4307 0.4307 0.0219)
(0.4453 0.4307 0.0219)
(0.4599 0.4307 0.0219)
(0.4745 0.4307 0.0219)
(0.4891 0.4307 0.0219)
(0.5037 0.4307 0.0219)
(0.5183 0.4307 0.0219)
(0.5329 0.4307 0.0219)
(0.5475 0.4307 0.0219)
(0.5621 0.4307 0.0219)
(0.5767 0.4307 0.0219)
(0.0073 0.4453 0.0219)
(0.0219 0.4453 0.0219)
(0.0365 0.4453 0.0219)
(0.0511 0.4453 0.0219)
(0.0657 0.4453 0.0219)
(0.0803 0.4453 0.0219)
(0.0949 0.4453 0.0219)
(0.1095 0.4453 0.0219)
(0.1241 0.4453 0.0219)
(0.1387 0.4453 0.0219)
(0.1533 0.4453 0.0219)
(0.1679 0.4453 0.0219)
(0.1825 0.4453 0.0219)
(0.1971 0.4453 0.0219)
(0.2117 0.4453 0.0219)
(0.2263 0.4453 0.0219)
(0.2409 0.4453 0.0219)
(0.2555 0.4453 0.0219)
(0.2701 0.4453 0.0219)
(0.2847 0.4453 0.0219)
(0.2993 0.4453 0.0219)
(0.3139 0.4453 0.0219)
(0.3285 0.4453 0.0219)
(0.3431 0.4453 0.0219)
(0.3577 0.4453 0.0219)
(0.3723 0.4453 0.0219)
(0.3869 0.4453 0.0219)
(0.4015 0.4453 0.0219)
(0.4161 0.4453 0.0219)
(0.4307 0.4453 0.0219)
(0.4453 0.4453 0.0219)
(0.4599 0.4453 0.0219)
(0.4745 0.4453 0.0219)
(0.4891 0.4453 0.0219)
(0.5037 0.4453 0.0219)
(0.5183 0.4453 0.0219)
(0.5329 0.4453 0.0219)
(0.5475 0.4453 0.0219)
(0.5621 0.4453 0.0219)
(0.5767 0.4453 0.0219)
(0.0073 0.4599 0.0219)
(0.0219 0.4599 0.0219)
(0.0365 0.4599 0.0219)
(0.0511 0.4599 0.0219)
(0.0657 0.4599 0.0219)
(0.0803 0.4599 0.0219)
(0.0949 0.4599 0.0219)
(0.1095 0.4599 0.0219)
(0.1241 0.4599 0.0219)
(0.1387 0.4599 0.0219)
(0.1533 0.4599 0.0219)
(0.1679 0.4599 0.0219)
(0.1825 0.4599 0.0219)
(0.1971 0.4599 0.0219)
(0.2117 0.4599 0.0219)
(0.2263 0.4599 0.0219)
(0.2409 0.4599 0.0219)
(0.2555 0.4599 0.0219)
(0.2701 0.4599 0.0219)
(0.2847 0.4599 0.0219)
(0.2993 0.4599 0.0219)
(0.3139 0.4599 0.0219)
(0.3285 0.4599 0.0219)
(0.3431 0.4599 0.0219)
(0.3577 0.4599 0.0219)
(0.3723 0.4599 0.0219)
(0.3869 0.4599 0.0219)
(0.4015 0.4599 0.0219)
(0.4161 0.4599 0.0219)
(0.4307 0.4599 0.0219)
(0.4453 0.4599 0.0219)
(0.4599 0.4599 0.0219)
(0.4745 0.4599 0.0219)
(0.4891 0.4599 0.0219)
(0.5037 0.4599 0.0219)
(0.5183 0.4599 0.0219)
(0.5329 0.4599 0.0219)
(0.5475 0.4599 0.0219)
(0.5621 0.4599 0.0219)
(0.5767 0.4599 0.0219)
(0.0073 0.4745 0.0219)
(0.0219 0.4745 0.0219)
(0.0365 0.4745 0.0219)
(0.0511 0.4745 0.0219)
(0.0657 0.4745 0.0219)
(0.0803 0.4745 0.0219)
(0.0949 0.4745 0.0219)
(0.1095 0.4745 0.0219)
(0.1241 0.4745 0.0219)
(0.1387 0.4745 0.0219)
(0.1533 0.4745 0.0219)
(0.1679 0.4745 0.0219)
(0.1825 0.4745 0.0219)
(0.1971 0.4745 0.0219)
(0.2117 0.4745 0.0219)
(0.2263 0.4745 0.0219)
(0.2409 0.4745 0.0219)
(0.2555 0.4745 0.0219)
(0.2701 0.4745 0.0219)
(0.2847 0.4745 0.0219)
(0.2993 0.4745 0.0219)
(0.3139 0.4745 0.0219)
(0.3285 0.4745 0.0219)
(0.3431 0.4745 0.0219)
(0.3577 0.4745 0.0219)
(0.3723 0.4745 0.0219)
(0.3869 0.4745 0.0219)
(0.4015 0.4745 0.0219)
(0.4161 0.4745 0.0219)
(0.4307 0.4745 0.0219)
(0.4453 0.4745 0.0219)
(0.4599 0.4745 0.0219)
(0.4745 0.4745 0.0219)
(0.4891 0.4745 0.0219)
(0.5037 0.4745 0.0219)
(0.5183 0.4745 0.0219)
(0.5329 0.4745 0.0219)
(0.5475 0.4745 0.0219)
(0.5621 0.4745 0.0219)
(0.5767 0.4745 0.0219)
(0.0073 0.4891 0.0219)
(0.0219 0.4891 0.0219)
(0.0365 0.4891 0.0219)
(0.0511 0.4891 0.0219)
(0.0657 0.4891 0.0219)
(0.0803 0.4891 0.0219)
(0.0949 0.4891 0.0219)
(0.1095 0.4891 0.0219)
(0.1241 0.4891 0.0219)
(0.1387 0.4891 0.0219)
(0.1533 0.4891 0.0219)
(0.1679 0.4891 0.0219)
(0.1825 0.4891 0.0219)
(0.1971 0.4891 0.0219)
(0.2117 0.4891 0.0219)
(0.2263 0.4891 0.0219)
(0.2409 0.4891 0.0219)
(0.2555 0.4891 0.0219)
(0.2701 0.4891 0.0219)
(0.2847 0.4891 0.0219)
(0.2993 0.4891 0.0219)
(0.3139 0.4891 0.0219)
(0.3285 0.4891 0.0219)
(0.3431 0.4891 0.0219)
(0.3577 0.4891 0.0219)
(0.3723 0.4891 0.0219)
(0.3869 0.4891 0.0219)
(0.4015 0.4891 0.0219)
(0.4161 0.4891 0.0219)
(0.4307 0.4891 0.0219)
(0.4453 0.4891 0.0219)
(0.4599 0.4891 0.0219)
(0.4745 0.4891 0.0219)
(0.4891 0.4891 0.0219)
(0.5037 0.4891 0.0219)
(0.5183 0.4891 0.0219)
(0.5329 0.4891 0.0219)
(0.5475 0.4891 0.0219)
(0.5621 0.4891 0.0219)
(0.5767 0.4891 0.0219)
(0.0073 0.5037 0.0219)
(0.0219 0.5037 0.0219)
(0.0365 0.5037 0.0219)
(0.0511 0.5037 0.0219)
(0.0657 0.5037 0.0219)
(0.0803 0.5037 0.0219)
(0.0949 0.5037 0.0219)
(0.1095 0.5037 0.0219)
(0.1241 0.5037 0.0219)
(0.1387 0.5037 0.0219)
(0.1533 0.5037 0.0219)
(0.1679 0.5037 0.0219)
(0.1825 0.5037 0.0219)
(0.1971 0.5037 0.0219)
(0.2117 0.5037 0.0219)
(0.2263 0.5037 0.0219)
(0.2409 0.5037 0.0219)
(0.2555 0.5037 0.0219)
(0.2701 0.5037 0.0219)
(0.2847 0.5037 0.0219)
(0.2993 0.5037 0.0219)
(0.3139 0.5037 0.0219)
(0.3285 0.5037 0.0219)
(0.3431 0.5037 0.0219)
(0.3577 0.5037 0.0219)
(0.3723 0.5037 0.0219)
(0.3869 0.5037 0.0219)
(0.4015 0.5037 0.0219)
(0.4161 0.5037 0.0219)
(0.4307 0.5037 0.0219)
(0.4453 0.5037 0.0219)
(0.4599 0.5037 0.0219)
(0.4745 0.5037 0.0219)
(0.4891 0.5037 0.0219)
(0.5037 0.5037 0.0219)
(0.5183 0.5037 0.0219)
(0.5329 0.5037 0.0219)
(0.5475 0.5037 0.0219)
(0.5621 0.5037 0.0219)
(0.5767 0.5037 0.0219)
(0.0073 0.5183 0.0219)
(0.0219 0.5183 0.0219)
(0.0365 0.5183 0.0219)
(0.0511 0.5183 0.0219)
(0.0657 0.5183 0.0219)
(0.0803 0.5183 0.0219)
(0.0949 0.5183 0.0219)
(0.1095 0.5183 0.0219)
(0.1241 0.5183 0.0219)
(0.1387 0.5183 0.0219)
(0.1533 0.5183 0.0219)
(0.1679 0.5183 0.0219)
(0.1825 0.5183 0.0219)
(0.1971 0.5183 0.0219)
(0.2117 0.5183 0.0219)
(0.2263 0.5183 0.0219)
(0.2409 0.5183 0.0219)
(0.2555 0.5183 0.0219)
(0.2701 0.5183 0.0219)
(0.2847 0.5183 0.0219)
(0.2993 0.5183 0.0219)
(0.3139 0.5183 0.0219)
(0.3285 0.5183 0.0219)
(0.3431 0.5183 0.0219)
(0.3577 0.5183 0.0219)
(0.3723 0.5183 0.0219)
(0.3869 0.5183 0.0219)
(0.4015 0.5183 0.0219)
(0.4161 0.5183 0.0219)
(0.4307 0.5183 0.0219)
(0.4453 0.5183 0.0219)
(0.4599 0.5183 0.0219)
(0.4745 0.5183 0.0219)
(0.4891 0.5183 0.0219)
(0.5037 0.5183 0.0219)
(0.5183 0.5183 0.0219)
(0.5329 0.5183 0.0219)
(0.5475 0.5183 0.0219)
(0.5621 0.5183 0.0219)
(0.5767 0.5183 0.0219)
(0.0073 0.5329 0.0219)
(0.0219 0.5329 0.0219)
(0.0365 0.5329 0.0219)
(0.0511 0.5329 0.0219)
(0.0657 0.5329 0.0219)
(0.0803 0.5329 0.0219)
(0.0949 0.5329 0.0219)
(0.1095 0.5329 0.0219)
(0.1241 0.5329 0.0219)
(0.1387 0.5329 0.0219)
(0.1533 0.5329 0.0219)
(0.1679 0.5329 0.0219)
(0.1825 0.5329 0.0219)
(0.1971 0.5329 0.0219)
(0.2117 0.5329 0.0219)
(0.2263 0.5329 0.0219)
(0.2409 0.5329 0.0219)
(0.2555 0.5329 0.0219)
(0.2701 0.5329 0.0219)
(0.2847 0.5329 0.0219)
(0.2993 0.5329 0.0219)
(0.3139 0.5329 0.0219)
(0.3285 0.5329 0.0219)
(0.3431 0.5329 0.0219)
(0.3577 0.5329 0.0219)
(0.3723 0.5329 0.0219)
(0.3869 0.5329 0.0219)
(0.4015 0.5329 0.0219)
(0.4161 0.5329 0.0219)
(0.4307 0.5329 0.0219)
(0.4453 0.5329 0.0219)
(0.4599 0.5329 0.0219)
(0.4745 0.5329 0.0219)
(0.4891 0.5329 0.0219)
(0.5037 0.5329 0.0219)
(0.5183 0.5329 0.0219)
(0.5329 0.5329 0.0219)
(0.5475 0.5329 0.0219)
(0.5621 0.5329 0.0219)
(0.5767 0.5329 0.0219)
(0.0073 0.5475 0.0219)
(0.0219 0.5475 0.0219)
(0.0365 0.5475 0.0219)
(0.0511 0.5475 0.0219)
(0.0657 0.5475 0.0219)
(0.0803 0.5475 0.0219)
(0.0949 0.5475 0.0219)
(0.1095 0.5475 0.0219)
(0.1241 0.5475 0.0219)
(0.1387 0.5475 0.0219)
(0.1533 0.5475 0.0219)
(0.1679 0.5475 0.0219)
(0.1825 0.5475 0.0219)
(0.1971 0.5475 0.0219)
(0.2117 0.5475 0.0219)
(0.2263 0.5475 0.0219)
(0.2409 0.5475 0.0219)
(0.2555 0.5475 0.0219)
(0.2701 0.5475 0.0219)
(0.2847 0.5475 0.0219)
(0.2993 0.5475 0.0219)
(0.3139 0.5475 0.0219)
(0.3285 0.5475 0.0219)
(0.3431 0.5475 0.0219)
(0.3577 0.5475 0.0219)
(0.3723 0.5475 0.0219)
(0.3869 0.5475 0.0219)
(0.4015 0.5475 0.0219)
(0.4161 0.5475 0.0219)
(0.4307 0.5475 0.0219)
(0.4453 0.5475 0.0219)
(0.4599 0.5475 0.0219)
(0.4745 0.5475 0.0219)
(0.4891 0.5475 0.0219)
(0.5037 0.5475 0.0219)
(0.5183 0.5475 0.0219)
(0.5329 0.5475 0.0219)
(0.5475 0.5475 0.0219)
(0.5621 0.5475 0.0219)
(0.5767 0.5475 0.0219)
(0.0073 0.5621 0.0219)
(0.0219 0.5621 0.0219)
(0.0365 0.5621 0.0219)
(0.0511 0.5621 0.0219)
(0.0657 0.5621 0.0219)
(0.0803 0.5621 0.0219)
(0.0949 0.5621 0.0219)
(0.1095 0.5621 0.0219)
(0.1241 0.5621 0.0219)
(0.1387 0.5621 0.0219)
(0.1533 0.5621 0.0219)
(0.1679 0.5621 0.0219)
(0.1825 0.5621 0.0219)
(0.1971 0.5621 0.0219)
(0.2117 0.5621 0.0219)
(0.2263 0.5621 0.0219)
(0.2409 0.5621 0.0219)
(0.2555 0.5621 0.0219)
(0.2701 0.5621 0.0219)
(0.2847 0.5621 0.0219)
(0.2993 0.5621 0.0219)
(0.3139 0.5621 0.0219)
(0.3285 0.5621 0.0219)
(0.3431 0.5621 0.0219)
(0.3577 0.5621 0.0219)
(0.3723 0.5621 0.0219)
(0.3869 0.5621 0.0219)
(0.4015 0.5621 0.0219)
(0.4161 0.5621 0.0219)
(0.4307 0.5621 0.0219)
(0.4453 0.5621 0.0219)
(0.4599 0.5621 0.0219)
(0.4745 0.5621 0.0219)
(0.4891 0.5621 0.0219)
(0.5037 0.5621 0.0219)
(0.5183 0.5621 0.0219)
(0.5329 0.5621 0.0219)
(0.5475 0.5621 0.0219)
(0.5621 0.5621 0.0219)
(0.5767 0.5621 0.0219)
(0.0073 0.5767 0.0219)
(0.0219 0.5767 0.0219)
(0.0365 0.5767 0.0219)
(0.0511 0.5767 0.0219)
(0.0657 0.5767 0.0219)
(0.0803 0.5767 0.0219)
(0.0949 0.5767 0.0219)
(0.1095 0.5767 0.0219)
(0.1241 0.5767 0.0219)
(0.1387 0.5767 0.0219)
(0.1533 0.5767 0.0219)
(0.1679 0.5767 0.0219)
(0.1825 0.5767 0.0219)
(0.1971 0.5767 0.0219)
(0.2117 0.5767 0.0219)
(0.2263 0.5767 0.0219)
(0.2409 0.5767 0.0219)
(0.2555 0.5767 0.0219)
(0.2701 0.5767 0.0219)
(0.2847 0.5767 0.0219)
(0.2993 0.5767 0.0219)
(0.3139 0.5767 0.0219)
(0.3285 0.5767 0.0219)
(0.3431 0.5767 0.0219)
(0.3577 0.5767 0.0219)
(0.3723 0.5767 0.0219)
(0.3869 0.5767 0.0219)
(0.4015 0.5767 0.0219)
(0.4161 0.5767 0.0219)
(0.4307 0.5767 0.0219)
(0.4453 0.5767 0.0219)
(0.4599 0.5767 0.0219)
(0.4745 0.5767 0.0219)
(0.4891 0.5767 0.0219)
(0.5037 0.5767 0.0219)
(0.5183 0.5767 0.0219)
(0.5329 0.5767 0.0219)
(0.5475 0.5767 0.0219)
(0.5621 0.5767 0.0219)
(0.5767 0.5767 0.0219)
(0.0073 0.0073 0.0365)
(0.0219 0.0073 0.0365)
(0.0365 0.0073 0.0365)
(0.0511 0.0073 0.0365)
(0.0657 0.0073 0.0365)
(0.0803 0.0073 0.0365)
(0.0949 0.0073 0.0365)
(0.1095 0.0073 0.0365)
(0.1241 0.0073 0.0365)
(0.1387 0.0073 0.0365)
(0.1533 0.0073 0.0365)
(0.1679 0.0073 0.0365)
(0.1825 0.0073 0.0365)
(0.1971 0.0073 0.0365)
(0.2117 0.0073 0.0365)
(0.2263 0.0073 0.0365)
(0.2409 0.0073 0.0365)
(0.2555 0.0073 0.0365)
(0.2701 0.0073 0.0365)
(0.2847 0.0073 0.0365)
(0.2993 0.0073 0.0365)
(0.3139 0.0073 0.0365)
(0.3285 0.0073 0.0365)
(0.3431 0.0073 0.0365)
(0.3577 0.0073 0.0365)
(0.3723 0.0073 0.0365)
(0.3869 0.0073 0.0365)
(0.4015 0.0073 0.0365)
(0.4161 0.0073 0.0365)
(0.4307 0.0073 0.0365)
(0.4453 0.0073 0.0365)
(0.4599 0.0073 0.0365)
(0.4745 0.0073 0.0365)
(0.4891 0.0073 0.0365)
(0.5037 0.0073 0.0365)
(0.5183 0.0073 0.0365)
(0.5329 0.0073 0.0365)
(0.5475 0.0073 0.0365)
(0.5621 0.0073 0.0365)
(0.5767 0.0073 0.0365)
(0.0073 0.0219 0.0365)
(0.0219 0.0219 0.0365)
(0.0365 0.0219 0.0365)
(0.0511 0.0219 0.0365)
(0.0657 0.0219 0.0365)
(0.0803 0.0219 0.0365)
(0.0949 0.0219 0.0365)
(0.1095 0.0219 0.0365)
(0.1241 0.0219 0.0365)
(0.1387 0.0219 0.0365)
(0.1533 0.0219 0.0365)
(0.1679 0.0219 0.0365)
(0.1825 0.0219 0.0365)
(0.1971 0.0219 0.0365)
(0.2117 0.0219 0.0365)
(0.2263 0.0219 0.0365)
(0.2409 0.0219 0.0365)
(0.2555 0.0219 0.0365)
(0.2701 0.0219 0.0365)
(0.2847 0.0219 0.0365)
(0.2993 0.0219 0.0365)
(0.3139 0.0219 0.0365)
(0.3285 0.0219 0.0365)
(0.3431 0.0219 0.0365)
(0.3577 0.0219 0.0365)
(0.3723 0.0219 0.0365)
(0.3869 0.0219 0.0365)
(0.4015 0.0219 0.0365)
(0.4161 0.0219 0.0365)
(0.4307 0.0219 0.0365)
(0.4453 0.0219 0.0365)
(0.4599 0.0219 0.0365)
(0.4745 0.0219 0.0365)
(0.4891 0.0219 0.0365)
(0.5037 0.0219 0.0365)
(0.5183 0.0219 0.0365)
(0.5329 0.0219 0.0365)
(0.5475 0.0219 0.0365)
(0.5621 0.0219 0.0365)
(0.5767 0.0219 0.0365)
(0.0073 0.0365 0.0365)
(0.0219 0.0365 0.0365)
(0.0365 0.0365 0.0365)
(0.0511 0.0365 0.0365)
(0.0657 0.0365 0.0365)
(0.0803 0.0365 0.0365)
(0.0949 0.0365 0.0365)
(0.1095 0.0365 0.0365)
(0.1241 0.0365 0.0365)
(0.1387 0.0365 0.0365)
(0.1533 0.0365 0.0365)
(0.1679 0.0365 0.0365)
(0.1825 0.0365 0.0365)
(0.1971 0.0365 0.0365)
(0.2117 0.0365 0.0365)
(0.2263 0.0365 0.0365)
(0.2409 0.0365 0.0365)
(0.2555 0.0365 0.0365)
(0.2701 0.0365 0.0365)
(0.2847 0.0365 0.0365)
(0.2993 0.0365 0.0365)
(0.3139 0.0365 0.0365)
(0.3285 0.0365 0.0365)
(0.3431 0.0365 0.0365)
(0.3577 0.0365 0.0365)
(0.3723 0.0365 0.0365)
(0.3869 0.0365 0.0365)
(0.4015 0.0365 0.0365)
(0.4161 0.0365 0.0365)
(0.4307 0.0365 0.0365)
(0.4453 0.0365 0.0365)
(0.4599 0.0365 0.0365)
(0.4745 0.0365 0.0365)
(0.4891 0.0365 0.0365)
(0.5037 0.0365 0.0365)
(0.5183 0.0365 0.0365)
(0.5329 0.0365 0.0365)
(0.5475 0.0365 0.0365)
(0.5621 0.0365 0.0365)
(0.5767 0.0365 0.0365)
(0.0073 0.0511 0.0365)
(0.0219 0.0511 0.0365)
(0.0365 0.0511 0.0365)
(0.0511 0.0511 0.0365)
(0.0657 0.0511 0.0365)
(0.0803 0.0511 0.0365)
(0.0949 0.0511 0.0365)
(0.1095 0.0511 0.0365)
(0.1241 0.0511 0.0365)
(0.1387 0.0511 0.0365)
(0.1533 0.0511 0.0365)
(0.1679 0.0511 0.0365)
(0.1825 0.0511 0.0365)
(0.1971 0.0511 0.0365)
(0.2117 0.0511 0.0365)
(0.2263 0.0511 0.0365)
(0.2409 0.0511 0.0365)
(0.2555 0.0511 0.0365)
(0.2701 0.0511 0.0365)
(0.2847 0.0511 0.0365)
(0.2993 0.0511 0.0365)
(0.3139 0.0511 0.0365)
(0.3285 0.0511 0.0365)
(0.3431 0.0511 0.0365)
(0.3577 0.0511 0.0365)
(0.3723 0.0511 0.0365)
(0.3869 0.0511 0.0365)
(0.4015 0.0511 0.0365)
(0.4161 0.0511 0.0365)
(0.4307 0.0511 0.0365)
(0.4453 0.0511 0.0365)
(0.4599 0.0511 0.0365)
(0.4745 0.0511 0.0365)
(0.4891 0.0511 0.0365)
(0.5037 0.0511 0.0365)
(0.5183 0.0511 0.0365)
(0.5329 0.0511 0.0365)
(0.5475 0.0511 0.0365)
(0.5621 0.0511 0.0365)
(0.5767 0.0511 0.0365)
(0.0073 0.0657 0.0365)
(0.0219 0.0657 0.0365)
(0.0365 0.0657 0.0365)
(0.0511 0.0657 0.0365)
(0.0657 0.0657 0.0365)
(0.0803 0.0657 0.0365)
(0.0949 0.0657 0.0365)
(0.1095 0.0657 0.0365)
(0.1241 0.0657 0.0365)
(0.1387 0.0657 0.0365)
(0.1533 0.0657 0.0365)
(0.1679 0.0657 0.0365)
(0.1825 0.0657 0.0365)
(0.1971 0.0657 0.0365)
(0.2117 0.0657 0.0365)
(0.2263 0.0657 0.0365)
(0.2409 0.0657 0.0365)
(0.2555 0.0657 0.0365)
(0.2701 0.0657 0.0365)
(0.2847 0.0657 0.0365)
(0.2993 0.0657 0.0365)
(0.3139 0.0657 0.0365)
(0.3285 0.0657 0.0365)
(0.3431 0.0657 0.0365)
(0.3577 0.0657 0.0365)
(0.3723 0.0657 0.0365)
(0.3869 0.0657 0.0365)
(0.4015 0.0657 0.0365)
(0.4161 0.0657 0.0365)
(0.4307 0.0657 0.0365)
(0.4453 0.0657 0.0365)
(0.4599 0.0657 0.0365)
(0.4745 0.0657 0.0365)
(0.4891 0.0657 0.0365)
(0.5037 0.0657 0.0365)
(0.5183 0.0657 0.0365)
(0.5329 0.0657 0.0365)
(0.5475 0.0657 0.0365)
(0.5621 0.0657 0.0365)
(0.5767 0.0657 0.0365)
(0.0073 0.0803 0.0365)
(0.0219 0.0803 0.0365)
(0.0365 0.0803 0.0365)
(0.0511 0.0803 0.0365)
(0.0657 0.0803 0.0365)
(0.0803 0.0803 0.0365)
(0.0949 0.0803 0.0365)
(0.1095 0.0803 0.0365)
(0.1241 0.0803 0.0365)
(0.1387 0.0803 0.0365)
(0.1533 0.0803 0.0365)
(0.1679 0.0803 0.0365)
(0.1825 0.0803 0.0365)
(0.1971 0.0803 0.0365)
(0.2117 0.0803 0.0365)
(0.2263 0.0803 0.0365)
(0.2409 0.0803 0.0365)
(0.2555 0.0803 0.0365)
(0.2701 0.0803 0.0365)
(0.2847 0.0803 0.0365)
(0.2993 0.0803 0.0365)
(0.3139 0.0803 0.0365)
(0.3285 0.0803 0.0365)
(0.3431 0.0803 0.0365)
(0.3577 0.0803 0.0365)
(0.3723 0.0803 0.0365)
(0.3869 0.0803 0.0365)
(0.4015 0.0803 0.0365)
(0.4161 0.0803 0.0365)
(0.4307 0.0803 0.0365)
(0.4453 0.0803 0.0365)
(0.4599 0.0803 0.0365)
(0.4745 0.0803 0.0365)
(0.4891 0.0803 0.0365)
(0.5037 0.0803 0.0365)
(0.5183 0.0803 0.0365)
(0.5329 0.0803 0.0365)
(0.5475 0.0803 0.0365)
(0.5621 0.0803 0.0365)
(0.5767 0.0803 0.0365)
(0.0073 0.0949 0.0365)
(0.0219 0.0949 0.0365)
(0.0365 0.0949 0.0365)
(0.0511 0.0949 0.0365)
(0.0657 0.0949 0.0365)
(0.0803 0.0949 0.0365)
(0.0949 0.0949 0.0365)
(0.1095 0.0949 0.0365)
(0.1241 0.0949 0.0365)
(0.1387 0.0949 0.0365)
(0.1533 0.0949 0.0365)
(0.1679 0.0949 0.0365)
(0.1825 0.0949 0.0365)
(0.1971 0.0949 0.0365)
(0.2117 0.0949 0.0365)
(0.2263 0.0949 0.0365)
(0.2409 0.0949 0.0365)
(0.2555 0.0949 0.0365)
(0.2701 0.0949 0.0365)
(0.2847 0.0949 0.0365)
(0.2993 0.0949 0.0365)
(0.3139 0.0949 0.0365)
(0.3285 0.0949 0.0365)
(0.3431 0.0949 0.0365)
(0.3577 0.0949 0.0365)
(0.3723 0.0949 0.0365)
(0.3869 0.0949 0.0365)
(0.4015 0.0949 0.0365)
(0.4161 0.0949 0.0365)
(0.4307 0.0949 0.0365)
(0.4453 0.0949 0.0365)
(0.4599 0.0949 0.0365)
(0.4745 0.0949 0.0365)
(0.4891 0.0949 0.0365)
(0.5037 0.0949 0.0365)
(0.5183 0.0949 0.0365)
(0.5329 0.0949 0.0365)
(0.5475 0.0949 0.0365)
(0.5621 0.0949 0.0365)
(0.5767 0.0949 0.0365)
(0.0073 0.1095 0.0365)
(0.0219 0.1095 0.0365)
(0.0365 0.1095 0.0365)
(0.0511 0.1095 0.0365)
(0.0657 0.1095 0.0365)
(0.0803 0.1095 0.0365)
(0.0949 0.1095 0.0365)
(0.1095 0.1095 0.0365)
(0.1241 0.1095 0.0365)
(0.1387 0.1095 0.0365)
(0.1533 0.1095 0.0365)
(0.1679 0.1095 0.0365)
(0.1825 0.1095 0.0365)
(0.1971 0.1095 0.0365)
(0.2117 0.1095 0.0365)
(0.2263 0.1095 0.0365)
(0.2409 0.1095 0.0365)
(0.2555 0.1095 0.0365)
(0.2701 0.1095 0.0365)
(0.2847 0.1095 0.0365)
(0.2993 0.1095 0.0365)
(0.3139 0.1095 0.0365)
(0.3285 0.1095 0.0365)
(0.3431 0.1095 0.0365)
(0.3577 0.1095 0.0365)
(0.3723 0.1095 0.0365)
(0.3869 0.1095 0.0365)
(0.4015 0.1095 0.0365)
(0.4161 0.1095 0.0365)
(0.4307 0.1095 0.0365)
(0.4453 0.1095 0.0365)
(0.4599 0.1095 0.0365)
(0.4745 0.1095 0.0365)
(0.4891 0.1095 0.0365)
(0.5037 0.1095 0.0365)
(0.5183 0.1095 0.0365)
(0.5329 0.1095 0.0365)
(0.5475 0.1095 0.0365)
(0.5621 0.1095 0.0365)
(0.5767 0.1095 0.0365)
(0.0073 0.1241 0.0365)
(0.0219 0.1241 0.0365)
(0.0365 0.1241 0.0365)
(0.0511 0.1241 0.0365)
(0.0657 0.1241 0.0365)
(0.0803 0.1241 0.0365)
(0.0949 0.1241 0.0365)
(0.1095 0.1241 0.0365)
(0.1241 0.1241 0.0365)
(0.1387 0.1241 0.0365)
(0.1533 0.1241 0.0365)
(0.1679 0.1241 0.0365)
(0.1825 0.1241 0.0365)
(0.1971 0.1241 0.0365)
(0.2117 0.1241 0.0365)
(0.2263 0.1241 0.0365)
(0.2409 0.1241 0.0365)
(0.2555 0.1241 0.0365)
(0.2701 0.1241 0.0365)
(0.2847 0.1241 0.0365)
(0.2993 0.1241 0.0365)
(0.3139 0.1241 0.0365)
(0.3285 0.1241 0.0365)
(0.3431 0.1241 0.0365)
(0.3577 0.1241 0.0365)
(0.3723 0.1241 0.0365)
(0.3869 0.1241 0.0365)
(0.4015 0.1241 0.0365)
(0.4161 0.1241 0.0365)
(0.4307 0.1241 0.0365)
(0.4453 0.1241 0.0365)
(0.4599 0.1241 0.0365)
(0.4745 0.1241 0.0365)
(0.4891 0.1241 0.0365)
(0.5037 0.1241 0.0365)
(0.5183 0.1241 0.0365)
(0.5329 0.1241 0.0365)
(0.5475 0.1241 0.0365)
(0.5621 0.1241 0.0365)
(0.5767 0.1241 0.0365)
(0.0073 0.1387 0.0365)
(0.0219 0.1387 0.0365)
(0.0365 0.1387 0.0365)
(0.0511 0.1387 0.0365)
(0.0657 0.1387 0.0365)
(0.0803 0.1387 0.0365)
(0.0949 0.1387 0.0365)
(0.1095 0.1387 0.0365)
(0.1241 0.1387 0.0365)
(0.1387 0.1387 0.0365)
(0.1533 0.1387 0.0365)
(0.1679 0.1387 0.0365)
(0.1825 0.1387 0.0365)
(0.1971 0.1387 0.0365)
(0.2117 0.1387 0.0365)
(0.2263 0.1387 0.0365)
(0.2409 0.1387 0.0365)
(0.2555 0.1387 0.0365)
(0.2701 0.1387 0.0365)
(0.2847 0.1387 0.0365)
(0.2993 0.1387 0.0365)
(0.3139 0.1387 0.0365)
(0.3285 0.1387 0.0365)
(0.3431 0.1387 0.0365)
(0.3577 0.1387 0.0365)
(0.3723 0.1387 0.0365)
(0.3869 0.1387 0.0365)
(0.4015 0.1387 0.0365)
(0.4161 0.1387 0.0365)
(0.4307 0.1387 0.0365)
(0.4453 0.1387 0.0365)
(0.4599 0.1387 0.0365)
(0.4745 0.1387 0.0365)
(0.4891 0.1387 0.0365)
(0.5037 0.1387 0.0365)
(0.5183 0.1387 0.0365)
(0.5329 0.1387 0.0365)
(0.5475 0.1387 0.0365)
(0.5621 0.1387 0.0365)
(0.5767 0.1387 0.0365)
(0.0073 0.1533 0.0365)
(0.0219 0.1533 0.0365)
(0.0365 0.1533 0.0365)
(0.0511 0.1533 0.0365)
(0.0657 0.1533 0.0365)
(0.0803 0.1533 0.0365)
(0.0949 0.1533 0.0365)
(0.1095 0.1533 0.0365)
(0.1241 0.1533 0.0365)
(0.1387 0.1533 0.0365)
(0.1533 0.1533 0.0365)
(0.1679 0.1533 0.0365)
(0.1825 0.1533 0.0365)
(0.1971 0.1533 0.0365)
(0.2117 0.1533 0.0365)
(0.2263 0.1533 0.0365)
(0.2409 0.1533 0.0365)
(0.2555 0.1533 0.0365)
(0.2701 0.1533 0.0365)
(0.2847 0.1533 0.0365)
(0.2993 0.1533 0.0365)
(0.3139 0.1533 0.0365)
(0.3285 0.1533 0.0365)
(0.3431 0.1533 0.0365)
(0.3577 0.1533 0.0365)
(0.3723 0.1533 0.0365)
(0.3869 0.1533 0.0365)
(0.4015 0.1533 0.0365)
(0.4161 0.1533 0.0365)
(0.4307 0.1533 0.0365)
(0.4453 0.1533 0.0365)
(0.4599 0.1533 0.0365)
(0.4745 0.1533 0.0365)
(0.4891 0.1533 0.0365)
(0.5037 0.1533 0.0365)
(0.5183 0.1533 0.0365)
(0.5329 0.1533 0.0365)
(0.5475 0.1533 0.0365)
(0.5621 0.1533 0.0365)
(0.5767 0.1533 0.0365)
(0.0073 0.1679 0.0365)
(0.0219 0.1679 0.0365)
(0.0365 0.1679 0.0365)
(0.0511 0.1679 0.0365)
(0.0657 0.1679 0.0365)
(0.0803 0.1679 0.0365)
(0.0949 0.1679 0.0365)
(0.1095 0.1679 0.0365)
(0.1241 0.1679 0.0365)
(0.1387 0.1679 0.0365)
(0.1533 0.1679 0.0365)
(0.1679 0.1679 0.0365)
(0.1825 0.1679 0.0365)
(0.1971 0.1679 0.0365)
(0.2117 0.1679 0.0365)
(0.2263 0.1679 0.0365)
(0.2409 0.1679 0.0365)
(0.2555 0.1679 0.0365)
(0.2701 0.1679 0.0365)
(0.2847 0.1679 0.0365)
(0.2993 0.1679 0.0365)
(0.3139 0.1679 0.0365)
(0.3285 0.1679 0.0365)
(0.3431 0.1679 0.0365)
(0.3577 0.1679 0.0365)
(0.3723 0.1679 0.0365)
(0.3869 0.1679 0.0365)
(0.4015 0.1679 0.0365)
(0.4161 0.1679 0.0365)
(0.4307 0.1679 0.0365)
(0.4453 0.1679 0.0365)
(0.4599 0.1679 0.0365)
(0.4745 0.1679 0.0365)
(0.4891 0.1679 0.0365)
(0.5037 0.1679 0.0365)
(0.5183 0.1679 0.0365)
(0.5329 0.1679 0.0365)
(0.5475 0.1679 0.0365)
(0.5621 0.1679 0.0365)
(0.5767 0.1679 0.0365)
(0.0073 0.1825 0.0365)
(0.0219 0.1825 0.0365)
(0.0365 0.1825 0.0365)
(0.0511 0.1825 0.0365)
(0.0657 0.1825 0.0365)
(0.0803 0.1825 0.0365)
(0.0949 0.1825 0.0365)
(0.1095 0.1825 0.0365)
(0.1241 0.1825 0.0365)
(0.1387 0.1825 0.0365)
(0.1533 0.1825 0.0365)
(0.1679 0.1825 0.0365)
(0.1825 0.1825 0.0365)
(0.1971 0.1825 0.0365)
(0.2117 0.1825 0.0365)
(0.2263 0.1825 0.0365)
(0.2409 0.1825 0.0365)
(0.2555 0.1825 0.0365)
(0.2701 0.1825 0.0365)
(0.2847 0.1825 0.0365)
(0.2993 0.1825 0.0365)
(0.3139 0.1825 0.0365)
(0.3285 0.1825 0.0365)
(0.3431 0.1825 0.0365)
(0.3577 0.1825 0.0365)
(0.3723 0.1825 0.0365)
(0.3869 0.1825 0.0365)
(0.4015 0.1825 0.0365)
(0.4161 0.1825 0.0365)
(0.4307 0.1825 0.0365)
(0.4453 0.1825 0.0365)
(0.4599 0.1825 0.0365)
(0.4745 0.1825 0.0365)
(0.4891 0.1825 0.0365)
(0.5037 0.1825 0.0365)
(0.5183 0.1825 0.0365)
(0.5329 0.1825 0.0365)
(0.5475 0.1825 0.0365)
(0.5621 0.1825 0.0365)
(0.5767 0.1825 0.0365)
(0.0073 0.1971 0.0365)
(0.0219 0.1971 0.0365)
(0.0365 0.1971 0.0365)
(0.0511 0.1971 0.0365)
(0.0657 0.1971 0.0365)
(0.0803 0.1971 0.0365)
(0.0949 0.1971 0.0365)
(0.1095 0.1971 0.0365)
(0.1241 0.1971 0.0365)
(0.1387 0.1971 0.0365)
(0.1533 0.1971 0.0365)
(0.1679 0.1971 0.0365)
(0.1825 0.1971 0.0365)
(0.1971 0.1971 0.0365)
(0.2117 0.1971 0.0365)
(0.2263 0.1971 0.0365)
(0.2409 0.1971 0.0365)
(0.2555 0.1971 0.0365)
(0.2701 0.1971 0.0365)
(0.2847 0.1971 0.0365)
(0.2993 0.1971 0.0365)
(0.3139 0.1971 0.0365)
(0.3285 0.1971 0.0365)
(0.3431 0.1971 0.0365)
(0.3577 0.1971 0.0365)
(0.3723 0.1971 0.0365)
(0.3869 0.1971 0.0365)
(0.4015 0.1971 0.0365)
(0.4161 0.1971 0.0365)
(0.4307 0.1971 0.0365)
(0.4453 0.1971 0.0365)
(0.4599 0.1971 0.0365)
(0.4745 0.1971 0.0365)
(0.4891 0.1971 0.0365)
(0.5037 0.1971 0.0365)
(0.5183 0.1971 0.0365)
(0.5329 0.1971 0.0365)
(0.5475 0.1971 0.0365)
(0.5621 0.1971 0.0365)
(0.5767 0.1971 0.0365)
(0.0073 0.2117 0.0365)
(0.0219 0.2117 0.0365)
(0.0365 0.2117 0.0365)
(0.0511 0.2117 0.0365)
(0.0657 0.2117 0.0365)
(0.0803 0.2117 0.0365)
(0.0949 0.2117 0.0365)
(0.1095 0.2117 0.0365)
(0.1241 0.2117 0.0365)
(0.1387 0.2117 0.0365)
(0.1533 0.2117 0.0365)
(0.1679 0.2117 0.0365)
(0.1825 0.2117 0.0365)
(0.1971 0.2117 0.0365)
(0.2117 0.2117 0.0365)
(0.2263 0.2117 0.0365)
(0.2409 0.2117 0.0365)
(0.2555 0.2117 0.0365)
(0.2701 0.2117 0.0365)
(0.2847 0.2117 0.0365)
(0.2993 0.2117 0.0365)
(0.3139 0.2117 0.0365)
(0.3285 0.2117 0.0365)
(0.3431 0.2117 0.0365)
(0.3577 0.2117 0.0365)
(0.3723 0.2117 0.0365)
(0.3869 0.2117 0.0365)
(0.4015 0.2117 0.0365)
(0.4161 0.2117 0.0365)
(0.4307 0.2117 0.0365)
(0.4453 0.2117 0.0365)
(0.4599 0.2117 0.0365)
(0.4745 0.2117 0.0365)
(0.4891 0.2117 0.0365)
(0.5037 0.2117 0.0365)
(0.5183 0.2117 0.0365)
(0.5329 0.2117 0.0365)
(0.5475 0.2117 0.0365)
(0.5621 0.2117 0.0365)
(0.5767 0.2117 0.0365)
(0.0073 0.2263 0.0365)
(0.0219 0.2263 0.0365)
(0.0365 0.2263 0.0365)
(0.0511 0.2263 0.0365)
(0.0657 0.2263 0.0365)
(0.0803 0.2263 0.0365)
(0.0949 0.2263 0.0365)
(0.1095 0.2263 0.0365)
(0.1241 0.2263 0.0365)
(0.1387 0.2263 0.0365)
(0.1533 0.2263 0.0365)
(0.1679 0.2263 0.0365)
(0.1825 0.2263 0.0365)
(0.1971 0.2263 0.0365)
(0.2117 0.2263 0.0365)
(0.2263 0.2263 0.0365)
(0.2409 0.2263 0.0365)
(0.2555 0.2263 0.0365)
(0.2701 0.2263 0.0365)
(0.2847 0.2263 0.0365)
(0.2993 0.2263 0.0365)
(0.3139 0.2263 0.0365)
(0.3285 0.2263 0.0365)
(0.3431 0.2263 0.0365)
(0.3577 0.2263 0.0365)
(0.3723 0.2263 0.0365)
(0.3869 0.2263 0.0365)
(0.4015 0.2263 0.0365)
(0.4161 0.2263 0.0365)
(0.4307 0.2263 0.0365)
(0.4453 0.2263 0.0365)
(0.4599 0.2263 0.0365)
(0.4745 0.2263 0.0365)
(0.4891 0.2263 0.0365)
(0.5037 0.2263 0.0365)
(0.5183 0.2263 0.0365)
(0.5329 0.2263 0.0365)
(0.5475 0.2263 0.0365)
(0.5621 0.2263 0.0365)
(0.5767 0.2263 0.0365)
(0.0073 0.2409 0.0365)
(0.0219 0.2409 0.0365)
(0.0365 0.2409 0.0365)
(0.0511 0.2409 0.0365)
(0.0657 0.2409 0.0365)
(0.0803 0.2409 0.0365)
(0.0949 0.2409 0.0365)
(0.1095 0.2409 0.0365)
(0.1241 0.2409 0.0365)
(0.1387 0.2409 0.0365)
(0.1533 0.2409 0.0365)
(0.1679 0.2409 0.0365)
(0.1825 0.2409 0.0365)
(0.1971 0.2409 0.0365)
(0.2117 0.2409 0.0365)
(0.2263 0.2409 0.0365)
(0.2409 0.2409 0.0365)
(0.2555 0.2409 0.0365)
(0.2701 0.2409 0.0365)
(0.2847 0.2409 0.0365)
(0.2993 0.2409 0.0365)
(0.3139 0.2409 0.0365)
(0.3285 0.2409 0.0365)
(0.3431 0.2409 0.0365)
(0.3577 0.2409 0.0365)
(0.3723 0.2409 0.0365)
(0.3869 0.2409 0.0365)
(0.4015 0.2409 0.0365)
(0.4161 0.2409 0.0365)
(0.4307 0.2409 0.0365)
(0.4453 0.2409 0.0365)
(0.4599 0.2409 0.0365)
(0.4745 0.2409 0.0365)
(0.4891 0.2409 0.0365)
(0.5037 0.2409 0.0365)
(0.5183 0.2409 0.0365)
(0.5329 0.2409 0.0365)
(0.5475 0.2409 0.0365)
(0.5621 0.2409 0.0365)
(0.5767 0.2409 0.0365)
(0.0073 0.2555 0.0365)
(0.0219 0.2555 0.0365)
(0.0365 0.2555 0.0365)
(0.0511 0.2555 0.0365)
(0.0657 0.2555 0.0365)
(0.0803 0.2555 0.0365)
(0.0949 0.2555 0.0365)
(0.1095 0.2555 0.0365)
(0.1241 0.2555 0.0365)
(0.1387 0.2555 0.0365)
(0.1533 0.2555 0.0365)
(0.1679 0.2555 0.0365)
(0.1825 0.2555 0.0365)
(0.1971 0.2555 0.0365)
(0.2117 0.2555 0.0365)
(0.2263 0.2555 0.0365)
(0.2409 0.2555 0.0365)
(0.2555 0.2555 0.0365)
(0.2701 0.2555 0.0365)
(0.2847 0.2555 0.0365)
(0.2993 0.2555 0.0365)
(0.3139 0.2555 0.0365)
(0.3285 0.2555 0.0365)
(0.3431 0.2555 0.0365)
(0.3577 0.2555 0.0365)
(0.3723 0.2555 0.0365)
(0.3869 0.2555 0.0365)
(0.4015 0.2555 0.0365)
(0.4161 0.2555 0.0365)
(0.4307 0.2555 0.0365)
(0.4453 0.2555 0.0365)
(0.4599 0.2555 0.0365)
(0.4745 0.2555 0.0365)
(0.4891 0.2555 0.0365)
(0.5037 0.2555 0.0365)
(0.5183 0.2555 0.0365)
(0.5329 0.2555 0.0365)
(0.5475 0.2555 0.0365)
(0.5621 0.2555 0.0365)
(0.5767 0.2555 0.0365)
(0.0073 0.2701 0.0365)
(0.0219 0.2701 0.0365)
(0.0365 0.2701 0.0365)
(0.0511 0.2701 0.0365)
(0.0657 0.2701 0.0365)
(0.0803 0.2701 0.0365)
(0.0949 0.2701 0.0365)
(0.1095 0.2701 0.0365)
(0.1241 0.2701 0.0365)
(0.1387 0.2701 0.0365)
(0.1533 0.2701 0.0365)
(0.1679 0.2701 0.0365)
(0.1825 0.2701 0.0365)
(0.1971 0.2701 0.0365)
(0.2117 0.2701 0.0365)
(0.2263 0.2701 0.0365)
(0.2409 0.2701 0.0365)
(0.2555 0.2701 0.0365)
(0.2701 0.2701 0.0365)
(0.2847 0.2701 0.0365)
(0.2993 0.2701 0.0365)
(0.3139 0.2701 0.0365)
(0.3285 0.2701 0.0365)
(0.3431 0.2701 0.0365)
(0.3577 0.2701 0.0365)
(0.3723 0.2701 0.0365)
(0.3869 0.2701 0.0365)
(0.4015 0.2701 0.0365)
(0.4161 0.2701 0.0365)
(0.4307 0.2701 0.0365)
(0.4453 0.2701 0.0365)
(0.4599 0.2701 0.0365)
(0.4745 0.2701 0.0365)
(0.4891 0.2701 0.0365)
(0.5037 0.2701 0.0365)
(0.5183 0.2701 0.0365)
(0.5329 0.2701 0.0365)
(0.5475 0.2701 0.0365)
(0.5621 0.2701 0.0365)
(0.5767 0.2701 0.0365)
(0.0073 0.2847 0.0365)
(0.0219 0.2847 0.0365)
(0.0365 0.2847 0.0365)
(0.0511 0.2847 0.0365)
(0.0657 0.2847 0.0365)
(0.0803 0.2847 0.0365)
(0.0949 0.2847 0.0365)
(0.1095 0.2847 0.0365)
(0.1241 0.2847 0.0365)
(0.1387 0.2847 0.0365)
(0.1533 0.2847 0.0365)
(0.1679 0.2847 0.0365)
(0.1825 0.2847 0.0365)
(0.1971 0.2847 0.0365)
(0.2117 0.2847 0.0365)
(0.2263 0.2847 0.0365)
(0.2409 0.2847 0.0365)
(0.2555 0.2847 0.0365)
(0.2701 0.2847 0.0365)
(0.2847 0.2847 0.0365)
(0.2993 0.2847 0.0365)
(0.3139 0.2847 0.0365)
(0.3285 0.2847 0.0365)
(0.3431 0.2847 0.0365)
(0.3577 0.2847 0.0365)
(0.3723 0.2847 0.0365)
(0.3869 0.2847 0.0365)
(0.4015 0.2847 0.0365)
(0.4161 0.2847 0.0365)
(0.4307 0.2847 0.0365)
(0.4453 0.2847 0.0365)
(0.4599 0.2847 0.0365)
(0.4745 0.2847 0.0365)
(0.4891 0.2847 0.0365)
(0.5037 0.2847 0.0365)
(0.5183 0.2847 0.0365)
(0.5329 0.2847 0.0365)
(0.5475 0.2847 0.0365)
(0.5621 0.2847 0.0365)
(0.5767 0.2847 0.0365)
(0.0073 0.2993 0.0365)
(0.0219 0.2993 0.0365)
(0.0365 0.2993 0.0365)
(0.0511 0.2993 0.0365)
(0.0657 0.2993 0.0365)
(0.0803 0.2993 0.0365)
(0.0949 0.2993 0.0365)
(0.1095 0.2993 0.0365)
(0.1241 0.2993 0.0365)
(0.1387 0.2993 0.0365)
(0.1533 0.2993 0.0365)
(0.1679 0.2993 0.0365)
(0.1825 0.2993 0.0365)
(0.1971 0.2993 0.0365)
(0.2117 0.2993 0.0365)
(0.2263 0.2993 0.0365)
(0.2409 0.2993 0.0365)
(0.2555 0.2993 0.0365)
(0.2701 0.2993 0.0365)
(0.2847 0.2993 0.0365)
(0.2993 0.2993 0.0365)
(0.3139 0.2993 0.0365)
(0.3285 0.2993 0.0365)
(0.3431 0.2993 0.0365)
(0.3577 0.2993 0.0365)
(0.3723 0.2993 0.0365)
(0.3869 0.2993 0.0365)
(0.4015 0.2993 0.0365)
(0.4161 0.2993 0.0365)
(0.4307 0.2993 0.0365)
(0.4453 0.2993 0.0365)
(0.4599 0.2993 0.0365)
(0.4745 0.2993 0.0365)
(0.4891 0.2993 0.0365)
(0.5037 0.2993 0.0365)
(0.5183 0.2993 0.0365)
(0.5329 0.2993 0.0365)
(0.5475 0.2993 0.0365)
(0.5621 0.2993 0.0365)
(0.5767 0.2993 0.0365)
(0.0073 0.3139 0.0365)
(0.0219 0.3139 0.0365)
(0.0365 0.3139 0.0365)
(0.0511 0.3139 0.0365)
(0.0657 0.3139 0.0365)
(0.0803 0.3139 0.0365)
(0.0949 0.3139 0.0365)
(0.1095 0.3139 0.0365)
(0.1241 0.3139 0.0365)
(0.1387 0.3139 0.0365)
(0.1533 0.3139 0.0365)
(0.1679 0.3139 0.0365)
(0.1825 0.3139 0.0365)
(0.1971 0.3139 0.0365)
(0.2117 0.3139 0.0365)
(0.2263 0.3139 0.0365)
(0.2409 0.3139 0.0365)
(0.2555 0.3139 0.0365)
(0.2701 0.3139 0.0365)
(0.2847 0.3139 0.0365)
(0.2993 0.3139 0.0365)
(0.3139 0.3139 0.0365)
(0.3285 0.3139 0.0365)
(0.3431 0.3139 0.0365)
(0.3577 0.3139 0.0365)
(0.3723 0.3139 0.0365)
(0.3869 0.3139 0.0365)
(0.4015 0.3139 0.0365)
(0.4161 0.3139 0.0365)
(0.4307 0.3139 0.0365)
(0.4453 0.3139 0.0365)
(0.4599 0.3139 0.0365)
(0.4745 0.3139 0.0365)
(0.4891 0.3139 0.0365)
(0.5037 0.3139 0.0365)
(0.5183 0.3139 0.0365)
(0.5329 0.3139 0.0365)
(0.5475 0.3139 0.0365)
(0.5621 0.3139 0.0365)
(0.5767 0.3139 0.0365)
(0.0073 0.3285 0.0365)
(0.0219 0.3285 0.0365)
(0.0365 0.3285 0.0365)
(0.0511 0.3285 0.0365)
(0.0657 0.3285 0.0365)
(0.0803 0.3285 0.0365)
(0.0949 0.3285 0.0365)
(0.1095 0.3285 0.0365)
(0.1241 0.3285 0.0365)
(0.1387 0.3285 0.0365)
(0.1533 0.3285 0.0365)
(0.1679 0.3285 0.0365)
(0.1825 0.3285 0.0365)
(0.1971 0.3285 0.0365)
(0.2117 0.3285 0.0365)
(0.2263 0.3285 0.0365)
(0.2409 0.3285 0.0365)
(0.2555 0.3285 0.0365)
(0.2701 0.3285 0.0365)
(0.2847 0.3285 0.0365)
(0.2993 0.3285 0.0365)
(0.3139 0.3285 0.0365)
(0.3285 0.3285 0.0365)
(0.3431 0.3285 0.0365)
(0.3577 0.3285 0.0365)
(0.3723 0.3285 0.0365)
(0.3869 0.3285 0.0365)
(0.4015 0.3285 0.0365)
(0.4161 0.3285 0.0365)
(0.4307 0.3285 0.0365)
(0.4453 0.3285 0.0365)
(0.4599 0.3285 0.0365)
(0.4745 0.3285 0.0365)
(0.4891 0.3285 0.0365)
(0.5037 0.3285 0.0365)
(0.5183 0.3285 0.0365)
(0.5329 0.3285 0.0365)
(0.5475 0.3285 0.0365)
(0.5621 0.3285 0.0365)
(0.5767 0.3285 0.0365)
(0.0073 0.3431 0.0365)
(0.0219 0.3431 0.0365)
(0.0365 0.3431 0.0365)
(0.0511 0.3431 0.0365)
(0.0657 0.3431 0.0365)
(0.0803 0.3431 0.0365)
(0.0949 0.3431 0.0365)
(0.1095 0.3431 0.0365)
(0.1241 0.3431 0.0365)
(0.1387 0.3431 0.0365)
(0.1533 0.3431 0.0365)
(0.1679 0.3431 0.0365)
(0.1825 0.3431 0.0365)
(0.1971 0.3431 0.0365)
(0.2117 0.3431 0.0365)
(0.2263 0.3431 0.0365)
(0.2409 0.3431 0.0365)
(0.2555 0.3431 0.0365)
(0.2701 0.3431 0.0365)
(0.2847 0.3431 0.0365)
(0.2993 0.3431 0.0365)
(0.3139 0.3431 0.0365)
(0.3285 0.3431 0.0365)
(0.3431 0.3431 0.0365)
(0.3577 0.3431 0.0365)
(0.3723 0.3431 0.0365)
(0.3869 0.3431 0.0365)
(0.4015 0.3431 0.0365)
(0.4161 0.3431 0.0365)
(0.4307 0.3431 0.0365)
(0.4453 0.3431 0.0365)
(0.4599 0.3431 0.0365)
(0.4745 0.3431 0.0365)
(0.4891 0.3431 0.0365)
(0.5037 0.3431 0.0365)
(0.5183 0.3431 0.0365)
(0.5329 0.3431 0.0365)
(0.5475 0.3431 0.0365)
(0.5621 0.3431 0.0365)
(0.5767 0.3431 0.0365)
(0.0073 0.3577 0.0365)
(0.0219 0.3577 0.0365)
(0.0365 0.3577 0.0365)
(0.0511 0.3577 0.0365)
(0.0657 0.3577 0.0365)
(0.0803 0.3577 0.0365)
(0.0949 0.3577 0.0365)
(0.1095 0.3577 0.0365)
(0.1241 0.3577 0.0365)
(0.1387 0.3577 0.0365)
(0.1533 0.3577 0.0365)
(0.1679 0.3577 0.0365)
(0.1825 0.3577 0.0365)
(0.1971 0.3577 0.0365)
(0.2117 0.3577 0.0365)
(0.2263 0.3577 0.0365)
(0.2409 0.3577 0.0365)
(0.2555 0.3577 0.0365)
(0.2701 0.3577 0.0365)
(0.2847 0.3577 0.0365)
(0.2993 0.3577 0.0365)
(0.3139 0.3577 0.0365)
(0.3285 0.3577 0.0365)
(0.3431 0.3577 0.0365)
(0.3577 0.3577 0.0365)
(0.3723 0.3577 0.0365)
(0.3869 0.3577 0.0365)
(0.4015 0.3577 0.0365)
(0.4161 0.3577 0.0365)
(0.4307 0.3577 0.0365)
(0.4453 0.3577 0.0365)
(0.4599 0.3577 0.0365)
(0.4745 0.3577 0.0365)
(0.4891 0.3577 0.0365)
(0.5037 0.3577 0.0365)
(0.5183 0.3577 0.0365)
(0.5329 0.3577 0.0365)
(0.5475 0.3577 0.0365)
(0.5621 0.3577 0.0365)
(0.5767 0.3577 0.0365)
(0.0073 0.3723 0.0365)
(0.0219 0.3723 0.0365)
(0.0365 0.3723 0.0365)
(0.0511 0.3723 0.0365)
(0.0657 0.3723 0.0365)
(0.0803 0.3723 0.0365)
(0.0949 0.3723 0.0365)
(0.1095 0.3723 0.0365)
(0.1241 0.3723 0.0365)
(0.1387 0.3723 0.0365)
(0.1533 0.3723 0.0365)
(0.1679 0.3723 0.0365)
(0.1825 0.3723 0.0365)
(0.1971 0.3723 0.0365)
(0.2117 0.3723 0.0365)
(0.2263 0.3723 0.0365)
(0.2409 0.3723 0.0365)
(0.2555 0.3723 0.0365)
(0.2701 0.3723 0.0365)
(0.2847 0.3723 0.0365)
(0.2993 0.3723 0.0365)
(0.3139 0.3723 0.0365)
(0.3285 0.3723 0.0365)
(0.3431 0.3723 0.0365)
(0.3577 0.3723 0.0365)
(0.3723 0.3723 0.0365)
(0.3869 0.3723 0.0365)
(0.4015 0.3723 0.0365)
(0.4161 0.3723 0.0365)
(0.4307 0.3723 0.0365)
(0.4453 0.3723 0.0365)
(0.4599 0.3723 0.0365)
(0.4745 0.3723 0.0365)
(0.4891 0.3723 0.0365)
(0.5037 0.3723 0.0365)
(0.5183 0.3723 0.0365)
(0.5329 0.3723 0.0365)
(0.5475 0.3723 0.0365)
(0.5621 0.3723 0.0365)
(0.5767 0.3723 0.0365)
(0.0073 0.3869 0.0365)
(0.0219 0.3869 0.0365)
(0.0365 0.3869 0.0365)
(0.0511 0.3869 0.0365)
(0.0657 0.3869 0.0365)
(0.0803 0.3869 0.0365)
(0.0949 0.3869 0.0365)
(0.1095 0.3869 0.0365)
(0.1241 0.3869 0.0365)
(0.1387 0.3869 0.0365)
(0.1533 0.3869 0.0365)
(0.1679 0.3869 0.0365)
(0.1825 0.3869 0.0365)
(0.1971 0.3869 0.0365)
(0.2117 0.3869 0.0365)
(0.2263 0.3869 0.0365)
(0.2409 0.3869 0.0365)
(0.2555 0.3869 0.0365)
(0.2701 0.3869 0.0365)
(0.2847 0.3869 0.0365)
(0.2993 0.3869 0.0365)
(0.3139 0.3869 0.0365)
(0.3285 0.3869 0.0365)
(0.3431 0.3869 0.0365)
(0.3577 0.3869 0.0365)
(0.3723 0.3869 0.0365)
(0.3869 0.3869 0.0365)
(0.4015 0.3869 0.0365)
(0.4161 0.3869 0.0365)
(0.4307 0.3869 0.0365)
(0.4453 0.3869 0.0365)
(0.4599 0.3869 0.0365)
(0.4745 0.3869 0.0365)
(0.4891 0.3869 0.0365)
(0.5037 0.3869 0.0365)
(0.5183 0.3869 0.0365)
(0.5329 0.3869 0.0365)
(0.5475 0.3869 0.0365)
(0.5621 0.3869 0.0365)
(0.5767 0.3869 0.0365)
(0.0073 0.4015 0.0365)
(0.0219 0.4015 0.0365)
(0.0365 0.4015 0.0365)
(0.0511 0.4015 0.0365)
(0.0657 0.4015 0.0365)
(0.0803 0.4015 0.0365)
(0.0949 0.4015 0.0365)
(0.1095 0.4015 0.0365)
(0.1241 0.4015 0.0365)
(0.1387 0.4015 0.0365)
(0.1533 0.4015 0.0365)
(0.1679 0.4015 0.0365)
(0.1825 0.4015 0.0365)
(0.1971 0.4015 0.0365)
(0.2117 0.4015 0.0365)
(0.2263 0.4015 0.0365)
(0.2409 0.4015 0.0365)
(0.2555 0.4015 0.0365)
(0.2701 0.4015 0.0365)
(0.2847 0.4015 0.0365)
(0.2993 0.4015 0.0365)
(0.3139 0.4015 0.0365)
(0.3285 0.4015 0.0365)
(0.3431 0.4015 0.0365)
(0.3577 0.4015 0.0365)
(0.3723 0.4015 0.0365)
(0.3869 0.4015 0.0365)
(0.4015 0.4015 0.0365)
(0.4161 0.4015 0.0365)
(0.4307 0.4015 0.0365)
(0.4453 0.4015 0.0365)
(0.4599 0.4015 0.0365)
(0.4745 0.4015 0.0365)
(0.4891 0.4015 0.0365)
(0.5037 0.4015 0.0365)
(0.5183 0.4015 0.0365)
(0.5329 0.4015 0.0365)
(0.5475 0.4015 0.0365)
(0.5621 0.4015 0.0365)
(0.5767 0.4015 0.0365)
(0.0073 0.4161 0.0365)
(0.0219 0.4161 0.0365)
(0.0365 0.4161 0.0365)
(0.0511 0.4161 0.0365)
(0.0657 0.4161 0.0365)
(0.0803 0.4161 0.0365)
(0.0949 0.4161 0.0365)
(0.1095 0.4161 0.0365)
(0.1241 0.4161 0.0365)
(0.1387 0.4161 0.0365)
(0.1533 0.4161 0.0365)
(0.1679 0.4161 0.0365)
(0.1825 0.4161 0.0365)
(0.1971 0.4161 0.0365)
(0.2117 0.4161 0.0365)
(0.2263 0.4161 0.0365)
(0.2409 0.4161 0.0365)
(0.2555 0.4161 0.0365)
(0.2701 0.4161 0.0365)
(0.2847 0.4161 0.0365)
(0.2993 0.4161 0.0365)
(0.3139 0.4161 0.0365)
(0.3285 0.4161 0.0365)
(0.3431 0.4161 0.0365)
(0.3577 0.4161 0.0365)
(0.3723 0.4161 0.0365)
(0.3869 0.4161 0.0365)
(0.4015 0.4161 0.0365)
(0.4161 0.4161 0.0365)
(0.4307 0.4161 0.0365)
(0.4453 0.4161 0.0365)
(0.4599 0.4161 0.0365)
(0.4745 0.4161 0.0365)
(0.4891 0.4161 0.0365)
(0.5037 0.4161 0.0365)
(0.5183 0.4161 0.0365)
(0.5329 0.4161 0.0365)
(0.5475 0.4161 0.0365)
(0.5621 0.4161 0.0365)
(0.5767 0.4161 0.0365)
(0.0073 0.4307 0.0365)
(0.0219 0.4307 0.0365)
(0.0365 0.4307 0.0365)
(0.0511 0.4307 0.0365)
(0.0657 0.4307 0.0365)
(0.0803 0.4307 0.0365)
(0.0949 0.4307 0.0365)
(0.1095 0.4307 0.0365)
(0.1241 0.4307 0.0365)
(0.1387 0.4307 0.0365)
(0.1533 0.4307 0.0365)
(0.1679 0.4307 0.0365)
(0.1825 0.4307 0.0365)
(0.1971 0.4307 0.0365)
(0.2117 0.4307 0.0365)
(0.2263 0.4307 0.0365)
(0.2409 0.4307 0.0365)
(0.2555 0.4307 0.0365)
(0.2701 0.4307 0.0365)
(0.2847 0.4307 0.0365)
(0.2993 0.4307 0.0365)
(0.3139 0.4307 0.0365)
(0.3285 0.4307 0.0365)
(0.3431 0.4307 0.0365)
(0.3577 0.4307 0.0365)
(0.3723 0.4307 0.0365)
(0.3869 0.4307 0.0365)
(0.4015 0.4307 0.0365)
(0.4161 0.4307 0.0365)
(0.4307 0.4307 0.0365)
(0.4453 0.4307 0.0365)
(0.4599 0.4307 0.0365)
(0.4745 0.4307 0.0365)
(0.4891 0.4307 0.0365)
(0.5037 0.4307 0.0365)
(0.5183 0.4307 0.0365)
(0.5329 0.4307 0.0365)
(0.5475 0.4307 0.0365)
(0.5621 0.4307 0.0365)
(0.5767 0.4307 0.0365)
(0.0073 0.4453 0.0365)
(0.0219 0.4453 0.0365)
(0.0365 0.4453 0.0365)
(0.0511 0.4453 0.0365)
(0.0657 0.4453 0.0365)
(0.0803 0.4453 0.0365)
(0.0949 0.4453 0.0365)
(0.1095 0.4453 0.0365)
(0.1241 0.4453 0.0365)
(0.1387 0.4453 0.0365)
(0.1533 0.4453 0.0365)
(0.1679 0.4453 0.0365)
(0.1825 0.4453 0.0365)
(0.1971 0.4453 0.0365)
(0.2117 0.4453 0.0365)
(0.2263 0.4453 0.0365)
(0.2409 0.4453 0.0365)
(0.2555 0.4453 0.0365)
(0.2701 0.4453 0.0365)
(0.2847 0.4453 0.0365)
(0.2993 0.4453 0.0365)
(0.3139 0.4453 0.0365)
(0.3285 0.4453 0.0365)
(0.3431 0.4453 0.0365)
(0.3577 0.4453 0.0365)
(0.3723 0.4453 0.0365)
(0.3869 0.4453 0.0365)
(0.4015 0.4453 0.0365)
(0.4161 0.4453 0.0365)
(0.4307 0.4453 0.0365)
(0.4453 0.4453 0.0365)
(0.4599 0.4453 0.0365)
(0.4745 0.4453 0.0365)
(0.4891 0.4453 0.0365)
(0.5037 0.4453 0.0365)
(0.5183 0.4453 0.0365)
(0.5329 0.4453 0.0365)
(0.5475 0.4453 0.0365)
(0.5621 0.4453 0.0365)
(0.5767 0.4453 0.0365)
(0.0073 0.4599 0.0365)
(0.0219 0.4599 0.0365)
(0.0365 0.4599 0.0365)
(0.0511 0.4599 0.0365)
(0.0657 0.4599 0.0365)
(0.0803 0.4599 0.0365)
(0.0949 0.4599 0.0365)
(0.1095 0.4599 0.0365)
(0.1241 0.4599 0.0365)
(0.1387 0.4599 0.0365)
(0.1533 0.4599 0.0365)
(0.1679 0.4599 0.0365)
(0.1825 0.4599 0.0365)
(0.1971 0.4599 0.0365)
(0.2117 0.4599 0.0365)
(0.2263 0.4599 0.0365)
(0.2409 0.4599 0.0365)
(0.2555 0.4599 0.0365)
(0.2701 0.4599 0.0365)
(0.2847 0.4599 0.0365)
(0.2993 0.4599 0.0365)
(0.3139 0.4599 0.0365)
(0.3285 0.4599 0.0365)
(0.3431 0.4599 0.0365)
(0.3577 0.4599 0.0365)
(0.3723 0.4599 0.0365)
(0.3869 0.4599 0.0365)
(0.4015 0.4599 0.0365)
(0.4161 0.4599 0.0365)
(0.4307 0.4599 0.0365)
(0.4453 0.4599 0.0365)
(0.4599 0.4599 0.0365)
(0.4745 0.4599 0.0365)
(0.4891 0.4599 0.0365)
(0.5037 0.4599 0.0365)
(0.5183 0.4599 0.0365)
(0.5329 0.4599 0.0365)
(0.5475 0.4599 0.0365)
(0.5621 0.4599 0.0365)
(0.5767 0.4599 0.0365)
(0.0073 0.4745 0.0365)
(0.0219 0.4745 0.0365)
(0.0365 0.4745 0.0365)
(0.0511 0.4745 0.0365)
(0.0657 0.4745 0.0365)
(0.0803 0.4745 0.0365)
(0.0949 0.4745 0.0365)
(0.1095 0.4745 0.0365)
(0.1241 0.4745 0.0365)
(0.1387 0.4745 0.0365)
(0.1533 0.4745 0.0365)
(0.1679 0.4745 0.0365)
(0.1825 0.4745 0.0365)
(0.1971 0.4745 0.0365)
(0.2117 0.4745 0.0365)
(0.2263 0.4745 0.0365)
(0.2409 0.4745 0.0365)
(0.2555 0.4745 0.0365)
(0.2701 0.4745 0.0365)
(0.2847 0.4745 0.0365)
(0.2993 0.4745 0.0365)
(0.3139 0.4745 0.0365)
(0.3285 0.4745 0.0365)
(0.3431 0.4745 0.0365)
(0.3577 0.4745 0.0365)
(0.3723 0.4745 0.0365)
(0.3869 0.4745 0.0365)
(0.4015 0.4745 0.0365)
(0.4161 0.4745 0.0365)
(0.4307 0.4745 0.0365)
(0.4453 0.4745 0.0365)
(0.4599 0.4745 0.0365)
(0.4745 0.4745 0.0365)
(0.4891 0.4745 0.0365)
(0.5037 0.4745 0.0365)
(0.5183 0.4745 0.0365)
(0.5329 0.4745 0.0365)
(0.5475 0.4745 0.0365)
(0.5621 0.4745 0.0365)
(0.5767 0.4745 0.0365)
(0.0073 0.4891 0.0365)
(0.0219 0.4891 0.0365)
(0.0365 0.4891 0.0365)
(0.0511 0.4891 0.0365)
(0.0657 0.4891 0.0365)
(0.0803 0.4891 0.0365)
(0.0949 0.4891 0.0365)
(0.1095 0.4891 0.0365)
(0.1241 0.4891 0.0365)
(0.1387 0.4891 0.0365)
(0.1533 0.4891 0.0365)
(0.1679 0.4891 0.0365)
(0.1825 0.4891 0.0365)
(0.1971 0.4891 0.0365)
(0.2117 0.4891 0.0365)
(0.2263 0.4891 0.0365)
(0.2409 0.4891 0.0365)
(0.2555 0.4891 0.0365)
(0.2701 0.4891 0.0365)
(0.2847 0.4891 0.0365)
(0.2993 0.4891 0.0365)
(0.3139 0.4891 0.0365)
(0.3285 0.4891 0.0365)
(0.3431 0.4891 0.0365)
(0.3577 0.4891 0.0365)
(0.3723 0.4891 0.0365)
(0.3869 0.4891 0.0365)
(0.4015 0.4891 0.0365)
(0.4161 0.4891 0.0365)
(0.4307 0.4891 0.0365)
(0.4453 0.4891 0.0365)
(0.4599 0.4891 0.0365)
(0.4745 0.4891 0.0365)
(0.4891 0.4891 0.0365)
(0.5037 0.4891 0.0365)
(0.5183 0.4891 0.0365)
(0.5329 0.4891 0.0365)
(0.5475 0.4891 0.0365)
(0.5621 0.4891 0.0365)
(0.5767 0.4891 0.0365)
(0.0073 0.5037 0.0365)
(0.0219 0.5037 0.0365)
(0.0365 0.5037 0.0365)
(0.0511 0.5037 0.0365)
(0.0657 0.5037 0.0365)
(0.0803 0.5037 0.0365)
(0.0949 0.5037 0.0365)
(0.1095 0.5037 0.0365)
(0.1241 0.5037 0.0365)
(0.1387 0.5037 0.0365)
(0.1533 0.5037 0.0365)
(0.1679 0.5037 0.0365)
(0.1825 0.5037 0.0365)
(0.1971 0.5037 0.0365)
(0.2117 0.5037 0.0365)
(0.2263 0.5037 0.0365)
(0.2409 0.5037 0.0365)
(0.2555 0.5037 0.0365)
(0.2701 0.5037 0.0365)
(0.2847 0.5037 0.0365)
(0.2993 0.5037 0.0365)
(0.3139 0.5037 0.0365)
(0.3285 0.5037 0.0365)
(0.3431 0.5037 0.0365)
(0.3577 0.5037 0.0365)
(0.3723 0.5037 0.0365)
(0.3869 0.5037 0.0365)
(0.4015 0.5037 0.0365)
(0.4161 0.5037 0.0365)
(0.4307 0.5037 0.0365)
(0.4453 0.5037 0.0365)
(0.4599 0.5037 0.0365)
(0.4745 0.5037 0.0365)
(0.4891 0.5037 0.0365)
(0.5037 0.5037 0.0365)
(0.5183 0.5037 0.0365)
(0.5329 0.5037 0.0365)
(0.5475 0.5037 0.0365)
(0.5621 0.5037 0.0365)
(0.5767 0.5037 0.0365)
(0.0073 0.5183 0.0365)
(0.0219 0.5183 0.0365)
(0.0365 0.5183 0.0365)
(0.0511 0.5183 0.0365)
(0.0657 0.5183 0.0365)
(0.0803 0.5183 0.0365)
(0.0949 0.5183 0.0365)
(0.1095 0.5183 0.0365)
(0.1241 0.5183 0.0365)
(0.1387 0.5183 0.0365)
(0.1533 0.5183 0.0365)
(0.1679 0.5183 0.0365)
(0.1825 0.5183 0.0365)
(0.1971 0.5183 0.0365)
(0.2117 0.5183 0.0365)
(0.2263 0.5183 0.0365)
(0.2409 0.5183 0.0365)
(0.2555 0.5183 0.0365)
(0.2701 0.5183 0.0365)
(0.2847 0.5183 0.0365)
(0.2993 0.5183 0.0365)
(0.3139 0.5183 0.0365)
(0.3285 0.5183 0.0365)
(0.3431 0.5183 0.0365)
(0.3577 0.5183 0.0365)
(0.3723 0.5183 0.0365)
(0.3869 0.5183 0.0365)
(0.4015 0.5183 0.0365)
(0.4161 0.5183 0.0365)
(0.4307 0.5183 0.0365)
(0.4453 0.5183 0.0365)
(0.4599 0.5183 0.0365)
(0.4745 0.5183 0.0365)
(0.4891 0.5183 0.0365)
(0.5037 0.5183 0.0365)
(0.5183 0.5183 0.0365)
(0.5329 0.5183 0.0365)
(0.5475 0.5183 0.0365)
(0.5621 0.5183 0.0365)
(0.5767 0.5183 0.0365)
(0.0073 0.5329 0.0365)
(0.0219 0.5329 0.0365)
(0.0365 0.5329 0.0365)
(0.0511 0.5329 0.0365)
(0.0657 0.5329 0.0365)
(0.0803 0.5329 0.0365)
(0.0949 0.5329 0.0365)
(0.1095 0.5329 0.0365)
(0.1241 0.5329 0.0365)
(0.1387 0.5329 0.0365)
(0.1533 0.5329 0.0365)
(0.1679 0.5329 0.0365)
(0.1825 0.5329 0.0365)
(0.1971 0.5329 0.0365)
(0.2117 0.5329 0.0365)
(0.2263 0.5329 0.0365)
(0.2409 0.5329 0.0365)
(0.2555 0.5329 0.0365)
(0.2701 0.5329 0.0365)
(0.2847 0.5329 0.0365)
(0.2993 0.5329 0.0365)
(0.3139 0.5329 0.0365)
(0.3285 0.5329 0.0365)
(0.3431 0.5329 0.0365)
(0.3577 0.5329 0.0365)
(0.3723 0.5329 0.0365)
(0.3869 0.5329 0.0365)
(0.4015 0.5329 0.0365)
(0.4161 0.5329 0.0365)
(0.4307 0.5329 0.0365)
(0.4453 0.5329 0.0365)
(0.4599 0.5329 0.0365)
(0.4745 0.5329 0.0365)
(0.4891 0.5329 0.0365)
(0.5037 0.5329 0.0365)
(0.5183 0.5329 0.0365)
(0.5329 0.5329 0.0365)
(0.5475 0.5329 0.0365)
(0.5621 0.5329 0.0365)
(0.5767 0.5329 0.0365)
(0.0073 0.5475 0.0365)
(0.0219 0.5475 0.0365)
(0.0365 0.5475 0.0365)
(0.0511 0.5475 0.0365)
(0.0657 0.5475 0.0365)
(0.0803 0.5475 0.0365)
(0.0949 0.5475 0.0365)
(0.1095 0.5475 0.0365)
(0.1241 0.5475 0.0365)
(0.1387 0.5475 0.0365)
(0.1533 0.5475 0.0365)
(0.1679 0.5475 0.0365)
(0.1825 0.5475 0.0365)
(0.1971 0.5475 0.0365)
(0.2117 0.5475 0.0365)
(0.2263 0.5475 0.0365)
(0.2409 0.5475 0.0365)
(0.2555 0.5475 0.0365)
(0.2701 0.5475 0.0365)
(0.2847 0.5475 0.0365)
(0.2993 0.5475 0.0365)
(0.3139 0.5475 0.0365)
(0.3285 0.5475 0.0365)
(0.3431 0.5475 0.0365)
(0.3577 0.5475 0.0365)
(0.3723 0.5475 0.0365)
(0.3869 0.5475 0.0365)
(0.4015 0.5475 0.0365)
(0.4161 0.5475 0.0365)
(0.4307 0.5475 0.0365)
(0.4453 0.5475 0.0365)
(0.4599 0.5475 0.0365)
(0.4745 0.5475 0.0365)
(0.4891 0.5475 0.0365)
(0.5037 0.5475 0.0365)
(0.5183 0.5475 0.0365)
(0.5329 0.5475 0.0365)
(0.5475 0.5475 0.0365)
(0.5621 0.5475 0.0365)
(0.5767 0.5475 0.0365)
(0.0073 0.5621 0.0365)
(0.0219 0.5621 0.0365)
(0.0365 0.5621 0.0365)
(0.0511 0.5621 0.0365)
(0.0657 0.5621 0.0365)
(0.0803 0.5621 0.0365)
(0.0949 0.5621 0.0365)
(0.1095 0.5621 0.0365)
(0.1241 0.5621 0.0365)
(0.1387 0.5621 0.0365)
(0.1533 0.5621 0.0365)
(0.1679 0.5621 0.0365)
(0.1825 0.5621 0.0365)
(0.1971 0.5621 0.0365)
(0.2117 0.5621 0.0365)
(0.2263 0.5621 0.0365)
(0.2409 0.5621 0.0365)
(0.2555 0.5621 0.0365)
(0.2701 0.5621 0.0365)
(0.2847 0.5621 0.0365)
(0.2993 0.5621 0.0365)
(0.3139 0.5621 0.0365)
(0.3285 0.5621 0.0365)
(0.3431 0.5621 0.0365)
(0.3577 0.5621 0.0365)
(0.3723 0.5621 0.0365)
(0.3869 0.5621 0.0365)
(0.4015 0.5621 0.0365)
(0.4161 0.5621 0.0365)
(0.4307 0.5621 0.0365)
(0.4453 0.5621 0.0365)
(0.4599 0.5621 0.0365)
(0.4745 0.5621 0.0365)
(0.4891 0.5621 0.0365)
(0.5037 0.5621 0.0365)
(0.5183 0.5621 0.0365)
(0.5329 0.5621 0.0365)
(0.5475 0.5621 0.0365)
(0.5621 0.5621 0.0365)
(0.5767 0.5621 0.0365)
(0.0073 0.5767 0.0365)
(0.0219 0.5767 0.0365)
(0.0365 0.5767 0.0365)
(0.0511 0.5767 0.0365)
(0.0657 0.5767 0.0365)
(0.0803 0.5767 0.0365)
(0.0949 0.5767 0.0365)
(0.1095 0.5767 0.0365)
(0.1241 0.5767 0.0365)
(0.1387 0.5767 0.0365)
(0.1533 0.5767 0.0365)
(0.1679 0.5767 0.0365)
(0.1825 0.5767 0.0365)
(0.1971 0.5767 0.0365)
(0.2117 0.5767 0.0365)
(0.2263 0.5767 0.0365)
(0.2409 0.5767 0.0365)
(0.2555 0.5767 0.0365)
(0.2701 0.5767 0.0365)
(0.2847 0.5767 0.0365)
(0.2993 0.5767 0.0365)
(0.3139 0.5767 0.0365)
(0.3285 0.5767 0.0365)
(0.3431 0.5767 0.0365)
(0.3577 0.5767 0.0365)
(0.3723 0.5767 0.0365)
(0.3869 0.5767 0.0365)
(0.4015 0.5767 0.0365)
(0.4161 0.5767 0.0365)
(0.4307 0.5767 0.0365)
(0.4453 0.5767 0.0365)
(0.4599 0.5767 0.0365)
(0.4745 0.5767 0.0365)
(0.4891 0.5767 0.0365)
(0.5037 0.5767 0.0365)
(0.5183 0.5767 0.0365)
(0.5329 0.5767 0.0365)
(0.5475 0.5767 0.0365)
(0.5621 0.5767 0.0365)
(0.5767 0.5767 0.0365)
(0.0073 0.0073 0.0511)
(0.0219 0.0073 0.0511)
(0.0365 0.0073 0.0511)
(0.0511 0.0073 0.0511)
(0.0657 0.0073 0.0511)
(0.0803 0.0073 0.0511)
(0.0949 0.0073 0.0511)
(0.1095 0.0073 0.0511)
(0.1241 0.0073 0.0511)
(0.1387 0.0073 0.0511)
(0.1533 0.0073 0.0511)
(0.1679 0.0073 0.0511)
(0.1825 0.0073 0.0511)
(0.1971 0.0073 0.0511)
(0.2117 0.0073 0.0511)
(0.2263 0.0073 0.0511)
(0.2409 0.0073 0.0511)
(0.2555 0.0073 0.0511)
(0.2701 0.0073 0.0511)
(0.2847 0.0073 0.0511)
(0.2993 0.0073 0.0511)
(0.3139 0.0073 0.0511)
(0.3285 0.0073 0.0511)
(0.3431 0.0073 0.0511)
(0.3577 0.0073 0.0511)
(0.3723 0.0073 0.0511)
(0.3869 0.0073 0.0511)
(0.4015 0.0073 0.0511)
(0.4161 0.0073 0.0511)
(0.4307 0.0073 0.0511)
(0.4453 0.0073 0.0511)
(0.4599 0.0073 0.0511)
(0.4745 0.0073 0.0511)
(0.4891 0.0073 0.0511)
(0.5037 0.0073 0.0511)
(0.5183 0.0073 0.0511)
(0.5329 0.0073 0.0511)
(0.5475 0.0073 0.0511)
(0.5621 0.0073 0.0511)
(0.5767 0.0073 0.0511)
(0.0073 0.0219 0.0511)
(0.0219 0.0219 0.0511)
(0.0365 0.0219 0.0511)
(0.0511 0.0219 0.0511)
(0.0657 0.0219 0.0511)
(0.0803 0.0219 0.0511)
(0.0949 0.0219 0.0511)
(0.1095 0.0219 0.0511)
(0.1241 0.0219 0.0511)
(0.1387 0.0219 0.0511)
(0.1533 0.0219 0.0511)
(0.1679 0.0219 0.0511)
(0.1825 0.0219 0.0511)
(0.1971 0.0219 0.0511)
(0.2117 0.0219 0.0511)
(0.2263 0.0219 0.0511)
(0.2409 0.0219 0.0511)
(0.2555 0.0219 0.0511)
(0.2701 0.0219 0.0511)
(0.2847 0.0219 0.0511)
(0.2993 0.0219 0.0511)
(0.3139 0.0219 0.0511)
(0.3285 0.0219 0.0511)
(0.3431 0.0219 0.0511)
(0.3577 0.0219 0.0511)
(0.3723 0.0219 0.0511)
(0.3869 0.0219 0.0511)
(0.4015 0.0219 0.0511)
(0.4161 0.0219 0.0511)
(0.4307 0.0219 0.0511)
(0.4453 0.0219 0.0511)
(0.4599 0.0219 0.0511)
(0.4745 0.0219 0.0511)
(0.4891 0.0219 0.0511)
(0.5037 0.0219 0.0511)
(0.5183 0.0219 0.0511)
(0.5329 0.0219 0.0511)
(0.5475 0.0219 0.0511)
(0.5621 0.0219 0.0511)
(0.5767 0.0219 0.0511)
(0.0073 0.0365 0.0511)
(0.0219 0.0365 0.0511)
(0.0365 0.0365 0.0511)
(0.0511 0.0365 0.0511)
(0.0657 0.0365 0.0511)
(0.0803 0.0365 0.0511)
(0.0949 0.0365 0.0511)
(0.1095 0.0365 0.0511)
(0.1241 0.0365 0.0511)
(0.1387 0.0365 0.0511)
(0.1533 0.0365 0.0511)
(0.1679 0.0365 0.0511)
(0.1825 0.0365 0.0511)
(0.1971 0.0365 0.0511)
(0.2117 0.0365 0.0511)
(0.2263 0.0365 0.0511)
(0.2409 0.0365 0.0511)
(0.2555 0.0365 0.0511)
(0.2701 0.0365 0.0511)
(0.2847 0.0365 0.0511)
(0.2993 0.0365 0.0511)
(0.3139 0.0365 0.0511)
(0.3285 0.0365 0.0511)
(0.3431 0.0365 0.0511)
(0.3577 0.0365 0.0511)
(0.3723 0.0365 0.0511)
(0.3869 0.0365 0.0511)
(0.4015 0.0365 0.0511)
(0.4161 0.0365 0.0511)
(0.4307 0.0365 0.0511)
(0.4453 0.0365 0.0511)
(0.4599 0.0365 0.0511)
(0.4745 0.0365 0.0511)
(0.4891 0.0365 0.0511)
(0.5037 0.0365 0.0511)
(0.5183 0.0365 0.0511)
(0.5329 0.0365 0.0511)
(0.5475 0.0365 0.0511)
(0.5621 0.0365 0.0511)
(0.5767 0.0365 0.0511)
(0.0073 0.0511 0.0511)
(0.0219 0.0511 0.0511)
(0.0365 0.0511 0.0511)
(0.0511 0.0511 0.0511)
(0.0657 0.0511 0.0511)
(0.0803 0.0511 0.0511)
(0.0949 0.0511 0.0511)
(0.1095 0.0511 0.0511)
(0.1241 0.0511 0.0511)
(0.1387 0.0511 0.0511)
(0.1533 0.0511 0.0511)
(0.1679 0.0511 0.0511)
(0.1825 0.0511 0.0511)
(0.1971 0.0511 0.0511)
(0.2117 0.0511 0.0511)
(0.2263 0.0511 0.0511)
(0.2409 0.0511 0.0511)
(0.2555 0.0511 0.0511)
(0.2701 0.0511 0.0511)
(0.2847 0.0511 0.0511)
(0.2993 0.0511 0.0511)
(0.3139 0.0511 0.0511)
(0.3285 0.0511 0.0511)
(0.3431 0.0511 0.0511)
(0.3577 0.0511 0.0511)
(0.3723 0.0511 0.0511)
(0.3869 0.0511 0.0511)
(0.4015 0.0511 0.0511)
(0.4161 0.0511 0.0511)
(0.4307 0.0511 0.0511)
(0.4453 0.0511 0.0511)
(0.4599 0.0511 0.0511)
(0.4745 0.0511 0.0511)
(0.4891 0.0511 0.0511)
(0.5037 0.0511 0.0511)
(0.5183 0.0511 0.0511)
(0.5329 0.0511 0.0511)
(0.5475 0.0511 0.0511)
(0.5621 0.0511 0.0511)
(0.5767 0.0511 0.0511)
(0.0073 0.0657 0.0511)
(0.0219 0.0657 0.0511)
(0.0365 0.0657 0.0511)
(0.0511 0.0657 0.0511)
(0.0657 0.0657 0.0511)
(0.0803 0.0657 0.0511)
(0.0949 0.0657 0.0511)
(0.1095 0.0657 0.0511)
(0.1241 0.0657 0.0511)
(0.1387 0.0657 0.0511)
(0.1533 0.0657 0.0511)
(0.1679 0.0657 0.0511)
(0.1825 0.0657 0.0511)
(0.1971 0.0657 0.0511)
(0.2117 0.0657 0.0511)
(0.2263 0.0657 0.0511)
(0.2409 0.0657 0.0511)
(0.2555 0.0657 0.0511)
(0.2701 0.0657 0.0511)
(0.2847 0.0657 0.0511)
(0.2993 0.0657 0.0511)
(0.3139 0.0657 0.0511)
(0.3285 0.0657 0.0511)
(0.3431 0.0657 0.0511)
(0.3577 0.0657 0.0511)
(0.3723 0.0657 0.0511)
(0.3869 0.0657 0.0511)
(0.4015 0.0657 0.0511)
(0.4161 0.0657 0.0511)
(0.4307 0.0657 0.0511)
(0.4453 0.0657 0.0511)
(0.4599 0.0657 0.0511)
(0.4745 0.0657 0.0511)
(0.4891 0.0657 0.0511)
(0.5037 0.0657 0.0511)
(0.5183 0.0657 0.0511)
(0.5329 0.0657 0.0511)
(0.5475 0.0657 0.0511)
(0.5621 0.0657 0.0511)
(0.5767 0.0657 0.0511)
(0.0073 0.0803 0.0511)
(0.0219 0.0803 0.0511)
(0.0365 0.0803 0.0511)
(0.0511 0.0803 0.0511)
(0.0657 0.0803 0.0511)
(0.0803 0.0803 0.0511)
(0.0949 0.0803 0.0511)
(0.1095 0.0803 0.0511)
(0.1241 0.0803 0.0511)
(0.1387 0.0803 0.0511)
(0.1533 0.0803 0.0511)
(0.1679 0.0803 0.0511)
(0.1825 0.0803 0.0511)
(0.1971 0.0803 0.0511)
(0.2117 0.0803 0.0511)
(0.2263 0.0803 0.0511)
(0.2409 0.0803 0.0511)
(0.2555 0.0803 0.0511)
(0.2701 0.0803 0.0511)
(0.2847 0.0803 0.0511)
(0.2993 0.0803 0.0511)
(0.3139 0.0803 0.0511)
(0.3285 0.0803 0.0511)
(0.3431 0.0803 0.0511)
(0.3577 0.0803 0.0511)
(0.3723 0.0803 0.0511)
(0.3869 0.0803 0.0511)
(0.4015 0.0803 0.0511)
(0.4161 0.0803 0.0511)
(0.4307 0.0803 0.0511)
(0.4453 0.0803 0.0511)
(0.4599 0.0803 0.0511)
(0.4745 0.0803 0.0511)
(0.4891 0.0803 0.0511)
(0.5037 0.0803 0.0511)
(0.5183 0.0803 0.0511)
(0.5329 0.0803 0.0511)
(0.5475 0.0803 0.0511)
(0.5621 0.0803 0.0511)
(0.5767 0.0803 0.0511)
(0.0073 0.0949 0.0511)
(0.0219 0.0949 0.0511)
(0.0365 0.0949 0.0511)
(0.0511 0.0949 0.0511)
(0.0657 0.0949 0.0511)
(0.0803 0.0949 0.0511)
(0.0949 0.0949 0.0511)
(0.1095 0.0949 0.0511)
(0.1241 0.0949 0.0511)
(0.1387 0.0949 0.0511)
(0.1533 0.0949 0.0511)
(0.1679 0.0949 0.0511)
(0.1825 0.0949 0.0511)
(0.1971 0.0949 0.0511)
(0.2117 0.0949 0.0511)
(0.2263 0.0949 0.0511)
(0.2409 0.0949 0.0511)
(0.2555 0.0949 0.0511)
(0.2701 0.0949 0.0511)
(0.2847 0.0949 0.0511)
(0.2993 0.0949 0.0511)
(0.3139 0.0949 0.0511)
(0.3285 0.0949 0.0511)
(0.3431 0.0949 0.0511)
(0.3577 0.0949 0.0511)
(0.3723 0.0949 0.0511)
(0.3869 0.0949 0.0511)
(0.4015 0.0949 0.0511)
(0.4161 0.0949 0.0511)
(0.4307 0.0949 0.0511)
(0.4453 0.0949 0.0511)
(0.4599 0.0949 0.0511)
(0.4745 0.0949 0.0511)
(0.4891 0.0949 0.0511)
(0.5037 0.0949 0.0511)
(0.5183 0.0949 0.0511)
(0.5329 0.0949 0.0511)
(0.5475 0.0949 0.0511)
(0.5621 0.0949 0.0511)
(0.5767 0.0949 0.0511)
(0.0073 0.1095 0.0511)
(0.0219 0.1095 0.0511)
(0.0365 0.1095 0.0511)
(0.0511 0.1095 0.0511)
(0.0657 0.1095 0.0511)
(0.0803 0.1095 0.0511)
(0.0949 0.1095 0.0511)
(0.1095 0.1095 0.0511)
(0.1241 0.1095 0.0511)
(0.1387 0.1095 0.0511)
(0.1533 0.1095 0.0511)
(0.1679 0.1095 0.0511)
(0.1825 0.1095 0.0511)
(0.1971 0.1095 0.0511)
(0.2117 0.1095 0.0511)
(0.2263 0.1095 0.0511)
(0.2409 0.1095 0.0511)
(0.2555 0.1095 0.0511)
(0.2701 0.1095 0.0511)
(0.2847 0.1095 0.0511)
(0.2993 0.1095 0.0511)
(0.3139 0.1095 0.0511)
(0.3285 0.1095 0.0511)
(0.3431 0.1095 0.0511)
(0.3577 0.1095 0.0511)
(0.3723 0.1095 0.0511)
(0.3869 0.1095 0.0511)
(0.4015 0.1095 0.0511)
(0.4161 0.1095 0.0511)
(0.4307 0.1095 0.0511)
(0.4453 0.1095 0.0511)
(0.4599 0.1095 0.0511)
(0.4745 0.1095 0.0511)
(0.4891 0.1095 0.0511)
(0.5037 0.1095 0.0511)
(0.5183 0.1095 0.0511)
(0.5329 0.1095 0.0511)
(0.5475 0.1095 0.0511)
(0.5621 0.1095 0.0511)
(0.5767 0.1095 0.0511)
(0.0073 0.1241 0.0511)
(0.0219 0.1241 0.0511)
(0.0365 0.1241 0.0511)
(0.0511 0.1241 0.0511)
(0.0657 0.1241 0.0511)
(0.0803 0.1241 0.0511)
(0.0949 0.1241 0.0511)
(0.1095 0.1241 0.0511)
(0.1241 0.1241 0.0511)
(0.1387 0.1241 0.0511)
(0.1533 0.1241 0.0511)
(0.1679 0.1241 0.0511)
(0.1825 0.1241 0.0511)
(0.1971 0.1241 0.0511)
(0.2117 0.1241 0.0511)
(0.2263 0.1241 0.0511)
(0.2409 0.1241 0.0511)
(0.2555 0.1241 0.0511)
(0.2701 0.1241 0.0511)
(0.2847 0.1241 0.0511)
(0.2993 0.1241 0.0511)
(0.3139 0.1241 0.0511)
(0.3285 0.1241 0.0511)
(0.3431 0.1241 0.0511)
(0.3577 0.1241 0.0511)
(0.3723 0.1241 0.0511)
(0.3869 0.1241 0.0511)
(0.4015 0.1241 0.0511)
(0.4161 0.1241 0.0511)
(0.4307 0.1241 0.0511)
(0.4453 0.1241 0.0511)
(0.4599 0.1241 0.0511)
(0.4745 0.1241 0.0511)
(0.4891 0.1241 0.0511)
(0.5037 0.1241 0.0511)
(0.5183 0.1241 0.0511)
(0.5329 0.1241 0.0511)
(0.5475 0.1241 0.0511)
(0.5621 0.1241 0.0511)
(0.5767 0.1241 0.0511)
(0.0073 0.1387 0.0511)
(0.0219 0.1387 0.0511)
(0.0365 0.1387 0.0511)
(0.0511 0.1387 0.0511)
(0.0657 0.1387 0.0511)
(0.0803 0.1387 0.0511)
(0.0949 0.1387 0.0511)
(0.1095 0.1387 0.0511)
(0.1241 0.1387 0.0511)
(0.1387 0.1387 0.0511)
(0.1533 0.1387 0.0511)
(0.1679 0.1387 0.0511)
(0.1825 0.1387 0.0511)
(0.1971 0.1387 0.0511)
(0.2117 0.1387 0.0511)
(0.2263 0.1387 0.0511)
(0.2409 0.1387 0.0511)
(0.2555 0.1387 0.0511)
(0.2701 0.1387 0.0511)
(0.2847 0.1387 0.0511)
(0.2993 0.1387 0.0511)
(0.3139 0.1387 0.0511)
(0.3285 0.1387 0.0511)
(0.3431 0.1387 0.0511)
(0.3577 0.1387 0.0511)
(0.3723 0.1387 0.0511)
(0.3869 0.1387 0.0511)
(0.4015 0.1387 0.0511)
(0.4161 0.1387 0.0511)
(0.4307 0.1387 0.0511)
(0.4453 0.1387 0.0511)
(0.4599 0.1387 0.0511)
(0.4745 0.1387 0.0511)
(0.4891 0.1387 0.0511)
(0.5037 0.1387 0.0511)
(0.5183 0.1387 0.0511)
(0.5329 0.1387 0.0511)
(0.5475 0.1387 0.0511)
(0.5621 0.1387 0.0511)
(0.5767 0.1387 0.0511)
(0.0073 0.1533 0.0511)
(0.0219 0.1533 0.0511)
(0.0365 0.1533 0.0511)
(0.0511 0.1533 0.0511)
(0.0657 0.1533 0.0511)
(0.0803 0.1533 0.0511)
(0.0949 0.1533 0.0511)
(0.1095 0.1533 0.0511)
(0.1241 0.1533 0.0511)
(0.1387 0.1533 0.0511)
(0.1533 0.1533 0.0511)
(0.1679 0.1533 0.0511)
(0.1825 0.1533 0.0511)
(0.1971 0.1533 0.0511)
(0.2117 0.1533 0.0511)
(0.2263 0.1533 0.0511)
(0.2409 0.1533 0.0511)
(0.2555 0.1533 0.0511)
(0.2701 0.1533 0.0511)
(0.2847 0.1533 0.0511)
(0.2993 0.1533 0.0511)
(0.3139 0.1533 0.0511)
(0.3285 0.1533 0.0511)
(0.3431 0.1533 0.0511)
(0.3577 0.1533 0.0511)
(0.3723 0.1533 0.0511)
(0.3869 0.1533 0.0511)
(0.4015 0.1533 0.0511)
(0.4161 0.1533 0.0511)
(0.4307 0.1533 0.0511)
(0.4453 0.1533 0.0511)
(0.4599 0.1533 0.0511)
(0.4745 0.1533 0.0511)
(0.4891 0.1533 0.0511)
(0.5037 0.1533 0.0511)
(0.5183 0.1533 0.0511)
(0.5329 0.1533 0.0511)
(0.5475 0.1533 0.0511)
(0.5621 0.1533 0.0511)
(0.5767 0.1533 0.0511)
(0.0073 0.1679 0.0511)
(0.0219 0.1679 0.0511)
(0.0365 0.1679 0.0511)
(0.0511 0.1679 0.0511)
(0.0657 0.1679 0.0511)
(0.0803 0.1679 0.0511)
(0.0949 0.1679 0.0511)
(0.1095 0.1679 0.0511)
(0.1241 0.1679 0.0511)
(0.1387 0.1679 0.0511)
(0.1533 0.1679 0.0511)
(0.1679 0.1679 0.0511)
(0.1825 0.1679 0.0511)
(0.1971 0.1679 0.0511)
(0.2117 0.1679 0.0511)
(0.2263 0.1679 0.0511)
(0.2409 0.1679 0.0511)
(0.2555 0.1679 0.0511)
(0.2701 0.1679 0.0511)
(0.2847 0.1679 0.0511)
(0.2993 0.1679 0.0511)
(0.3139 0.1679 0.0511)
(0.3285 0.1679 0.0511)
(0.3431 0.1679 0.0511)
(0.3577 0.1679 0.0511)
(0.3723 0.1679 0.0511)
(0.3869 0.1679 0.0511)
(0.4015 0.1679 0.0511)
(0.4161 0.1679 0.0511)
(0.4307 0.1679 0.0511)
(0.4453 0.1679 0.0511)
(0.4599 0.1679 0.0511)
(0.4745 0.1679 0.0511)
(0.4891 0.1679 0.0511)
(0.5037 0.1679 0.0511)
(0.5183 0.1679 0.0511)
(0.5329 0.1679 0.0511)
(0.5475 0.1679 0.0511)
(0.5621 0.1679 0.0511)
(0.5767 0.1679 0.0511)
(0.0073 0.1825 0.0511)
(0.0219 0.1825 0.0511)
(0.0365 0.1825 0.0511)
(0.0511 0.1825 0.0511)
(0.0657 0.1825 0.0511)
(0.0803 0.1825 0.0511)
(0.0949 0.1825 0.0511)
(0.1095 0.1825 0.0511)
(0.1241 0.1825 0.0511)
(0.1387 0.1825 0.0511)
(0.1533 0.1825 0.0511)
(0.1679 0.1825 0.0511)
(0.1825 0.1825 0.0511)
(0.1971 0.1825 0.0511)
(0.2117 0.1825 0.0511)
(0.2263 0.1825 0.0511)
(0.2409 0.1825 0.0511)
(0.2555 0.1825 0.0511)
(0.2701 0.1825 0.0511)
(0.2847 0.1825 0.0511)
(0.2993 0.1825 0.0511)
(0.3139 0.1825 0.0511)
(0.3285 0.1825 0.0511)
(0.3431 0.1825 0.0511)
(0.3577 0.1825 0.0511)
(0.3723 0.1825 0.0511)
(0.3869 0.1825 0.0511)
(0.4015 0.1825 0.0511)
(0.4161 0.1825 0.0511)
(0.4307 0.1825 0.0511)
(0.4453 0.1825 0.0511)
(0.4599 0.1825 0.0511)
(0.4745 0.1825 0.0511)
(0.4891 0.1825 0.0511)
(0.5037 0.1825 0.0511)
(0.5183 0.1825 0.0511)
(0.5329 0.1825 0.0511)
(0.5475 0.1825 0.0511)
(0.5621 0.1825 0.0511)
(0.5767 0.1825 0.0511)
(0.0073 0.1971 0.0511)
(0.0219 0.1971 0.0511)
(0.0365 0.1971 0.0511)
(0.0511 0.1971 0.0511)
(0.0657 0.1971 0.0511)
(0.0803 0.1971 0.0511)
(0.0949 0.1971 0.0511)
(0.1095 0.1971 0.0511)
(0.1241 0.1971 0.0511)
(0.1387 0.1971 0.0511)
(0.1533 0.1971 0.0511)
(0.1679 0.1971 0.0511)
(0.1825 0.1971 0.0511)
(0.1971 0.1971 0.0511)
(0.2117 0.1971 0.0511)
(0.2263 0.1971 0.0511)
(0.2409 0.1971 0.0511)
(0.2555 0.1971 0.0511)
(0.2701 0.1971 0.0511)
(0.2847 0.1971 0.0511)
(0.2993 0.1971 0.0511)
(0.3139 0.1971 0.0511)
(0.3285 0.1971 0.0511)
(0.3431 0.1971 0.0511)
(0.3577 0.1971 0.0511)
(0.3723 0.1971 0.0511)
(0.3869 0.1971 0.0511)
(0.4015 0.1971 0.0511)
(0.4161 0.1971 0.0511)
(0.4307 0.1971 0.0511)
(0.4453 0.1971 0.0511)
(0.4599 0.1971 0.0511)
(0.4745 0.1971 0.0511)
(0.4891 0.1971 0.0511)
(0.5037 0.1971 0.0511)
(0.5183 0.1971 0.0511)
(0.5329 0.1971 0.0511)
(0.5475 0.1971 0.0511)
(0.5621 0.1971 0.0511)
(0.5767 0.1971 0.0511)
(0.0073 0.2117 0.0511)
(0.0219 0.2117 0.0511)
(0.0365 0.2117 0.0511)
(0.0511 0.2117 0.0511)
(0.0657 0.2117 0.0511)
(0.0803 0.2117 0.0511)
(0.0949 0.2117 0.0511)
(0.1095 0.2117 0.0511)
(0.1241 0.2117 0.0511)
(0.1387 0.2117 0.0511)
(0.1533 0.2117 0.0511)
(0.1679 0.2117 0.0511)
(0.1825 0.2117 0.0511)
(0.1971 0.2117 0.0511)
(0.2117 0.2117 0.0511)
(0.2263 0.2117 0.0511)
(0.2409 0.2117 0.0511)
(0.2555 0.2117 0.0511)
(0.2701 0.2117 0.0511)
(0.2847 0.2117 0.0511)
(0.2993 0.2117 0.0511)
(0.3139 0.2117 0.0511)
(0.3285 0.2117 0.0511)
(0.3431 0.2117 0.0511)
(0.3577 0.2117 0.0511)
(0.3723 0.2117 0.0511)
(0.3869 0.2117 0.0511)
(0.4015 0.2117 0.0511)
(0.4161 0.2117 0.0511)
(0.4307 0.2117 0.0511)
(0.4453 0.2117 0.0511)
(0.4599 0.2117 0.0511)
(0.4745 0.2117 0.0511)
(0.4891 0.2117 0.0511)
(0.5037 0.2117 0.0511)
(0.5183 0.2117 0.0511)
(0.5329 0.2117 0.0511)
(0.5475 0.2117 0.0511)
(0.5621 0.2117 0.0511)
(0.5767 0.2117 0.0511)
(0.0073 0.2263 0.0511)
(0.0219 0.2263 0.0511)
(0.0365 0.2263 0.0511)
(0.0511 0.2263 0.0511)
(0.0657 0.2263 0.0511)
(0.0803 0.2263 0.0511)
(0.0949 0.2263 0.0511)
(0.1095 0.2263 0.0511)
(0.1241 0.2263 0.0511)
(0.1387 0.2263 0.0511)
(0.1533 0.2263 0.0511)
(0.1679 0.2263 0.0511)
(0.1825 0.2263 0.0511)
(0.1971 0.2263 0.0511)
(0.2117 0.2263 0.0511)
(0.2263 0.2263 0.0511)
(0.2409 0.2263 0.0511)
(0.2555 0.2263 0.0511)
(0.2701 0.2263 0.0511)
(0.2847 0.2263 0.0511)
(0.2993 0.2263 0.0511)
(0.3139 0.2263 0.0511)
(0.3285 0.2263 0.0511)
(0.3431 0.2263 0.0511)
(0.3577 0.2263 0.0511)
(0.3723 0.2263 0.0511)
(0.3869 0.2263 0.0511)
(0.4015 0.2263 0.0511)
(0.4161 0.2263 0.0511)
(0.4307 0.2263 0.0511)
(0.4453 0.2263 0.0511)
(0.4599 0.2263 0.0511)
(0.4745 0.2263 0.0511)
(0.4891 0.2263 0.0511)
(0.5037 0.2263 0.0511)
(0.5183 0.2263 0.0511)
(0.5329 0.2263 0.0511)
(0.5475 0.2263 0.0511)
(0.5621 0.2263 0.0511)
(0.5767 0.2263 0.0511)
(0.0073 0.2409 0.0511)
(0.0219 0.2409 0.0511)
(0.0365 0.2409 0.0511)
(0.0511 0.2409 0.0511)
(0.0657 0.2409 0.0511)
(0.0803 0.2409 0.0511)
(0.0949 0.2409 0.0511)
(0.1095 0.2409 0.0511)
(0.1241 0.2409 0.0511)
(0.1387 0.2409 0.0511)
(0.1533 0.2409 0.0511)
(0.1679 0.2409 0.0511)
(0.1825 0.2409 0.0511)
(0.1971 0.2409 0.0511)
(0.2117 0.2409 0.0511)
(0.2263 0.2409 0.0511)
(0.2409 0.2409 0.0511)
(0.2555 0.2409 0.0511)
(0.2701 0.2409 0.0511)
(0.2847 0.2409 0.0511)
(0.2993 0.2409 0.0511)
(0.3139 0.2409 0.0511)
(0.3285 0.2409 0.0511)
(0.3431 0.2409 0.0511)
(0.3577 0.2409 0.0511)
(0.3723 0.2409 0.0511)
(0.3869 0.2409 0.0511)
(0.4015 0.2409 0.0511)
(0.4161 0.2409 0.0511)
(0.4307 0.2409 0.0511)
(0.4453 0.2409 0.0511)
(0.4599 0.2409 0.0511)
(0.4745 0.2409 0.0511)
(0.4891 0.2409 0.0511)
(0.5037 0.2409 0.0511)
(0.5183 0.2409 0.0511)
(0.5329 0.2409 0.0511)
(0.5475 0.2409 0.0511)
(0.5621 0.2409 0.0511)
(0.5767 0.2409 0.0511)
(0.0073 0.2555 0.0511)
(0.0219 0.2555 0.0511)
(0.0365 0.2555 0.0511)
(0.0511 0.2555 0.0511)
(0.0657 0.2555 0.0511)
(0.0803 0.2555 0.0511)
(0.0949 0.2555 0.0511)
(0.1095 0.2555 0.0511)
(0.1241 0.2555 0.0511)
(0.1387 0.2555 0.0511)
(0.1533 0.2555 0.0511)
(0.1679 0.2555 0.0511)
(0.1825 0.2555 0.0511)
(0.1971 0.2555 0.0511)
(0.2117 0.2555 0.0511)
(0.2263 0.2555 0.0511)
(0.2409 0.2555 0.0511)
(0.2555 0.2555 0.0511)
(0.2701 0.2555 0.0511)
(0.2847 0.2555 0.0511)
(0.2993 0.2555 0.0511)
(0.3139 0.2555 0.0511)
(0.3285 0.2555 0.0511)
(0.3431 0.2555 0.0511)
(0.3577 0.2555 0.0511)
(0.3723 0.2555 0.0511)
(0.3869 0.2555 0.0511)
(0.4015 0.2555 0.0511)
(0.4161 0.2555 0.0511)
(0.4307 0.2555 0.0511)
(0.4453 0.2555 0.0511)
(0.4599 0.2555 0.0511)
(0.4745 0.2555 0.0511)
(0.4891 0.2555 0.0511)
(0.5037 0.2555 0.0511)
(0.5183 0.2555 0.0511)
(0.5329 0.2555 0.0511)
(0.5475 0.2555 0.0511)
(0.5621 0.2555 0.0511)
(0.5767 0.2555 0.0511)
(0.0073 0.2701 0.0511)
(0.0219 0.2701 0.0511)
(0.0365 0.2701 0.0511)
(0.0511 0.2701 0.0511)
(0.0657 0.2701 0.0511)
(0.0803 0.2701 0.0511)
(0.0949 0.2701 0.0511)
(0.1095 0.2701 0.0511)
(0.1241 0.2701 0.0511)
(0.1387 0.2701 0.0511)
(0.1533 0.2701 0.0511)
(0.1679 0.2701 0.0511)
(0.1825 0.2701 0.0511)
(0.1971 0.2701 0.0511)
(0.2117 0.2701 0.0511)
(0.2263 0.2701 0.0511)
(0.2409 0.2701 0.0511)
(0.2555 0.2701 0.0511)
(0.2701 0.2701 0.0511)
(0.2847 0.2701 0.0511)
(0.2993 0.2701 0.0511)
(0.3139 0.2701 0.0511)
(0.3285 0.2701 0.0511)
(0.3431 0.2701 0.0511)
(0.3577 0.2701 0.0511)
(0.3723 0.2701 0.0511)
(0.3869 0.2701 0.0511)
(0.4015 0.2701 0.0511)
(0.4161 0.2701 0.0511)
(0.4307 0.2701 0.0511)
(0.4453 0.2701 0.0511)
(0.4599 0.2701 0.0511)
(0.4745 0.2701 0.0511)
(0.4891 0.2701 0.0511)
(0.5037 0.2701 0.0511)
(0.5183 0.2701 0.0511)
(0.5329 0.2701 0.0511)
(0.5475 0.2701 0.0511)
(0.5621 0.2701 0.0511)
(0.5767 0.2701 0.0511)
(0.0073 0.2847 0.0511)
(0.0219 0.2847 0.0511)
(0.0365 0.2847 0.0511)
(0.0511 0.2847 0.0511)
(0.0657 0.2847 0.0511)
(0.0803 0.2847 0.0511)
(0.0949 0.2847 0.0511)
(0.1095 0.2847 0.0511)
(0.1241 0.2847 0.0511)
(0.1387 0.2847 0.0511)
(0.1533 0.2847 0.0511)
(0.1679 0.2847 0.0511)
(0.1825 0.2847 0.0511)
(0.1971 0.2847 0.0511)
(0.2117 0.2847 0.0511)
(0.2263 0.2847 0.0511)
(0.2409 0.2847 0.0511)
(0.2555 0.2847 0.0511)
(0.2701 0.2847 0.0511)
(0.2847 0.2847 0.0511)
(0.2993 0.2847 0.0511)
(0.3139 0.2847 0.0511)
(0.3285 0.2847 0.0511)
(0.3431 0.2847 0.0511)
(0.3577 0.2847 0.0511)
(0.3723 0.2847 0.0511)
(0.3869 0.2847 0.0511)
(0.4015 0.2847 0.0511)
(0.4161 0.2847 0.0511)
(0.4307 0.2847 0.0511)
(0.4453 0.2847 0.0511)
(0.4599 0.2847 0.0511)
(0.4745 0.2847 0.0511)
(0.4891 0.2847 0.0511)
(0.5037 0.2847 0.0511)
(0.5183 0.2847 0.0511)
(0.5329 0.2847 0.0511)
(0.5475 0.2847 0.0511)
(0.5621 0.2847 0.0511)
(0.5767 0.2847 0.0511)
(0.0073 0.2993 0.0511)
(0.0219 0.2993 0.0511)
(0.0365 0.2993 0.0511)
(0.0511 0.2993 0.0511)
(0.0657 0.2993 0.0511)
(0.0803 0.2993 0.0511)
(0.0949 0.2993 0.0511)
(0.1095 0.2993 0.0511)
(0.1241 0.2993 0.0511)
(0.1387 0.2993 0.0511)
(0.1533 0.2993 0.0511)
(0.1679 0.2993 0.0511)
(0.1825 0.2993 0.0511)
(0.1971 0.2993 0.0511)
(0.2117 0.2993 0.0511)
(0.2263 0.2993 0.0511)
(0.2409 0.2993 0.0511)
(0.2555 0.2993 0.0511)
(0.2701 0.2993 0.0511)
(0.2847 0.2993 0.0511)
(0.2993 0.2993 0.0511)
(0.3139 0.2993 0.0511)
(0.3285 0.2993 0.0511)
(0.3431 0.2993 0.0511)
(0.3577 0.2993 0.0511)
(0.3723 0.2993 0.0511)
(0.3869 0.2993 0.0511)
(0.4015 0.2993 0.0511)
(0.4161 0.2993 0.0511)
(0.4307 0.2993 0.0511)
(0.4453 0.2993 0.0511)
(0.4599 0.2993 0.0511)
(0.4745 0.2993 0.0511)
(0.4891 0.2993 0.0511)
(0.5037 0.2993 0.0511)
(0.5183 0.2993 0.0511)
(0.5329 0.2993 0.0511)
(0.5475 0.2993 0.0511)
(0.5621 0.2993 0.0511)
(0.5767 0.2993 0.0511)
(0.0073 0.3139 0.0511)
(0.0219 0.3139 0.0511)
(0.0365 0.3139 0.0511)
(0.0511 0.3139 0.0511)
(0.0657 0.3139 0.0511)
(0.0803 0.3139 0.0511)
(0.0949 0.3139 0.0511)
(0.1095 0.3139 0.0511)
(0.1241 0.3139 0.0511)
(0.1387 0.3139 0.0511)
(0.1533 0.3139 0.0511)
(0.1679 0.3139 0.0511)
(0.1825 0.3139 0.0511)
(0.1971 0.3139 0.0511)
(0.2117 0.3139 0.0511)
(0.2263 0.3139 0.0511)
(0.2409 0.3139 0.0511)
(0.2555 0.3139 0.0511)
(0.2701 0.3139 0.0511)
(0.2847 0.3139 0.0511)
(0.2993 0.3139 0.0511)
(0.3139 0.3139 0.0511)
(0.3285 0.3139 0.0511)
(0.3431 0.3139 0.0511)
(0.3577 0.3139 0.0511)
(0.3723 0.3139 0.0511)
(0.3869 0.3139 0.0511)
(0.4015 0.3139 0.0511)
(0.4161 0.3139 0.0511)
(0.4307 0.3139 0.0511)
(0.4453 0.3139 0.0511)
(0.4599 0.3139 0.0511)
(0.4745 0.3139 0.0511)
(0.4891 0.3139 0.0511)
(0.5037 0.3139 0.0511)
(0.5183 0.3139 0.0511)
(0.5329 0.3139 0.0511)
(0.5475 0.3139 0.0511)
(0.5621 0.3139 0.0511)
(0.5767 0.3139 0.0511)
(0.0073 0.3285 0.0511)
(0.0219 0.3285 0.0511)
(0.0365 0.3285 0.0511)
(0.0511 0.3285 0.0511)
(0.0657 0.3285 0.0511)
(0.0803 0.3285 0.0511)
(0.0949 0.3285 0.0511)
(0.1095 0.3285 0.0511)
(0.1241 0.3285 0.0511)
(0.1387 0.3285 0.0511)
(0.1533 0.3285 0.0511)
(0.1679 0.3285 0.0511)
(0.1825 0.3285 0.0511)
(0.1971 0.3285 0.0511)
(0.2117 0.3285 0.0511)
(0.2263 0.3285 0.0511)
(0.2409 0.3285 0.0511)
(0.2555 0.3285 0.0511)
(0.2701 0.3285 0.0511)
(0.2847 0.3285 0.0511)
(0.2993 0.3285 0.0511)
(0.3139 0.3285 0.0511)
(0.3285 0.3285 0.0511)
(0.3431 0.3285 0.0511)
(0.3577 0.3285 0.0511)
(0.3723 0.3285 0.0511)
(0.3869 0.3285 0.0511)
(0.4015 0.3285 0.0511)
(0.4161 0.3285 0.0511)
(0.4307 0.3285 0.0511)
(0.4453 0.3285 0.0511)
(0.4599 0.3285 0.0511)
(0.4745 0.3285 0.0511)
(0.4891 0.3285 0.0511)
(0.5037 0.3285 0.0511)
(0.5183 0.3285 0.0511)
(0.5329 0.3285 0.0511)
(0.5475 0.3285 0.0511)
(0.5621 0.3285 0.0511)
(0.5767 0.3285 0.0511)
(0.0073 0.3431 0.0511)
(0.0219 0.3431 0.0511)
(0.0365 0.3431 0.0511)
(0.0511 0.3431 0.0511)
(0.0657 0.3431 0.0511)
(0.0803 0.3431 0.0511)
(0.0949 0.3431 0.0511)
(0.1095 0.3431 0.0511)
(0.1241 0.3431 0.0511)
(0.1387 0.3431 0.0511)
(0.1533 0.3431 0.0511)
(0.1679 0.3431 0.0511)
(0.1825 0.3431 0.0511)
(0.1971 0.3431 0.0511)
(0.2117 0.3431 0.0511)
(0.2263 0.3431 0.0511)
(0.2409 0.3431 0.0511)
(0.2555 0.3431 0.0511)
(0.2701 0.3431 0.0511)
(0.2847 0.3431 0.0511)
(0.2993 0.3431 0.0511)
(0.3139 0.3431 0.0511)
(0.3285 0.3431 0.0511)
(0.3431 0.3431 0.0511)
(0.3577 0.3431 0.0511)
(0.3723 0.3431 0.0511)
(0.3869 0.3431 0.0511)
(0.4015 0.3431 0.0511)
(0.4161 0.3431 0.0511)
(0.4307 0.3431 0.0511)
(0.4453 0.3431 0.0511)
(0.4599 0.3431 0.0511)
(0.4745 0.3431 0.0511)
(0.4891 0.3431 0.0511)
(0.5037 0.3431 0.0511)
(0.5183 0.3431 0.0511)
(0.5329 0.3431 0.0511)
(0.5475 0.3431 0.0511)
(0.5621 0.3431 0.0511)
(0.5767 0.3431 0.0511)
(0.0073 0.3577 0.0511)
(0.0219 0.3577 0.0511)
(0.0365 0.3577 0.0511)
(0.0511 0.3577 0.0511)
(0.0657 0.3577 0.0511)
(0.0803 0.3577 0.0511)
(0.0949 0.3577 0.0511)
(0.1095 0.3577 0.0511)
(0.1241 0.3577 0.0511)
(0.1387 0.3577 0.0511)
(0.1533 0.3577 0.0511)
(0.1679 0.3577 0.0511)
(0.1825 0.3577 0.0511)
(0.1971 0.3577 0.0511)
(0.2117 0.3577 0.0511)
(0.2263 0.3577 0.0511)
(0.2409 0.3577 0.0511)
(0.2555 0.3577 0.0511)
(0.2701 0.3577 0.0511)
(0.2847 0.3577 0.0511)
(0.2993 0.3577 0.0511)
(0.3139 0.3577 0.0511)
(0.3285 0.3577 0.0511)
(0.3431 0.3577 0.0511)
(0.3577 0.3577 0.0511)
(0.3723 0.3577 0.0511)
(0.3869 0.3577 0.0511)
(0.4015 0.3577 0.0511)
(0.4161 0.3577 0.0511)
(0.4307 0.3577 0.0511)
(0.4453 0.3577 0.0511)
(0.4599 0.3577 0.0511)
(0.4745 0.3577 0.0511)
(0.4891 0.3577 0.0511)
(0.5037 0.3577 0.0511)
(0.5183 0.3577 0.0511)
(0.5329 0.3577 0.0511)
(0.5475 0.3577 0.0511)
(0.5621 0.3577 0.0511)
(0.5767 0.3577 0.0511)
(0.0073 0.3723 0.0511)
(0.0219 0.3723 0.0511)
(0.0365 0.3723 0.0511)
(0.0511 0.3723 0.0511)
(0.0657 0.3723 0.0511)
(0.0803 0.3723 0.0511)
(0.0949 0.3723 0.0511)
(0.1095 0.3723 0.0511)
(0.1241 0.3723 0.0511)
(0.1387 0.3723 0.0511)
(0.1533 0.3723 0.0511)
(0.1679 0.3723 0.0511)
(0.1825 0.3723 0.0511)
(0.1971 0.3723 0.0511)
(0.2117 0.3723 0.0511)
(0.2263 0.3723 0.0511)
(0.2409 0.3723 0.0511)
(0.2555 0.3723 0.0511)
(0.2701 0.3723 0.0511)
(0.2847 0.3723 0.0511)
(0.2993 0.3723 0.0511)
(0.3139 0.3723 0.0511)
(0.3285 0.3723 0.0511)
(0.3431 0.3723 0.0511)
(0.3577 0.3723 0.0511)
(0.3723 0.3723 0.0511)
(0.3869 0.3723 0.0511)
(0.4015 0.3723 0.0511)
(0.4161 0.3723 0.0511)
(0.4307 0.3723 0.0511)
(0.4453 0.3723 0.0511)
(0.4599 0.3723 0.0511)
(0.4745 0.3723 0.0511)
(0.4891 0.3723 0.0511)
(0.5037 0.3723 0.0511)
(0.5183 0.3723 0.0511)
(0.5329 0.3723 0.0511)
(0.5475 0.3723 0.0511)
(0.5621 0.3723 0.0511)
(0.5767 0.3723 0.0511)
(0.0073 0.3869 0.0511)
(0.0219 0.3869 0.0511)
(0.0365 0.3869 0.0511)
(0.0511 0.3869 0.0511)
(0.0657 0.3869 0.0511)
(0.0803 0.3869 0.0511)
(0.0949 0.3869 0.0511)
(0.1095 0.3869 0.0511)
(0.1241 0.3869 0.0511)
(0.1387 0.3869 0.0511)
(0.1533 0.3869 0.0511)
(0.1679 0.3869 0.0511)
(0.1825 0.3869 0.0511)
(0.1971 0.3869 0.0511)
(0.2117 0.3869 0.0511)
(0.2263 0.3869 0.0511)
(0.2409 0.3869 0.0511)
(0.2555 0.3869 0.0511)
(0.2701 0.3869 0.0511)
(0.2847 0.3869 0.0511)
(0.2993 0.3869 0.0511)
(0.3139 0.3869 0.0511)
(0.3285 0.3869 0.0511)
(0.3431 0.3869 0.0511)
(0.3577 0.3869 0.0511)
(0.3723 0.3869 0.0511)
(0.3869 0.3869 0.0511)
(0.4015 0.3869 0.0511)
(0.4161 0.3869 0.0511)
(0.4307 0.3869 0.0511)
(0.4453 0.3869 0.0511)
(0.4599 0.3869 0.0511)
(0.4745 0.3869 0.0511)
(0.4891 0.3869 0.0511)
(0.5037 0.3869 0.0511)
(0.5183 0.3869 0.0511)
(0.5329 0.3869 0.0511)
(0.5475 0.3869 0.0511)
(0.5621 0.3869 0.0511)
(0.5767 0.3869 0.0511)
(0.0073 0.4015 0.0511)
(0.0219 0.4015 0.0511)
(0.0365 0.4015 0.0511)
(0.0511 0.4015 0.0511)
(0.0657 0.4015 0.0511)
(0.0803 0.4015 0.0511)
(0.0949 0.4015 0.0511)
(0.1095 0.4015 0.0511)
(0.1241 0.4015 0.0511)
(0.1387 0.4015 0.0511)
(0.1533 0.4015 0.0511)
(0.1679 0.4015 0.0511)
(0.1825 0.4015 0.0511)
(0.1971 0.4015 0.0511)
(0.2117 0.4015 0.0511)
(0.2263 0.4015 0.0511)
(0.2409 0.4015 0.0511)
(0.2555 0.4015 0.0511)
(0.2701 0.4015 0.0511)
(0.2847 0.4015 0.0511)
(0.2993 0.4015 0.0511)
(0.3139 0.4015 0.0511)
(0.3285 0.4015 0.0511)
(0.3431 0.4015 0.0511)
(0.3577 0.4015 0.0511)
(0.3723 0.4015 0.0511)
(0.3869 0.4015 0.0511)
(0.4015 0.4015 0.0511)
(0.4161 0.4015 0.0511)
(0.4307 0.4015 0.0511)
(0.4453 0.4015 0.0511)
(0.4599 0.4015 0.0511)
(0.4745 0.4015 0.0511)
(0.4891 0.4015 0.0511)
(0.5037 0.4015 0.0511)
(0.5183 0.4015 0.0511)
(0.5329 0.4015 0.0511)
(0.5475 0.4015 0.0511)
(0.5621 0.4015 0.0511)
(0.5767 0.4015 0.0511)
(0.0073 0.4161 0.0511)
(0.0219 0.4161 0.0511)
(0.0365 0.4161 0.0511)
(0.0511 0.4161 0.0511)
(0.0657 0.4161 0.0511)
(0.0803 0.4161 0.0511)
(0.0949 0.4161 0.0511)
(0.1095 0.4161 0.0511)
(0.1241 0.4161 0.0511)
(0.1387 0.4161 0.0511)
(0.1533 0.4161 0.0511)
(0.1679 0.4161 0.0511)
(0.1825 0.4161 0.0511)
(0.1971 0.4161 0.0511)
(0.2117 0.4161 0.0511)
(0.2263 0.4161 0.0511)
(0.2409 0.4161 0.0511)
(0.2555 0.4161 0.0511)
(0.2701 0.4161 0.0511)
(0.2847 0.4161 0.0511)
(0.2993 0.4161 0.0511)
(0.3139 0.4161 0.0511)
(0.3285 0.4161 0.0511)
(0.3431 0.4161 0.0511)
(0.3577 0.4161 0.0511)
(0.3723 0.4161 0.0511)
(0.3869 0.4161 0.0511)
(0.4015 0.4161 0.0511)
(0.4161 0.4161 0.0511)
(0.4307 0.4161 0.0511)
(0.4453 0.4161 0.0511)
(0.4599 0.4161 0.0511)
(0.4745 0.4161 0.0511)
(0.4891 0.4161 0.0511)
(0.5037 0.4161 0.0511)
(0.5183 0.4161 0.0511)
(0.5329 0.4161 0.0511)
(0.5475 0.4161 0.0511)
(0.5621 0.4161 0.0511)
(0.5767 0.4161 0.0511)
(0.0073 0.4307 0.0511)
(0.0219 0.4307 0.0511)
(0.0365 0.4307 0.0511)
(0.0511 0.4307 0.0511)
(0.0657 0.4307 0.0511)
(0.0803 0.4307 0.0511)
(0.0949 0.4307 0.0511)
(0.1095 0.4307 0.0511)
(0.1241 0.4307 0.0511)
(0.1387 0.4307 0.0511)
(0.1533 0.4307 0.0511)
(0.1679 0.4307 0.0511)
(0.1825 0.4307 0.0511)
(0.1971 0.4307 0.0511)
(0.2117 0.4307 0.0511)
(0.2263 0.4307 0.0511)
(0.2409 0.4307 0.0511)
(0.2555 0.4307 0.0511)
(0.2701 0.4307 0.0511)
(0.2847 0.4307 0.0511)
(0.2993 0.4307 0.0511)
(0.3139 0.4307 0.0511)
(0.3285 0.4307 0.0511)
(0.3431 0.4307 0.0511)
(0.3577 0.4307 0.0511)
(0.3723 0.4307 0.0511)
(0.3869 0.4307 0.0511)
(0.4015 0.4307 0.0511)
(0.4161 0.4307 0.0511)
(0.4307 0.4307 0.0511)
(0.4453 0.4307 0.0511)
(0.4599 0.4307 0.0511)
(0.4745 0.4307 0.0511)
(0.4891 0.4307 0.0511)
(0.5037 0.4307 0.0511)
(0.5183 0.4307 0.0511)
(0.5329 0.4307 0.0511)
(0.5475 0.4307 0.0511)
(0.5621 0.4307 0.0511)
(0.5767 0.4307 0.0511)
(0.0073 0.4453 0.0511)
(0.0219 0.4453 0.0511)
(0.0365 0.4453 0.0511)
(0.0511 0.4453 0.0511)
(0.0657 0.4453 0.0511)
(0.0803 0.4453 0.0511)
(0.0949 0.4453 0.0511)
(0.1095 0.4453 0.0511)
(0.1241 0.4453 0.0511)
(0.1387 0.4453 0.0511)
(0.1533 0.4453 0.0511)
(0.1679 0.4453 0.0511)
(0.1825 0.4453 0.0511)
(0.1971 0.4453 0.0511)
(0.2117 0.4453 0.0511)
(0.2263 0.4453 0.0511)
(0.2409 0.4453 0.0511)
(0.2555 0.4453 0.0511)
(0.2701 0.4453 0.0511)
(0.2847 0.4453 0.0511)
(0.2993 0.4453 0.0511)
(0.3139 0.4453 0.0511)
(0.3285 0.4453 0.0511)
(0.3431 0.4453 0.0511)
(0.3577 0.4453 0.0511)
(0.3723 0.4453 0.0511)
(0.3869 0.4453 0.0511)
(0.4015 0.4453 0.0511)
(0.4161 0.4453 0.0511)
(0.4307 0.4453 0.0511)
(0.4453 0.4453 0.0511)
(0.4599 0.4453 0.0511)
(0.4745 0.4453 0.0511)
(0.4891 0.4453 0.0511)
(0.5037 0.4453 0.0511)
(0.5183 0.4453 0.0511)
(0.5329 0.4453 0.0511)
(0.5475 0.4453 0.0511)
(0.5621 0.4453 0.0511)
(0.5767 0.4453 0.0511)
(0.0073 0.4599 0.0511)
(0.0219 0.4599 0.0511)
(0.0365 0.4599 0.0511)
(0.0511 0.4599 0.0511)
(0.0657 0.4599 0.0511)
(0.0803 0.4599 0.0511)
(0.0949 0.4599 0.0511)
(0.1095 0.4599 0.0511)
(0.1241 0.4599 0.0511)
(0.1387 0.4599 0.0511)
(0.1533 0.4599 0.0511)
(0.1679 0.4599 0.0511)
(0.1825 0.4599 0.0511)
(0.1971 0.4599 0.0511)
(0.2117 0.4599 0.0511)
(0.2263 0.4599 0.0511)
(0.2409 0.4599 0.0511)
(0.2555 0.4599 0.0511)
(0.2701 0.4599 0.0511)
(0.2847 0.4599 0.0511)
(0.2993 0.4599 0.0511)
(0.3139 0.4599 0.0511)
(0.3285 0.4599 0.0511)
(0.3431 0.4599 0.0511)
(0.3577 0.4599 0.0511)
(0.3723 0.4599 0.0511)
(0.3869 0.4599 0.0511)
(0.4015 0.4599 0.0511)
(0.4161 0.4599 0.0511)
(0.4307 0.4599 0.0511)
(0.4453 0.4599 0.0511)
(0.4599 0.4599 0.0511)
(0.4745 0.4599 0.0511)
(0.4891 0.4599 0.0511)
(0.5037 0.4599 0.0511)
(0.5183 0.4599 0.0511)
(0.5329 0.4599 0.0511)
(0.5475 0.4599 0.0511)
(0.5621 0.4599 0.0511)
(0.5767 0.4599 0.0511)
(0.0073 0.4745 0.0511)
(0.0219 0.4745 0.0511)
(0.0365 0.4745 0.0511)
(0.0511 0.4745 0.0511)
(0.0657 0.4745 0.0511)
(0.0803 0.4745 0.0511)
(0.0949 0.4745 0.0511)
(0.1095 0.4745 0.0511)
(0.1241 0.4745 0.0511)
(0.1387 0.4745 0.0511)
(0.1533 0.4745 0.0511)
(0.1679 0.4745 0.0511)
(0.1825 0.4745 0.0511)
(0.1971 0.4745 0.0511)
(0.2117 0.4745 0.0511)
(0.2263 0.4745 0.0511)
(0.2409 0.4745 0.0511)
(0.2555 0.4745 0.0511)
(0.2701 0.4745 0.0511)
(0.2847 0.4745 0.0511)
(0.2993 0.4745 0.0511)
(0.3139 0.4745 0.0511)
(0.3285 0.4745 0.0511)
(0.3431 0.4745 0.0511)
(0.3577 0.4745 0.0511)
(0.3723 0.4745 0.0511)
(0.3869 0.4745 0.0511)
(0.4015 0.4745 0.0511)
(0.4161 0.4745 0.0511)
(0.4307 0.4745 0.0511)
(0.4453 0.4745 0.0511)
(0.4599 0.4745 0.0511)
(0.4745 0.4745 0.0511)
(0.4891 0.4745 0.0511)
(0.5037 0.4745 0.0511)
(0.5183 0.4745 0.0511)
(0.5329 0.4745 0.0511)
(0.5475 0.4745 0.0511)
(0.5621 0.4745 0.0511)
(0.5767 0.4745 0.0511)
(0.0073 0.4891 0.0511)
(0.0219 0.4891 0.0511)
(0.0365 0.4891 0.0511)
(0.0511 0.4891 0.0511)
(0.0657 0.4891 0.0511)
(0.0803 0.4891 0.0511)
(0.0949 0.4891 0.0511)
(0.1095 0.4891 0.0511)
(0.1241 0.4891 0.0511)
(0.1387 0.4891 0.0511)
(0.1533 0.4891 0.0511)
(0.1679 0.4891 0.0511)
(0.1825 0.4891 0.0511)
(0.1971 0.4891 0.0511)
(0.2117 0.4891 0.0511)
(0.2263 0.4891 0.0511)
(0.2409 0.4891 0.0511)
(0.2555 0.4891 0.0511)
(0.2701 0.4891 0.0511)
(0.2847 0.4891 0.0511)
(0.2993 0.4891 0.0511)
(0.3139 0.4891 0.0511)
(0.3285 0.4891 0.0511)
(0.3431 0.4891 0.0511)
(0.3577 0.4891 0.0511)
(0.3723 0.4891 0.0511)
(0.3869 0.4891 0.0511)
(0.4015 0.4891 0.0511)
(0.4161 0.4891 0.0511)
(0.4307 0.4891 0.0511)
(0.4453 0.4891 0.0511)
(0.4599 0.4891 0.0511)
(0.4745 0.4891 0.0511)
(0.4891 0.4891 0.0511)
(0.5037 0.4891 0.0511)
(0.5183 0.4891 0.0511)
(0.5329 0.4891 0.0511)
(0.5475 0.4891 0.0511)
(0.5621 0.4891 0.0511)
(0.5767 0.4891 0.0511)
(0.0073 0.5037 0.0511)
(0.0219 0.5037 0.0511)
(0.0365 0.5037 0.0511)
(0.0511 0.5037 0.0511)
(0.0657 0.5037 0.0511)
(0.0803 0.5037 0.0511)
(0.0949 0.5037 0.0511)
(0.1095 0.5037 0.0511)
(0.1241 0.5037 0.0511)
(0.1387 0.5037 0.0511)
(0.1533 0.5037 0.0511)
(0.1679 0.5037 0.0511)
(0.1825 0.5037 0.0511)
(0.1971 0.5037 0.0511)
(0.2117 0.5037 0.0511)
(0.2263 0.5037 0.0511)
(0.2409 0.5037 0.0511)
(0.2555 0.5037 0.0511)
(0.2701 0.5037 0.0511)
(0.2847 0.5037 0.0511)
(0.2993 0.5037 0.0511)
(0.3139 0.5037 0.0511)
(0.3285 0.5037 0.0511)
(0.3431 0.5037 0.0511)
(0.3577 0.5037 0.0511)
(0.3723 0.5037 0.0511)
(0.3869 0.5037 0.0511)
(0.4015 0.5037 0.0511)
(0.4161 0.5037 0.0511)
(0.4307 0.5037 0.0511)
(0.4453 0.5037 0.0511)
(0.4599 0.5037 0.0511)
(0.4745 0.5037 0.0511)
(0.4891 0.5037 0.0511)
(0.5037 0.5037 0.0511)
(0.5183 0.5037 0.0511)
(0.5329 0.5037 0.0511)
(0.5475 0.5037 0.0511)
(0.5621 0.5037 0.0511)
(0.5767 0.5037 0.0511)
(0.0073 0.5183 0.0511)
(0.0219 0.5183 0.0511)
(0.0365 0.5183 0.0511)
(0.0511 0.5183 0.0511)
(0.0657 0.5183 0.0511)
(0.0803 0.5183 0.0511)
(0.0949 0.5183 0.0511)
(0.1095 0.5183 0.0511)
(0.1241 0.5183 0.0511)
(0.1387 0.5183 0.0511)
(0.1533 0.5183 0.0511)
(0.1679 0.5183 0.0511)
(0.1825 0.5183 0.0511)
(0.1971 0.5183 0.0511)
(0.2117 0.5183 0.0511)
(0.2263 0.5183 0.0511)
(0.2409 0.5183 0.0511)
(0.2555 0.5183 0.0511)
(0.2701 0.5183 0.0511)
(0.2847 0.5183 0.0511)
(0.2993 0.5183 0.0511)
(0.3139 0.5183 0.0511)
(0.3285 0.5183 0.0511)
(0.3431 0.5183 0.0511)
(0.3577 0.5183 0.0511)
(0.3723 0.5183 0.0511)
(0.3869 0.5183 0.0511)
(0.4015 0.5183 0.0511)
(0.4161 0.5183 0.0511)
(0.4307 0.5183 0.0511)
(0.4453 0.5183 0.0511)
(0.4599 0.5183 0.0511)
(0.4745 0.5183 0.0511)
(0.4891 0.5183 0.0511)
(0.5037 0.5183 0.0511)
(0.5183 0.5183 0.0511)
(0.5329 0.5183 0.0511)
(0.5475 0.5183 0.0511)
(0.5621 0.5183 0.0511)
(0.5767 0.5183 0.0511)
(0.0073 0.5329 0.0511)
(0.0219 0.5329 0.0511)
(0.0365 0.5329 0.0511)
(0.0511 0.5329 0.0511)
(0.0657 0.5329 0.0511)
(0.0803 0.5329 0.0511)
(0.0949 0.5329 0.0511)
(0.1095 0.5329 0.0511)
(0.1241 0.5329 0.0511)
(0.1387 0.5329 0.0511)
(0.1533 0.5329 0.0511)
(0.1679 0.5329 0.0511)
(0.1825 0.5329 0.0511)
(0.1971 0.5329 0.0511)
(0.2117 0.5329 0.0511)
(0.2263 0.5329 0.0511)
(0.2409 0.5329 0.0511)
(0.2555 0.5329 0.0511)
(0.2701 0.5329 0.0511)
(0.2847 0.5329 0.0511)
(0.2993 0.5329 0.0511)
(0.3139 0.5329 0.0511)
(0.3285 0.5329 0.0511)
(0.3431 0.5329 0.0511)
(0.3577 0.5329 0.0511)
(0.3723 0.5329 0.0511)
(0.3869 0.5329 0.0511)
(0.4015 0.5329 0.0511)
(0.4161 0.5329 0.0511)
(0.4307 0.5329 0.0511)
(0.4453 0.5329 0.0511)
(0.4599 0.5329 0.0511)
(0.4745 0.5329 0.0511)
(0.4891 0.5329 0.0511)
(0.5037 0.5329 0.0511)
(0.5183 0.5329 0.0511)
(0.5329 0.5329 0.0511)
(0.5475 0.5329 0.0511)
(0.5621 0.5329 0.0511)
(0.5767 0.5329 0.0511)
(0.0073 0.5475 0.0511)
(0.0219 0.5475 0.0511)
(0.0365 0.5475 0.0511)
(0.0511 0.5475 0.0511)
(0.0657 0.5475 0.0511)
(0.0803 0.5475 0.0511)
(0.0949 0.5475 0.0511)
(0.1095 0.5475 0.0511)
(0.1241 0.5475 0.0511)
(0.1387 0.5475 0.0511)
(0.1533 0.5475 0.0511)
(0.1679 0.5475 0.0511)
(0.1825 0.5475 0.0511)
(0.1971 0.5475 0.0511)
(0.2117 0.5475 0.0511)
(0.2263 0.5475 0.0511)
(0.2409 0.5475 0.0511)
(0.2555 0.5475 0.0511)
(0.2701 0.5475 0.0511)
(0.2847 0.5475 0.0511)
(0.2993 0.5475 0.0511)
(0.3139 0.5475 0.0511)
(0.3285 0.5475 0.0511)
(0.3431 0.5475 0.0511)
(0.3577 0.5475 0.0511)
(0.3723 0.5475 0.0511)
(0.3869 0.5475 0.0511)
(0.4015 0.5475 0.0511)
(0.4161 0.5475 0.0511)
(0.4307 0.5475 0.0511)
(0.4453 0.5475 0.0511)
(0.4599 0.5475 0.0511)
(0.4745 0.5475 0.0511)
(0.4891 0.5475 0.0511)
(0.5037 0.5475 0.0511)
(0.5183 0.5475 0.0511)
(0.5329 0.5475 0.0511)
(0.5475 0.5475 0.0511)
(0.5621 0.5475 0.0511)
(0.5767 0.5475 0.0511)
(0.0073 0.5621 0.0511)
(0.0219 0.5621 0.0511)
(0.0365 0.5621 0.0511)
(0.0511 0.5621 0.0511)
(0.0657 0.5621 0.0511)
(0.0803 0.5621 0.0511)
(0.0949 0.5621 0.0511)
(0.1095 0.5621 0.0511)
(0.1241 0.5621 0.0511)
(0.1387 0.5621 0.0511)
(0.1533 0.5621 0.0511)
(0.1679 0.5621 0.0511)
(0.1825 0.5621 0.0511)
(0.1971 0.5621 0.0511)
(0.2117 0.5621 0.0511)
(0.2263 0.5621 0.0511)
(0.2409 0.5621 0.0511)
(0.2555 0.5621 0.0511)
(0.2701 0.5621 0.0511)
(0.2847 0.5621 0.0511)
(0.2993 0.5621 0.0511)
(0.3139 0.5621 0.0511)
(0.3285 0.5621 0.0511)
(0.3431 0.5621 0.0511)
(0.3577 0.5621 0.0511)
(0.3723 0.5621 0.0511)
(0.3869 0.5621 0.0511)
(0.4015 0.5621 0.0511)
(0.4161 0.5621 0.0511)
(0.4307 0.5621 0.0511)
(0.4453 0.5621 0.0511)
(0.4599 0.5621 0.0511)
(0.4745 0.5621 0.0511)
(0.4891 0.5621 0.0511)
(0.5037 0.5621 0.0511)
(0.5183 0.5621 0.0511)
(0.5329 0.5621 0.0511)
(0.5475 0.5621 0.0511)
(0.5621 0.5621 0.0511)
(0.5767 0.5621 0.0511)
(0.0073 0.5767 0.0511)
(0.0219 0.5767 0.0511)
(0.0365 0.5767 0.0511)
(0.0511 0.5767 0.0511)
(0.0657 0.5767 0.0511)
(0.0803 0.5767 0.0511)
(0.0949 0.5767 0.0511)
(0.1095 0.5767 0.0511)
(0.1241 0.5767 0.0511)
(0.1387 0.5767 0.0511)
(0.1533 0.5767 0.0511)
(0.1679 0.5767 0.0511)
(0.1825 0.5767 0.0511)
(0.1971 0.5767 0.0511)
(0.2117 0.5767 0.0511)
(0.2263 0.5767 0.0511)
(0.2409 0.5767 0.0511)
(0.2555 0.5767 0.0511)
(0.2701 0.5767 0.0511)
(0.2847 0.5767 0.0511)
(0.2993 0.5767 0.0511)
(0.3139 0.5767 0.0511)
(0.3285 0.5767 0.0511)
(0.3431 0.5767 0.0511)
(0.3577 0.5767 0.0511)
(0.3723 0.5767 0.0511)
(0.3869 0.5767 0.0511)
(0.4015 0.5767 0.0511)
(0.4161 0.5767 0.0511)
(0.4307 0.5767 0.0511)
(0.4453 0.5767 0.0511)
(0.4599 0.5767 0.0511)
(0.4745 0.5767 0.0511)
(0.4891 0.5767 0.0511)
(0.5037 0.5767 0.0511)
(0.5183 0.5767 0.0511)
(0.5329 0.5767 0.0511)
(0.5475 0.5767 0.0511)
(0.5621 0.5767 0.0511)
(0.5767 0.5767 0.0511)
(0.0073 0.0073 0.0657)
(0.0219 0.0073 0.0657)
(0.0365 0.0073 0.0657)
(0.0511 0.0073 0.0657)
(0.0657 0.0073 0.0657)
(0.0803 0.0073 0.0657)
(0.0949 0.0073 0.0657)
(0.1095 0.0073 0.0657)
(0.1241 0.0073 0.0657)
(0.1387 0.0073 0.0657)
(0.1533 0.0073 0.0657)
(0.1679 0.0073 0.0657)
(0.1825 0.0073 0.0657)
(0.1971 0.0073 0.0657)
(0.2117 0.0073 0.0657)
(0.2263 0.0073 0.0657)
(0.2409 0.0073 0.0657)
(0.2555 0.0073 0.0657)
(0.2701 0.0073 0.0657)
(0.2847 0.0073 0.0657)
(0.2993 0.0073 0.0657)
(0.3139 0.0073 0.0657)
(0.3285 0.0073 0.0657)
(0.3431 0.0073 0.0657)
(0.3577 0.0073 0.0657)
(0.3723 0.0073 0.0657)
(0.3869 0.0073 0.0657)
(0.4015 0.0073 0.0657)
(0.4161 0.0073 0.0657)
(0.4307 0.0073 0.0657)
(0.4453 0.0073 0.0657)
(0.4599 0.0073 0.0657)
(0.4745 0.0073 0.0657)
(0.4891 0.0073 0.0657)
(0.5037 0.0073 0.0657)
(0.5183 0.0073 0.0657)
(0.5329 0.0073 0.0657)
(0.5475 0.0073 0.0657)
(0.5621 0.0073 0.0657)
(0.5767 0.0073 0.0657)
(0.0073 0.0219 0.0657)
(0.0219 0.0219 0.0657)
(0.0365 0.0219 0.0657)
(0.0511 0.0219 0.0657)
(0.0657 0.0219 0.0657)
(0.0803 0.0219 0.0657)
(0.0949 0.0219 0.0657)
(0.1095 0.0219 0.0657)
(0.1241 0.0219 0.0657)
(0.1387 0.0219 0.0657)
(0.1533 0.0219 0.0657)
(0.1679 0.0219 0.0657)
(0.1825 0.0219 0.0657)
(0.1971 0.0219 0.0657)
(0.2117 0.0219 0.0657)
(0.2263 0.0219 0.0657)
(0.2409 0.0219 0.0657)
(0.2555 0.0219 0.0657)
(0.2701 0.0219 0.0657)
(0.2847 0.0219 0.0657)
(0.2993 0.0219 0.0657)
(0.3139 0.0219 0.0657)
(0.3285 0.0219 0.0657)
(0.3431 0.0219 0.0657)
(0.3577 0.0219 0.0657)
(0.3723 0.0219 0.0657)
(0.3869 0.0219 0.0657)
(0.4015 0.0219 0.0657)
(0.4161 0.0219 0.0657)
(0.4307 0.0219 0.0657)
(0.4453 0.0219 0.0657)
(0.4599 0.0219 0.0657)
(0.4745 0.0219 0.0657)
(0.4891 0.0219 0.0657)
(0.5037 0.0219 0.0657)
(0.5183 0.0219 0.0657)
(0.5329 0.0219 0.0657)
(0.5475 0.0219 0.0657)
(0.5621 0.0219 0.0657)
(0.5767 0.0219 0.0657)
(0.0073 0.0365 0.0657)
(0.0219 0.0365 0.0657)
(0.0365 0.0365 0.0657)
(0.0511 0.0365 0.0657)
(0.0657 0.0365 0.0657)
(0.0803 0.0365 0.0657)
(0.0949 0.0365 0.0657)
(0.1095 0.0365 0.0657)
(0.1241 0.0365 0.0657)
(0.1387 0.0365 0.0657)
(0.1533 0.0365 0.0657)
(0.1679 0.0365 0.0657)
(0.1825 0.0365 0.0657)
(0.1971 0.0365 0.0657)
(0.2117 0.0365 0.0657)
(0.2263 0.0365 0.0657)
(0.2409 0.0365 0.0657)
(0.2555 0.0365 0.0657)
(0.2701 0.0365 0.0657)
(0.2847 0.0365 0.0657)
(0.2993 0.0365 0.0657)
(0.3139 0.0365 0.0657)
(0.3285 0.0365 0.0657)
(0.3431 0.0365 0.0657)
(0.3577 0.0365 0.0657)
(0.3723 0.0365 0.0657)
(0.3869 0.0365 0.0657)
(0.4015 0.0365 0.0657)
(0.4161 0.0365 0.0657)
(0.4307 0.0365 0.0657)
(0.4453 0.0365 0.0657)
(0.4599 0.0365 0.0657)
(0.4745 0.0365 0.0657)
(0.4891 0.0365 0.0657)
(0.5037 0.0365 0.0657)
(0.5183 0.0365 0.0657)
(0.5329 0.0365 0.0657)
(0.5475 0.0365 0.0657)
(0.5621 0.0365 0.0657)
(0.5767 0.0365 0.0657)
(0.0073 0.0511 0.0657)
(0.0219 0.0511 0.0657)
(0.0365 0.0511 0.0657)
(0.0511 0.0511 0.0657)
(0.0657 0.0511 0.0657)
(0.0803 0.0511 0.0657)
(0.0949 0.0511 0.0657)
(0.1095 0.0511 0.0657)
(0.1241 0.0511 0.0657)
(0.1387 0.0511 0.0657)
(0.1533 0.0511 0.0657)
(0.1679 0.0511 0.0657)
(0.1825 0.0511 0.0657)
(0.1971 0.0511 0.0657)
(0.2117 0.0511 0.0657)
(0.2263 0.0511 0.0657)
(0.2409 0.0511 0.0657)
(0.2555 0.0511 0.0657)
(0.2701 0.0511 0.0657)
(0.2847 0.0511 0.0657)
(0.2993 0.0511 0.0657)
(0.3139 0.0511 0.0657)
(0.3285 0.0511 0.0657)
(0.3431 0.0511 0.0657)
(0.3577 0.0511 0.0657)
(0.3723 0.0511 0.0657)
(0.3869 0.0511 0.0657)
(0.4015 0.0511 0.0657)
(0.4161 0.0511 0.0657)
(0.4307 0.0511 0.0657)
(0.4453 0.0511 0.0657)
(0.4599 0.0511 0.0657)
(0.4745 0.0511 0.0657)
(0.4891 0.0511 0.0657)
(0.5037 0.0511 0.0657)
(0.5183 0.0511 0.0657)
(0.5329 0.0511 0.0657)
(0.5475 0.0511 0.0657)
(0.5621 0.0511 0.0657)
(0.5767 0.0511 0.0657)
(0.0073 0.0657 0.0657)
(0.0219 0.0657 0.0657)
(0.0365 0.0657 0.0657)
(0.0511 0.0657 0.0657)
(0.0657 0.0657 0.0657)
(0.0803 0.0657 0.0657)
(0.0949 0.0657 0.0657)
(0.1095 0.0657 0.0657)
(0.1241 0.0657 0.0657)
(0.1387 0.0657 0.0657)
(0.1533 0.0657 0.0657)
(0.1679 0.0657 0.0657)
(0.1825 0.0657 0.0657)
(0.1971 0.0657 0.0657)
(0.2117 0.0657 0.0657)
(0.2263 0.0657 0.0657)
(0.2409 0.0657 0.0657)
(0.2555 0.0657 0.0657)
(0.2701 0.0657 0.0657)
(0.2847 0.0657 0.0657)
(0.2993 0.0657 0.0657)
(0.3139 0.0657 0.0657)
(0.3285 0.0657 0.0657)
(0.3431 0.0657 0.0657)
(0.3577 0.0657 0.0657)
(0.3723 0.0657 0.0657)
(0.3869 0.0657 0.0657)
(0.4015 0.0657 0.0657)
(0.4161 0.0657 0.0657)
(0.4307 0.0657 0.0657)
(0.4453 0.0657 0.0657)
(0.4599 0.0657 0.0657)
(0.4745 0.0657 0.0657)
(0.4891 0.0657 0.0657)
(0.5037 0.0657 0.0657)
(0.5183 0.0657 0.0657)
(0.5329 0.0657 0.0657)
(0.5475 0.0657 0.0657)
(0.5621 0.0657 0.0657)
(0.5767 0.0657 0.0657)
(0.0073 0.0803 0.0657)
(0.0219 0.0803 0.0657)
(0.0365 0.0803 0.0657)
(0.0511 0.0803 0.0657)
(0.0657 0.0803 0.0657)
(0.0803 0.0803 0.0657)
(0.0949 0.0803 0.0657)
(0.1095 0.0803 0.0657)
(0.1241 0.0803 0.0657)
(0.1387 0.0803 0.0657)
(0.1533 0.0803 0.0657)
(0.1679 0.0803 0.0657)
(0.1825 0.0803 0.0657)
(0.1971 0.0803 0.0657)
(0.2117 0.0803 0.0657)
(0.2263 0.0803 0.0657)
(0.2409 0.0803 0.0657)
(0.2555 0.0803 0.0657)
(0.2701 0.0803 0.0657)
(0.2847 0.0803 0.0657)
(0.2993 0.0803 0.0657)
(0.3139 0.0803 0.0657)
(0.3285 0.0803 0.0657)
(0.3431 0.0803 0.0657)
(0.3577 0.0803 0.0657)
(0.3723 0.0803 0.0657)
(0.3869 0.0803 0.0657)
(0.4015 0.0803 0.0657)
(0.4161 0.0803 0.0657)
(0.4307 0.0803 0.0657)
(0.4453 0.0803 0.0657)
(0.4599 0.0803 0.0657)
(0.4745 0.0803 0.0657)
(0.4891 0.0803 0.0657)
(0.5037 0.0803 0.0657)
(0.5183 0.0803 0.0657)
(0.5329 0.0803 0.0657)
(0.5475 0.0803 0.0657)
(0.5621 0.0803 0.0657)
(0.5767 0.0803 0.0657)
(0.0073 0.0949 0.0657)
(0.0219 0.0949 0.0657)
(0.0365 0.0949 0.0657)
(0.0511 0.0949 0.0657)
(0.0657 0.0949 0.0657)
(0.0803 0.0949 0.0657)
(0.0949 0.0949 0.0657)
(0.1095 0.0949 0.0657)
(0.1241 0.0949 0.0657)
(0.1387 0.0949 0.0657)
(0.1533 0.0949 0.0657)
(0.1679 0.0949 0.0657)
(0.1825 0.0949 0.0657)
(0.1971 0.0949 0.0657)
(0.2117 0.0949 0.0657)
(0.2263 0.0949 0.0657)
(0.2409 0.0949 0.0657)
(0.2555 0.0949 0.0657)
(0.2701 0.0949 0.0657)
(0.2847 0.0949 0.0657)
(0.2993 0.0949 0.0657)
(0.3139 0.0949 0.0657)
(0.3285 0.0949 0.0657)
(0.3431 0.0949 0.0657)
(0.3577 0.0949 0.0657)
(0.3723 0.0949 0.0657)
(0.3869 0.0949 0.0657)
(0.4015 0.0949 0.0657)
(0.4161 0.0949 0.0657)
(0.4307 0.0949 0.0657)
(0.4453 0.0949 0.0657)
(0.4599 0.0949 0.0657)
(0.4745 0.0949 0.0657)
(0.4891 0.0949 0.0657)
(0.5037 0.0949 0.0657)
(0.5183 0.0949 0.0657)
(0.5329 0.0949 0.0657)
(0.5475 0.0949 0.0657)
(0.5621 0.0949 0.0657)
(0.5767 0.0949 0.0657)
(0.0073 0.1095 0.0657)
(0.0219 0.1095 0.0657)
(0.0365 0.1095 0.0657)
(0.0511 0.1095 0.0657)
(0.0657 0.1095 0.0657)
(0.0803 0.1095 0.0657)
(0.0949 0.1095 0.0657)
(0.1095 0.1095 0.0657)
(0.1241 0.1095 0.0657)
(0.1387 0.1095 0.0657)
(0.1533 0.1095 0.0657)
(0.1679 0.1095 0.0657)
(0.1825 0.1095 0.0657)
(0.1971 0.1095 0.0657)
(0.2117 0.1095 0.0657)
(0.2263 0.1095 0.0657)
(0.2409 0.1095 0.0657)
(0.2555 0.1095 0.0657)
(0.2701 0.1095 0.0657)
(0.2847 0.1095 0.0657)
(0.2993 0.1095 0.0657)
(0.3139 0.1095 0.0657)
(0.3285 0.1095 0.0657)
(0.3431 0.1095 0.0657)
(0.3577 0.1095 0.0657)
(0.3723 0.1095 0.0657)
(0.3869 0.1095 0.0657)
(0.4015 0.1095 0.0657)
(0.4161 0.1095 0.0657)
(0.4307 0.1095 0.0657)
(0.4453 0.1095 0.0657)
(0.4599 0.1095 0.0657)
(0.4745 0.1095 0.0657)
(0.4891 0.1095 0.0657)
(0.5037 0.1095 0.0657)
(0.5183 0.1095 0.0657)
(0.5329 0.1095 0.0657)
(0.5475 0.1095 0.0657)
(0.5621 0.1095 0.0657)
(0.5767 0.1095 0.0657)
(0.0073 0.1241 0.0657)
(0.0219 0.1241 0.0657)
(0.0365 0.1241 0.0657)
(0.0511 0.1241 0.0657)
(0.0657 0.1241 0.0657)
(0.0803 0.1241 0.0657)
(0.0949 0.1241 0.0657)
(0.1095 0.1241 0.0657)
(0.1241 0.1241 0.0657)
(0.1387 0.1241 0.0657)
(0.1533 0.1241 0.0657)
(0.1679 0.1241 0.0657)
(0.1825 0.1241 0.0657)
(0.1971 0.1241 0.0657)
(0.2117 0.1241 0.0657)
(0.2263 0.1241 0.0657)
(0.2409 0.1241 0.0657)
(0.2555 0.1241 0.0657)
(0.2701 0.1241 0.0657)
(0.2847 0.1241 0.0657)
(0.2993 0.1241 0.0657)
(0.3139 0.1241 0.0657)
(0.3285 0.1241 0.0657)
(0.3431 0.1241 0.0657)
(0.3577 0.1241 0.0657)
(0.3723 0.1241 0.0657)
(0.3869 0.1241 0.0657)
(0.4015 0.1241 0.0657)
(0.4161 0.1241 0.0657)
(0.4307 0.1241 0.0657)
(0.4453 0.1241 0.0657)
(0.4599 0.1241 0.0657)
(0.4745 0.1241 0.0657)
(0.4891 0.1241 0.0657)
(0.5037 0.1241 0.0657)
(0.5183 0.1241 0.0657)
(0.5329 0.1241 0.0657)
(0.5475 0.1241 0.0657)
(0.5621 0.1241 0.0657)
(0.5767 0.1241 0.0657)
(0.0073 0.1387 0.0657)
(0.0219 0.1387 0.0657)
(0.0365 0.1387 0.0657)
(0.0511 0.1387 0.0657)
(0.0657 0.1387 0.0657)
(0.0803 0.1387 0.0657)
(0.0949 0.1387 0.0657)
(0.1095 0.1387 0.0657)
(0.1241 0.1387 0.0657)
(0.1387 0.1387 0.0657)
(0.1533 0.1387 0.0657)
(0.1679 0.1387 0.0657)
(0.1825 0.1387 0.0657)
(0.1971 0.1387 0.0657)
(0.2117 0.1387 0.0657)
(0.2263 0.1387 0.0657)
(0.2409 0.1387 0.0657)
(0.2555 0.1387 0.0657)
(0.2701 0.1387 0.0657)
(0.2847 0.1387 0.0657)
(0.2993 0.1387 0.0657)
(0.3139 0.1387 0.0657)
(0.3285 0.1387 0.0657)
(0.3431 0.1387 0.0657)
(0.3577 0.1387 0.0657)
(0.3723 0.1387 0.0657)
(0.3869 0.1387 0.0657)
(0.4015 0.1387 0.0657)
(0.4161 0.1387 0.0657)
(0.4307 0.1387 0.0657)
(0.4453 0.1387 0.0657)
(0.4599 0.1387 0.0657)
(0.4745 0.1387 0.0657)
(0.4891 0.1387 0.0657)
(0.5037 0.1387 0.0657)
(0.5183 0.1387 0.0657)
(0.5329 0.1387 0.0657)
(0.5475 0.1387 0.0657)
(0.5621 0.1387 0.0657)
(0.5767 0.1387 0.0657)
(0.0073 0.1533 0.0657)
(0.0219 0.1533 0.0657)
(0.0365 0.1533 0.0657)
(0.0511 0.1533 0.0657)
(0.0657 0.1533 0.0657)
(0.0803 0.1533 0.0657)
(0.0949 0.1533 0.0657)
(0.1095 0.1533 0.0657)
(0.1241 0.1533 0.0657)
(0.1387 0.1533 0.0657)
(0.1533 0.1533 0.0657)
(0.1679 0.1533 0.0657)
(0.1825 0.1533 0.0657)
(0.1971 0.1533 0.0657)
(0.2117 0.1533 0.0657)
(0.2263 0.1533 0.0657)
(0.2409 0.1533 0.0657)
(0.2555 0.1533 0.0657)
(0.2701 0.1533 0.0657)
(0.2847 0.1533 0.0657)
(0.2993 0.1533 0.0657)
(0.3139 0.1533 0.0657)
(0.3285 0.1533 0.0657)
(0.3431 0.1533 0.0657)
(0.3577 0.1533 0.0657)
(0.3723 0.1533 0.0657)
(0.3869 0.1533 0.0657)
(0.4015 0.1533 0.0657)
(0.4161 0.1533 0.0657)
(0.4307 0.1533 0.0657)
(0.4453 0.1533 0.0657)
(0.4599 0.1533 0.0657)
(0.4745 0.1533 0.0657)
(0.4891 0.1533 0.0657)
(0.5037 0.1533 0.0657)
(0.5183 0.1533 0.0657)
(0.5329 0.1533 0.0657)
(0.5475 0.1533 0.0657)
(0.5621 0.1533 0.0657)
(0.5767 0.1533 0.0657)
(0.0073 0.1679 0.0657)
(0.0219 0.1679 0.0657)
(0.0365 0.1679 0.0657)
(0.0511 0.1679 0.0657)
(0.0657 0.1679 0.0657)
(0.0803 0.1679 0.0657)
(0.0949 0.1679 0.0657)
(0.1095 0.1679 0.0657)
(0.1241 0.1679 0.0657)
(0.1387 0.1679 0.0657)
(0.1533 0.1679 0.0657)
(0.1679 0.1679 0.0657)
(0.1825 0.1679 0.0657)
(0.1971 0.1679 0.0657)
(0.2117 0.1679 0.0657)
(0.2263 0.1679 0.0657)
(0.2409 0.1679 0.0657)
(0.2555 0.1679 0.0657)
(0.2701 0.1679 0.0657)
(0.2847 0.1679 0.0657)
(0.2993 0.1679 0.0657)
(0.3139 0.1679 0.0657)
(0.3285 0.1679 0.0657)
(0.3431 0.1679 0.0657)
(0.3577 0.1679 0.0657)
(0.3723 0.1679 0.0657)
(0.3869 0.1679 0.0657)
(0.4015 0.1679 0.0657)
(0.4161 0.1679 0.0657)
(0.4307 0.1679 0.0657)
(0.4453 0.1679 0.0657)
(0.4599 0.1679 0.0657)
(0.4745 0.1679 0.0657)
(0.4891 0.1679 0.0657)
(0.5037 0.1679 0.0657)
(0.5183 0.1679 0.0657)
(0.5329 0.1679 0.0657)
(0.5475 0.1679 0.0657)
(0.5621 0.1679 0.0657)
(0.5767 0.1679 0.0657)
(0.0073 0.1825 0.0657)
(0.0219 0.1825 0.0657)
(0.0365 0.1825 0.0657)
(0.0511 0.1825 0.0657)
(0.0657 0.1825 0.0657)
(0.0803 0.1825 0.0657)
(0.0949 0.1825 0.0657)
(0.1095 0.1825 0.0657)
(0.1241 0.1825 0.0657)
(0.1387 0.1825 0.0657)
(0.1533 0.1825 0.0657)
(0.1679 0.1825 0.0657)
(0.1825 0.1825 0.0657)
(0.1971 0.1825 0.0657)
(0.2117 0.1825 0.0657)
(0.2263 0.1825 0.0657)
(0.2409 0.1825 0.0657)
(0.2555 0.1825 0.0657)
(0.2701 0.1825 0.0657)
(0.2847 0.1825 0.0657)
(0.2993 0.1825 0.0657)
(0.3139 0.1825 0.0657)
(0.3285 0.1825 0.0657)
(0.3431 0.1825 0.0657)
(0.3577 0.1825 0.0657)
(0.3723 0.1825 0.0657)
(0.3869 0.1825 0.0657)
(0.4015 0.1825 0.0657)
(0.4161 0.1825 0.0657)
(0.4307 0.1825 0.0657)
(0.4453 0.1825 0.0657)
(0.4599 0.1825 0.0657)
(0.4745 0.1825 0.0657)
(0.4891 0.1825 0.0657)
(0.5037 0.1825 0.0657)
(0.5183 0.1825 0.0657)
(0.5329 0.1825 0.0657)
(0.5475 0.1825 0.0657)
(0.5621 0.1825 0.0657)
(0.5767 0.1825 0.0657)
(0.0073 0.1971 0.0657)
(0.0219 0.1971 0.0657)
(0.0365 0.1971 0.0657)
(0.0511 0.1971 0.0657)
(0.0657 0.1971 0.0657)
(0.0803 0.1971 0.0657)
(0.0949 0.1971 0.0657)
(0.1095 0.1971 0.0657)
(0.1241 0.1971 0.0657)
(0.1387 0.1971 0.0657)
(0.1533 0.1971 0.0657)
(0.1679 0.1971 0.0657)
(0.1825 0.1971 0.0657)
(0.1971 0.1971 0.0657)
(0.2117 0.1971 0.0657)
(0.2263 0.1971 0.0657)
(0.2409 0.1971 0.0657)
(0.2555 0.1971 0.0657)
(0.2701 0.1971 0.0657)
(0.2847 0.1971 0.0657)
(0.2993 0.1971 0.0657)
(0.3139 0.1971 0.0657)
(0.3285 0.1971 0.0657)
(0.3431 0.1971 0.0657)
(0.3577 0.1971 0.0657)
(0.3723 0.1971 0.0657)
(0.3869 0.1971 0.0657)
(0.4015 0.1971 0.0657)
(0.4161 0.1971 0.0657)
(0.4307 0.1971 0.0657)
(0.4453 0.1971 0.0657)
(0.4599 0.1971 0.0657)
(0.4745 0.1971 0.0657)
(0.4891 0.1971 0.0657)
(0.5037 0.1971 0.0657)
(0.5183 0.1971 0.0657)
(0.5329 0.1971 0.0657)
(0.5475 0.1971 0.0657)
(0.5621 0.1971 0.0657)
(0.5767 0.1971 0.0657)
(0.0073 0.2117 0.0657)
(0.0219 0.2117 0.0657)
(0.0365 0.2117 0.0657)
(0.0511 0.2117 0.0657)
(0.0657 0.2117 0.0657)
(0.0803 0.2117 0.0657)
(0.0949 0.2117 0.0657)
(0.1095 0.2117 0.0657)
(0.1241 0.2117 0.0657)
(0.1387 0.2117 0.0657)
(0.1533 0.2117 0.0657)
(0.1679 0.2117 0.0657)
(0.1825 0.2117 0.0657)
(0.1971 0.2117 0.0657)
(0.2117 0.2117 0.0657)
(0.2263 0.2117 0.0657)
(0.2409 0.2117 0.0657)
(0.2555 0.2117 0.0657)
(0.2701 0.2117 0.0657)
(0.2847 0.2117 0.0657)
(0.2993 0.2117 0.0657)
(0.3139 0.2117 0.0657)
(0.3285 0.2117 0.0657)
(0.3431 0.2117 0.0657)
(0.3577 0.2117 0.0657)
(0.3723 0.2117 0.0657)
(0.3869 0.2117 0.0657)
(0.4015 0.2117 0.0657)
(0.4161 0.2117 0.0657)
(0.4307 0.2117 0.0657)
(0.4453 0.2117 0.0657)
(0.4599 0.2117 0.0657)
(0.4745 0.2117 0.0657)
(0.4891 0.2117 0.0657)
(0.5037 0.2117 0.0657)
(0.5183 0.2117 0.0657)
(0.5329 0.2117 0.0657)
(0.5475 0.2117 0.0657)
(0.5621 0.2117 0.0657)
(0.5767 0.2117 0.0657)
(0.0073 0.2263 0.0657)
(0.0219 0.2263 0.0657)
(0.0365 0.2263 0.0657)
(0.0511 0.2263 0.0657)
(0.0657 0.2263 0.0657)
(0.0803 0.2263 0.0657)
(0.0949 0.2263 0.0657)
(0.1095 0.2263 0.0657)
(0.1241 0.2263 0.0657)
(0.1387 0.2263 0.0657)
(0.1533 0.2263 0.0657)
(0.1679 0.2263 0.0657)
(0.1825 0.2263 0.0657)
(0.1971 0.2263 0.0657)
(0.2117 0.2263 0.0657)
(0.2263 0.2263 0.0657)
(0.2409 0.2263 0.0657)
(0.2555 0.2263 0.0657)
(0.2701 0.2263 0.0657)
(0.2847 0.2263 0.0657)
(0.2993 0.2263 0.0657)
(0.3139 0.2263 0.0657)
(0.3285 0.2263 0.0657)
(0.3431 0.2263 0.0657)
(0.3577 0.2263 0.0657)
(0.3723 0.2263 0.0657)
(0.3869 0.2263 0.0657)
(0.4015 0.2263 0.0657)
(0.4161 0.2263 0.0657)
(0.4307 0.2263 0.0657)
(0.4453 0.2263 0.0657)
(0.4599 0.2263 0.0657)
(0.4745 0.2263 0.0657)
(0.4891 0.2263 0.0657)
(0.5037 0.2263 0.0657)
(0.5183 0.2263 0.0657)
(0.5329 0.2263 0.0657)
(0.5475 0.2263 0.0657)
(0.5621 0.2263 0.0657)
(0.5767 0.2263 0.0657)
(0.0073 0.2409 0.0657)
(0.0219 0.2409 0.0657)
(0.0365 0.2409 0.0657)
(0.0511 0.2409 0.0657)
(0.0657 0.2409 0.0657)
(0.0803 0.2409 0.0657)
(0.0949 0.2409 0.0657)
(0.1095 0.2409 0.0657)
(0.1241 0.2409 0.0657)
(0.1387 0.2409 0.0657)
(0.1533 0.2409 0.0657)
(0.1679 0.2409 0.0657)
(0.1825 0.2409 0.0657)
(0.1971 0.2409 0.0657)
(0.2117 0.2409 0.0657)
(0.2263 0.2409 0.0657)
(0.2409 0.2409 0.0657)
(0.2555 0.2409 0.0657)
(0.2701 0.2409 0.0657)
(0.2847 0.2409 0.0657)
(0.2993 0.2409 0.0657)
(0.3139 0.2409 0.0657)
(0.3285 0.2409 0.0657)
(0.3431 0.2409 0.0657)
(0.3577 0.2409 0.0657)
(0.3723 0.2409 0.0657)
(0.3869 0.2409 0.0657)
(0.4015 0.2409 0.0657)
(0.4161 0.2409 0.0657)
(0.4307 0.2409 0.0657)
(0.4453 0.2409 0.0657)
(0.4599 0.2409 0.0657)
(0.4745 0.2409 0.0657)
(0.4891 0.2409 0.0657)
(0.5037 0.2409 0.0657)
(0.5183 0.2409 0.0657)
(0.5329 0.2409 0.0657)
(0.5475 0.2409 0.0657)
(0.5621 0.2409 0.0657)
(0.5767 0.2409 0.0657)
(0.0073 0.2555 0.0657)
(0.0219 0.2555 0.0657)
(0.0365 0.2555 0.0657)
(0.0511 0.2555 0.0657)
(0.0657 0.2555 0.0657)
(0.0803 0.2555 0.0657)
(0.0949 0.2555 0.0657)
(0.1095 0.2555 0.0657)
(0.1241 0.2555 0.0657)
(0.1387 0.2555 0.0657)
(0.1533 0.2555 0.0657)
(0.1679 0.2555 0.0657)
(0.1825 0.2555 0.0657)
(0.1971 0.2555 0.0657)
(0.2117 0.2555 0.0657)
(0.2263 0.2555 0.0657)
(0.2409 0.2555 0.0657)
(0.2555 0.2555 0.0657)
(0.2701 0.2555 0.0657)
(0.2847 0.2555 0.0657)
(0.2993 0.2555 0.0657)
(0.3139 0.2555 0.0657)
(0.3285 0.2555 0.0657)
(0.3431 0.2555 0.0657)
(0.3577 0.2555 0.0657)
(0.3723 0.2555 0.0657)
(0.3869 0.2555 0.0657)
(0.4015 0.2555 0.0657)
(0.4161 0.2555 0.0657)
(0.4307 0.2555 0.0657)
(0.4453 0.2555 0.0657)
(0.4599 0.2555 0.0657)
(0.4745 0.2555 0.0657)
(0.4891 0.2555 0.0657)
(0.5037 0.2555 0.0657)
(0.5183 0.2555 0.0657)
(0.5329 0.2555 0.0657)
(0.5475 0.2555 0.0657)
(0.5621 0.2555 0.0657)
(0.5767 0.2555 0.0657)
(0.0073 0.2701 0.0657)
(0.0219 0.2701 0.0657)
(0.0365 0.2701 0.0657)
(0.0511 0.2701 0.0657)
(0.0657 0.2701 0.0657)
(0.0803 0.2701 0.0657)
(0.0949 0.2701 0.0657)
(0.1095 0.2701 0.0657)
(0.1241 0.2701 0.0657)
(0.1387 0.2701 0.0657)
(0.1533 0.2701 0.0657)
(0.1679 0.2701 0.0657)
(0.1825 0.2701 0.0657)
(0.1971 0.2701 0.0657)
(0.2117 0.2701 0.0657)
(0.2263 0.2701 0.0657)
(0.2409 0.2701 0.0657)
(0.2555 0.2701 0.0657)
(0.2701 0.2701 0.0657)
(0.2847 0.2701 0.0657)
(0.2993 0.2701 0.0657)
(0.3139 0.2701 0.0657)
(0.3285 0.2701 0.0657)
(0.3431 0.2701 0.0657)
(0.3577 0.2701 0.0657)
(0.3723 0.2701 0.0657)
(0.3869 0.2701 0.0657)
(0.4015 0.2701 0.0657)
(0.4161 0.2701 0.0657)
(0.4307 0.2701 0.0657)
(0.4453 0.2701 0.0657)
(0.4599 0.2701 0.0657)
(0.4745 0.2701 0.0657)
(0.4891 0.2701 0.0657)
(0.5037 0.2701 0.0657)
(0.5183 0.2701 0.0657)
(0.5329 0.2701 0.0657)
(0.5475 0.2701 0.0657)
(0.5621 0.2701 0.0657)
(0.5767 0.2701 0.0657)
(0.0073 0.2847 0.0657)
(0.0219 0.2847 0.0657)
(0.0365 0.2847 0.0657)
(0.0511 0.2847 0.0657)
(0.0657 0.2847 0.0657)
(0.0803 0.2847 0.0657)
(0.0949 0.2847 0.0657)
(0.1095 0.2847 0.0657)
(0.1241 0.2847 0.0657)
(0.1387 0.2847 0.0657)
(0.1533 0.2847 0.0657)
(0.1679 0.2847 0.0657)
(0.1825 0.2847 0.0657)
(0.1971 0.2847 0.0657)
(0.2117 0.2847 0.0657)
(0.2263 0.2847 0.0657)
(0.2409 0.2847 0.0657)
(0.2555 0.2847 0.0657)
(0.2701 0.2847 0.0657)
(0.2847 0.2847 0.0657)
(0.2993 0.2847 0.0657)
(0.3139 0.2847 0.0657)
(0.3285 0.2847 0.0657)
(0.3431 0.2847 0.0657)
(0.3577 0.2847 0.0657)
(0.3723 0.2847 0.0657)
(0.3869 0.2847 0.0657)
(0.4015 0.2847 0.0657)
(0.4161 0.2847 0.0657)
(0.4307 0.2847 0.0657)
(0.4453 0.2847 0.0657)
(0.4599 0.2847 0.0657)
(0.4745 0.2847 0.0657)
(0.4891 0.2847 0.0657)
(0.5037 0.2847 0.0657)
(0.5183 0.2847 0.0657)
(0.5329 0.2847 0.0657)
(0.5475 0.2847 0.0657)
(0.5621 0.2847 0.0657)
(0.5767 0.2847 0.0657)
(0.0073 0.2993 0.0657)
(0.0219 0.2993 0.0657)
(0.0365 0.2993 0.0657)
(0.0511 0.2993 0.0657)
(0.0657 0.2993 0.0657)
(0.0803 0.2993 0.0657)
(0.0949 0.2993 0.0657)
(0.1095 0.2993 0.0657)
(0.1241 0.2993 0.0657)
(0.1387 0.2993 0.0657)
(0.1533 0.2993 0.0657)
(0.1679 0.2993 0.0657)
(0.1825 0.2993 0.0657)
(0.1971 0.2993 0.0657)
(0.2117 0.2993 0.0657)
(0.2263 0.2993 0.0657)
(0.2409 0.2993 0.0657)
(0.2555 0.2993 0.0657)
(0.2701 0.2993 0.0657)
(0.2847 0.2993 0.0657)
(0.2993 0.2993 0.0657)
(0.3139 0.2993 0.0657)
(0.3285 0.2993 0.0657)
(0.3431 0.2993 0.0657)
(0.3577 0.2993 0.0657)
(0.3723 0.2993 0.0657)
(0.3869 0.2993 0.0657)
(0.4015 0.2993 0.0657)
(0.4161 0.2993 0.0657)
(0.4307 0.2993 0.0657)
(0.4453 0.2993 0.0657)
(0.4599 0.2993 0.0657)
(0.4745 0.2993 0.0657)
(0.4891 0.2993 0.0657)
(0.5037 0.2993 0.0657)
(0.5183 0.2993 0.0657)
(0.5329 0.2993 0.0657)
(0.5475 0.2993 0.0657)
(0.5621 0.2993 0.0657)
(0.5767 0.2993 0.0657)
(0.0073 0.3139 0.0657)
(0.0219 0.3139 0.0657)
(0.0365 0.3139 0.0657)
(0.0511 0.3139 0.0657)
(0.0657 0.3139 0.0657)
(0.0803 0.3139 0.0657)
(0.0949 0.3139 0.0657)
(0.1095 0.3139 0.0657)
(0.1241 0.3139 0.0657)
(0.1387 0.3139 0.0657)
(0.1533 0.3139 0.0657)
(0.1679 0.3139 0.0657)
(0.1825 0.3139 0.0657)
(0.1971 0.3139 0.0657)
(0.2117 0.3139 0.0657)
(0.2263 0.3139 0.0657)
(0.2409 0.3139 0.0657)
(0.2555 0.3139 0.0657)
(0.2701 0.3139 0.0657)
(0.2847 0.3139 0.0657)
(0.2993 0.3139 0.0657)
(0.3139 0.3139 0.0657)
(0.3285 0.3139 0.0657)
(0.3431 0.3139 0.0657)
(0.3577 0.3139 0.0657)
(0.3723 0.3139 0.0657)
(0.3869 0.3139 0.0657)
(0.4015 0.3139 0.0657)
(0.4161 0.3139 0.0657)
(0.4307 0.3139 0.0657)
(0.4453 0.3139 0.0657)
(0.4599 0.3139 0.0657)
(0.4745 0.3139 0.0657)
(0.4891 0.3139 0.0657)
(0.5037 0.3139 0.0657)
(0.5183 0.3139 0.0657)
(0.5329 0.3139 0.0657)
(0.5475 0.3139 0.0657)
(0.5621 0.3139 0.0657)
(0.5767 0.3139 0.0657)
(0.0073 0.3285 0.0657)
(0.0219 0.3285 0.0657)
(0.0365 0.3285 0.0657)
(0.0511 0.3285 0.0657)
(0.0657 0.3285 0.0657)
(0.0803 0.3285 0.0657)
(0.0949 0.3285 0.0657)
(0.1095 0.3285 0.0657)
(0.1241 0.3285 0.0657)
(0.1387 0.3285 0.0657)
(0.1533 0.3285 0.0657)
(0.1679 0.3285 0.0657)
(0.1825 0.3285 0.0657)
(0.1971 0.3285 0.0657)
(0.2117 0.3285 0.0657)
(0.2263 0.3285 0.0657)
(0.2409 0.3285 0.0657)
(0.2555 0.3285 0.0657)
(0.2701 0.3285 0.0657)
(0.2847 0.3285 0.0657)
(0.2993 0.3285 0.0657)
(0.3139 0.3285 0.0657)
(0.3285 0.3285 0.0657)
(0.3431 0.3285 0.0657)
(0.3577 0.3285 0.0657)
(0.3723 0.3285 0.0657)
(0.3869 0.3285 0.0657)
(0.4015 0.3285 0.0657)
(0.4161 0.3285 0.0657)
(0.4307 0.3285 0.0657)
(0.4453 0.3285 0.0657)
(0.4599 0.3285 0.0657)
(0.4745 0.3285 0.0657)
(0.4891 0.3285 0.0657)
(0.5037 0.3285 0.0657)
(0.5183 0.3285 0.0657)
(0.5329 0.3285 0.0657)
(0.5475 0.3285 0.0657)
(0.5621 0.3285 0.0657)
(0.5767 0.3285 0.0657)
(0.0073 0.3431 0.0657)
(0.0219 0.3431 0.0657)
(0.0365 0.3431 0.0657)
(0.0511 0.3431 0.0657)
(0.0657 0.3431 0.0657)
(0.0803 0.3431 0.0657)
(0.0949 0.3431 0.0657)
(0.1095 0.3431 0.0657)
(0.1241 0.3431 0.0657)
(0.1387 0.3431 0.0657)
(0.1533 0.3431 0.0657)
(0.1679 0.3431 0.0657)
(0.1825 0.3431 0.0657)
(0.1971 0.3431 0.0657)
(0.2117 0.3431 0.0657)
(0.2263 0.3431 0.0657)
(0.2409 0.3431 0.0657)
(0.2555 0.3431 0.0657)
(0.2701 0.3431 0.0657)
(0.2847 0.3431 0.0657)
(0.2993 0.3431 0.0657)
(0.3139 0.3431 0.0657)
(0.3285 0.3431 0.0657)
(0.3431 0.3431 0.0657)
(0.3577 0.3431 0.0657)
(0.3723 0.3431 0.0657)
(0.3869 0.3431 0.0657)
(0.4015 0.3431 0.0657)
(0.4161 0.3431 0.0657)
(0.4307 0.3431 0.0657)
(0.4453 0.3431 0.0657)
(0.4599 0.3431 0.0657)
(0.4745 0.3431 0.0657)
(0.4891 0.3431 0.0657)
(0.5037 0.3431 0.0657)
(0.5183 0.3431 0.0657)
(0.5329 0.3431 0.0657)
(0.5475 0.3431 0.0657)
(0.5621 0.3431 0.0657)
(0.5767 0.3431 0.0657)
(0.0073 0.3577 0.0657)
(0.0219 0.3577 0.0657)
(0.0365 0.3577 0.0657)
(0.0511 0.3577 0.0657)
(0.0657 0.3577 0.0657)
(0.0803 0.3577 0.0657)
(0.0949 0.3577 0.0657)
(0.1095 0.3577 0.0657)
(0.1241 0.3577 0.0657)
(0.1387 0.3577 0.0657)
(0.1533 0.3577 0.0657)
(0.1679 0.3577 0.0657)
(0.1825 0.3577 0.0657)
(0.1971 0.3577 0.0657)
(0.2117 0.3577 0.0657)
(0.2263 0.3577 0.0657)
(0.2409 0.3577 0.0657)
(0.2555 0.3577 0.0657)
(0.2701 0.3577 0.0657)
(0.2847 0.3577 0.0657)
(0.2993 0.3577 0.0657)
(0.3139 0.3577 0.0657)
(0.3285 0.3577 0.0657)
(0.3431 0.3577 0.0657)
(0.3577 0.3577 0.0657)
(0.3723 0.3577 0.0657)
(0.3869 0.3577 0.0657)
(0.4015 0.3577 0.0657)
(0.4161 0.3577 0.0657)
(0.4307 0.3577 0.0657)
(0.4453 0.3577 0.0657)
(0.4599 0.3577 0.0657)
(0.4745 0.3577 0.0657)
(0.4891 0.3577 0.0657)
(0.5037 0.3577 0.0657)
(0.5183 0.3577 0.0657)
(0.5329 0.3577 0.0657)
(0.5475 0.3577 0.0657)
(0.5621 0.3577 0.0657)
(0.5767 0.3577 0.0657)
(0.0073 0.3723 0.0657)
(0.0219 0.3723 0.0657)
(0.0365 0.3723 0.0657)
(0.0511 0.3723 0.0657)
(0.0657 0.3723 0.0657)
(0.0803 0.3723 0.0657)
(0.0949 0.3723 0.0657)
(0.1095 0.3723 0.0657)
(0.1241 0.3723 0.0657)
(0.1387 0.3723 0.0657)
(0.1533 0.3723 0.0657)
(0.1679 0.3723 0.0657)
(0.1825 0.3723 0.0657)
(0.1971 0.3723 0.0657)
(0.2117 0.3723 0.0657)
(0.2263 0.3723 0.0657)
(0.2409 0.3723 0.0657)
(0.2555 0.3723 0.0657)
(0.2701 0.3723 0.0657)
(0.2847 0.3723 0.0657)
(0.2993 0.3723 0.0657)
(0.3139 0.3723 0.0657)
(0.3285 0.3723 0.0657)
(0.3431 0.3723 0.0657)
(0.3577 0.3723 0.0657)
(0.3723 0.3723 0.0657)
(0.3869 0.3723 0.0657)
(0.4015 0.3723 0.0657)
(0.4161 0.3723 0.0657)
(0.4307 0.3723 0.0657)
(0.4453 0.3723 0.0657)
(0.4599 0.3723 0.0657)
(0.4745 0.3723 0.0657)
(0.4891 0.3723 0.0657)
(0.5037 0.3723 0.0657)
(0.5183 0.3723 0.0657)
(0.5329 0.3723 0.0657)
(0.5475 0.3723 0.0657)
(0.5621 0.3723 0.0657)
(0.5767 0.3723 0.0657)
(0.0073 0.3869 0.0657)
(0.0219 0.3869 0.0657)
(0.0365 0.3869 0.0657)
(0.0511 0.3869 0.0657)
(0.0657 0.3869 0.0657)
(0.0803 0.3869 0.0657)
(0.0949 0.3869 0.0657)
(0.1095 0.3869 0.0657)
(0.1241 0.3869 0.0657)
(0.1387 0.3869 0.0657)
(0.1533 0.3869 0.0657)
(0.1679 0.3869 0.0657)
(0.1825 0.3869 0.0657)
(0.1971 0.3869 0.0657)
(0.2117 0.3869 0.0657)
(0.2263 0.3869 0.0657)
(0.2409 0.3869 0.0657)
(0.2555 0.3869 0.0657)
(0.2701 0.3869 0.0657)
(0.2847 0.3869 0.0657)
(0.2993 0.3869 0.0657)
(0.3139 0.3869 0.0657)
(0.3285 0.3869 0.0657)
(0.3431 0.3869 0.0657)
(0.3577 0.3869 0.0657)
(0.3723 0.3869 0.0657)
(0.3869 0.3869 0.0657)
(0.4015 0.3869 0.0657)
(0.4161 0.3869 0.0657)
(0.4307 0.3869 0.0657)
(0.4453 0.3869 0.0657)
(0.4599 0.3869 0.0657)
(0.4745 0.3869 0.0657)
(0.4891 0.3869 0.0657)
(0.5037 0.3869 0.0657)
(0.5183 0.3869 0.0657)
(0.5329 0.3869 0.0657)
(0.5475 0.3869 0.0657)
(0.5621 0.3869 0.0657)
(0.5767 0.3869 0.0657)
(0.0073 0.4015 0.0657)
(0.0219 0.4015 0.0657)
(0.0365 0.4015 0.0657)
(0.0511 0.4015 0.0657)
(0.0657 0.4015 0.0657)
(0.0803 0.4015 0.0657)
(0.0949 0.4015 0.0657)
(0.1095 0.4015 0.0657)
(0.1241 0.4015 0.0657)
(0.1387 0.4015 0.0657)
(0.1533 0.4015 0.0657)
(0.1679 0.4015 0.0657)
(0.1825 0.4015 0.0657)
(0.1971 0.4015 0.0657)
(0.2117 0.4015 0.0657)
(0.2263 0.4015 0.0657)
(0.2409 0.4015 0.0657)
(0.2555 0.4015 0.0657)
(0.2701 0.4015 0.0657)
(0.2847 0.4015 0.0657)
(0.2993 0.4015 0.0657)
(0.3139 0.4015 0.0657)
(0.3285 0.4015 0.0657)
(0.3431 0.4015 0.0657)
(0.3577 0.4015 0.0657)
(0.3723 0.4015 0.0657)
(0.3869 0.4015 0.0657)
(0.4015 0.4015 0.0657)
(0.4161 0.4015 0.0657)
(0.4307 0.4015 0.0657)
(0.4453 0.4015 0.0657)
(0.4599 0.4015 0.0657)
(0.4745 0.4015 0.0657)
(0.4891 0.4015 0.0657)
(0.5037 0.4015 0.0657)
(0.5183 0.4015 0.0657)
(0.5329 0.4015 0.0657)
(0.5475 0.4015 0.0657)
(0.5621 0.4015 0.0657)
(0.5767 0.4015 0.0657)
(0.0073 0.4161 0.0657)
(0.0219 0.4161 0.0657)
(0.0365 0.4161 0.0657)
(0.0511 0.4161 0.0657)
(0.0657 0.4161 0.0657)
(0.0803 0.4161 0.0657)
(0.0949 0.4161 0.0657)
(0.1095 0.4161 0.0657)
(0.1241 0.4161 0.0657)
(0.1387 0.4161 0.0657)
(0.1533 0.4161 0.0657)
(0.1679 0.4161 0.0657)
(0.1825 0.4161 0.0657)
(0.1971 0.4161 0.0657)
(0.2117 0.4161 0.0657)
(0.2263 0.4161 0.0657)
(0.2409 0.4161 0.0657)
(0.2555 0.4161 0.0657)
(0.2701 0.4161 0.0657)
(0.2847 0.4161 0.0657)
(0.2993 0.4161 0.0657)
(0.3139 0.4161 0.0657)
(0.3285 0.4161 0.0657)
(0.3431 0.4161 0.0657)
(0.3577 0.4161 0.0657)
(0.3723 0.4161 0.0657)
(0.3869 0.4161 0.0657)
(0.4015 0.4161 0.0657)
(0.4161 0.4161 0.0657)
(0.4307 0.4161 0.0657)
(0.4453 0.4161 0.0657)
(0.4599 0.4161 0.0657)
(0.4745 0.4161 0.0657)
(0.4891 0.4161 0.0657)
(0.5037 0.4161 0.0657)
(0.5183 0.4161 0.0657)
(0.5329 0.4161 0.0657)
(0.5475 0.4161 0.0657)
(0.5621 0.4161 0.0657)
(0.5767 0.4161 0.0657)
(0.0073 0.4307 0.0657)
(0.0219 0.4307 0.0657)
(0.0365 0.4307 0.0657)
(0.0511 0.4307 0.0657)
(0.0657 0.4307 0.0657)
(0.0803 0.4307 0.0657)
(0.0949 0.4307 0.0657)
(0.1095 0.4307 0.0657)
(0.1241 0.4307 0.0657)
(0.1387 0.4307 0.0657)
(0.1533 0.4307 0.0657)
(0.1679 0.4307 0.0657)
(0.1825 0.4307 0.0657)
(0.1971 0.4307 0.0657)
(0.2117 0.4307 0.0657)
(0.2263 0.4307 0.0657)
(0.2409 0.4307 0.0657)
(0.2555 0.4307 0.0657)
(0.2701 0.4307 0.0657)
(0.2847 0.4307 0.0657)
(0.2993 0.4307 0.0657)
(0.3139 0.4307 0.0657)
(0.3285 0.4307 0.0657)
(0.3431 0.4307 0.0657)
(0.3577 0.4307 0.0657)
(0.3723 0.4307 0.0657)
(0.3869 0.4307 0.0657)
(0.4015 0.4307 0.0657)
(0.4161 0.4307 0.0657)
(0.4307 0.4307 0.0657)
(0.4453 0.4307 0.0657)
(0.4599 0.4307 0.0657)
(0.4745 0.4307 0.0657)
(0.4891 0.4307 0.0657)
(0.5037 0.4307 0.0657)
(0.5183 0.4307 0.0657)
(0.5329 0.4307 0.0657)
(0.5475 0.4307 0.0657)
(0.5621 0.4307 0.0657)
(0.5767 0.4307 0.0657)
(0.0073 0.4453 0.0657)
(0.0219 0.4453 0.0657)
(0.0365 0.4453 0.0657)
(0.0511 0.4453 0.0657)
(0.0657 0.4453 0.0657)
(0.0803 0.4453 0.0657)
(0.0949 0.4453 0.0657)
(0.1095 0.4453 0.0657)
(0.1241 0.4453 0.0657)
(0.1387 0.4453 0.0657)
(0.1533 0.4453 0.0657)
(0.1679 0.4453 0.0657)
(0.1825 0.4453 0.0657)
(0.1971 0.4453 0.0657)
(0.2117 0.4453 0.0657)
(0.2263 0.4453 0.0657)
(0.2409 0.4453 0.0657)
(0.2555 0.4453 0.0657)
(0.2701 0.4453 0.0657)
(0.2847 0.4453 0.0657)
(0.2993 0.4453 0.0657)
(0.3139 0.4453 0.0657)
(0.3285 0.4453 0.0657)
(0.3431 0.4453 0.0657)
(0.3577 0.4453 0.0657)
(0.3723 0.4453 0.0657)
(0.3869 0.4453 0.0657)
(0.4015 0.4453 0.0657)
(0.4161 0.4453 0.0657)
(0.4307 0.4453 0.0657)
(0.4453 0.4453 0.0657)
(0.4599 0.4453 0.0657)
(0.4745 0.4453 0.0657)
(0.4891 0.4453 0.0657)
(0.5037 0.4453 0.0657)
(0.5183 0.4453 0.0657)
(0.5329 0.4453 0.0657)
(0.5475 0.4453 0.0657)
(0.5621 0.4453 0.0657)
(0.5767 0.4453 0.0657)
(0.0073 0.4599 0.0657)
(0.0219 0.4599 0.0657)
(0.0365 0.4599 0.0657)
(0.0511 0.4599 0.0657)
(0.0657 0.4599 0.0657)
(0.0803 0.4599 0.0657)
(0.0949 0.4599 0.0657)
(0.1095 0.4599 0.0657)
(0.1241 0.4599 0.0657)
(0.1387 0.4599 0.0657)
(0.1533 0.4599 0.0657)
(0.1679 0.4599 0.0657)
(0.1825 0.4599 0.0657)
(0.1971 0.4599 0.0657)
(0.2117 0.4599 0.0657)
(0.2263 0.4599 0.0657)
(0.2409 0.4599 0.0657)
(0.2555 0.4599 0.0657)
(0.2701 0.4599 0.0657)
(0.2847 0.4599 0.0657)
(0.2993 0.4599 0.0657)
(0.3139 0.4599 0.0657)
(0.3285 0.4599 0.0657)
(0.3431 0.4599 0.0657)
(0.3577 0.4599 0.0657)
(0.3723 0.4599 0.0657)
(0.3869 0.4599 0.0657)
(0.4015 0.4599 0.0657)
(0.4161 0.4599 0.0657)
(0.4307 0.4599 0.0657)
(0.4453 0.4599 0.0657)
(0.4599 0.4599 0.0657)
(0.4745 0.4599 0.0657)
(0.4891 0.4599 0.0657)
(0.5037 0.4599 0.0657)
(0.5183 0.4599 0.0657)
(0.5329 0.4599 0.0657)
(0.5475 0.4599 0.0657)
(0.5621 0.4599 0.0657)
(0.5767 0.4599 0.0657)
(0.0073 0.4745 0.0657)
(0.0219 0.4745 0.0657)
(0.0365 0.4745 0.0657)
(0.0511 0.4745 0.0657)
(0.0657 0.4745 0.0657)
(0.0803 0.4745 0.0657)
(0.0949 0.4745 0.0657)
(0.1095 0.4745 0.0657)
(0.1241 0.4745 0.0657)
(0.1387 0.4745 0.0657)
(0.1533 0.4745 0.0657)
(0.1679 0.4745 0.0657)
(0.1825 0.4745 0.0657)
(0.1971 0.4745 0.0657)
(0.2117 0.4745 0.0657)
(0.2263 0.4745 0.0657)
(0.2409 0.4745 0.0657)
(0.2555 0.4745 0.0657)
(0.2701 0.4745 0.0657)
(0.2847 0.4745 0.0657)
(0.2993 0.4745 0.0657)
(0.3139 0.4745 0.0657)
(0.3285 0.4745 0.0657)
(0.3431 0.4745 0.0657)
(0.3577 0.4745 0.0657)
(0.3723 0.4745 0.0657)
(0.3869 0.4745 0.0657)
(0.4015 0.4745 0.0657)
(0.4161 0.4745 0.0657)
(0.4307 0.4745 0.0657)
(0.4453 0.4745 0.0657)
(0.4599 0.4745 0.0657)
(0.4745 0.4745 0.0657)
(0.4891 0.4745 0.0657)
(0.5037 0.4745 0.0657)
(0.5183 0.4745 0.0657)
(0.5329 0.4745 0.0657)
(0.5475 0.4745 0.0657)
(0.5621 0.4745 0.0657)
(0.5767 0.4745 0.0657)
(0.0073 0.4891 0.0657)
(0.0219 0.4891 0.0657)
(0.0365 0.4891 0.0657)
(0.0511 0.4891 0.0657)
(0.0657 0.4891 0.0657)
(0.0803 0.4891 0.0657)
(0.0949 0.4891 0.0657)
(0.1095 0.4891 0.0657)
(0.1241 0.4891 0.0657)
(0.1387 0.4891 0.0657)
(0.1533 0.4891 0.0657)
(0.1679 0.4891 0.0657)
(0.1825 0.4891 0.0657)
(0.1971 0.4891 0.0657)
(0.2117 0.4891 0.0657)
(0.2263 0.4891 0.0657)
(0.2409 0.4891 0.0657)
(0.2555 0.4891 0.0657)
(0.2701 0.4891 0.0657)
(0.2847 0.4891 0.0657)
(0.2993 0.4891 0.0657)
(0.3139 0.4891 0.0657)
(0.3285 0.4891 0.0657)
(0.3431 0.4891 0.0657)
(0.3577 0.4891 0.0657)
(0.3723 0.4891 0.0657)
(0.3869 0.4891 0.0657)
(0.4015 0.4891 0.0657)
(0.4161 0.4891 0.0657)
(0.4307 0.4891 0.0657)
(0.4453 0.4891 0.0657)
(0.4599 0.4891 0.0657)
(0.4745 0.4891 0.0657)
(0.4891 0.4891 0.0657)
(0.5037 0.4891 0.0657)
(0.5183 0.4891 0.0657)
(0.5329 0.4891 0.0657)
(0.5475 0.4891 0.0657)
(0.5621 0.4891 0.0657)
(0.5767 0.4891 0.0657)
(0.0073 0.5037 0.0657)
(0.0219 0.5037 0.0657)
(0.0365 0.5037 0.0657)
(0.0511 0.5037 0.0657)
(0.0657 0.5037 0.0657)
(0.0803 0.5037 0.0657)
(0.0949 0.5037 0.0657)
(0.1095 0.5037 0.0657)
(0.1241 0.5037 0.0657)
(0.1387 0.5037 0.0657)
(0.1533 0.5037 0.0657)
(0.1679 0.5037 0.0657)
(0.1825 0.5037 0.0657)
(0.1971 0.5037 0.0657)
(0.2117 0.5037 0.0657)
(0.2263 0.5037 0.0657)
(0.2409 0.5037 0.0657)
(0.2555 0.5037 0.0657)
(0.2701 0.5037 0.0657)
(0.2847 0.5037 0.0657)
(0.2993 0.5037 0.0657)
(0.3139 0.5037 0.0657)
(0.3285 0.5037 0.0657)
(0.3431 0.5037 0.0657)
(0.3577 0.5037 0.0657)
(0.3723 0.5037 0.0657)
(0.3869 0.5037 0.0657)
(0.4015 0.5037 0.0657)
(0.4161 0.5037 0.0657)
(0.4307 0.5037 0.0657)
(0.4453 0.5037 0.0657)
(0.4599 0.5037 0.0657)
(0.4745 0.5037 0.0657)
(0.4891 0.5037 0.0657)
(0.5037 0.5037 0.0657)
(0.5183 0.5037 0.0657)
(0.5329 0.5037 0.0657)
(0.5475 0.5037 0.0657)
(0.5621 0.5037 0.0657)
(0.5767 0.5037 0.0657)
(0.0073 0.5183 0.0657)
(0.0219 0.5183 0.0657)
(0.0365 0.5183 0.0657)
(0.0511 0.5183 0.0657)
(0.0657 0.5183 0.0657)
(0.0803 0.5183 0.0657)
(0.0949 0.5183 0.0657)
(0.1095 0.5183 0.0657)
(0.1241 0.5183 0.0657)
(0.1387 0.5183 0.0657)
(0.1533 0.5183 0.0657)
(0.1679 0.5183 0.0657)
(0.1825 0.5183 0.0657)
(0.1971 0.5183 0.0657)
(0.2117 0.5183 0.0657)
(0.2263 0.5183 0.0657)
(0.2409 0.5183 0.0657)
(0.2555 0.5183 0.0657)
(0.2701 0.5183 0.0657)
(0.2847 0.5183 0.0657)
(0.2993 0.5183 0.0657)
(0.3139 0.5183 0.0657)
(0.3285 0.5183 0.0657)
(0.3431 0.5183 0.0657)
(0.3577 0.5183 0.0657)
(0.3723 0.5183 0.0657)
(0.3869 0.5183 0.0657)
(0.4015 0.5183 0.0657)
(0.4161 0.5183 0.0657)
(0.4307 0.5183 0.0657)
(0.4453 0.5183 0.0657)
(0.4599 0.5183 0.0657)
(0.4745 0.5183 0.0657)
(0.4891 0.5183 0.0657)
(0.5037 0.5183 0.0657)
(0.5183 0.5183 0.0657)
(0.5329 0.5183 0.0657)
(0.5475 0.5183 0.0657)
(0.5621 0.5183 0.0657)
(0.5767 0.5183 0.0657)
(0.0073 0.5329 0.0657)
(0.0219 0.5329 0.0657)
(0.0365 0.5329 0.0657)
(0.0511 0.5329 0.0657)
(0.0657 0.5329 0.0657)
(0.0803 0.5329 0.0657)
(0.0949 0.5329 0.0657)
(0.1095 0.5329 0.0657)
(0.1241 0.5329 0.0657)
(0.1387 0.5329 0.0657)
(0.1533 0.5329 0.0657)
(0.1679 0.5329 0.0657)
(0.1825 0.5329 0.0657)
(0.1971 0.5329 0.0657)
(0.2117 0.5329 0.0657)
(0.2263 0.5329 0.0657)
(0.2409 0.5329 0.0657)
(0.2555 0.5329 0.0657)
(0.2701 0.5329 0.0657)
(0.2847 0.5329 0.0657)
(0.2993 0.5329 0.0657)
(0.3139 0.5329 0.0657)
(0.3285 0.5329 0.0657)
(0.3431 0.5329 0.0657)
(0.3577 0.5329 0.0657)
(0.3723 0.5329 0.0657)
(0.3869 0.5329 0.0657)
(0.4015 0.5329 0.0657)
(0.4161 0.5329 0.0657)
(0.4307 0.5329 0.0657)
(0.4453 0.5329 0.0657)
(0.4599 0.5329 0.0657)
(0.4745 0.5329 0.0657)
(0.4891 0.5329 0.0657)
(0.5037 0.5329 0.0657)
(0.5183 0.5329 0.0657)
(0.5329 0.5329 0.0657)
(0.5475 0.5329 0.0657)
(0.5621 0.5329 0.0657)
(0.5767 0.5329 0.0657)
(0.0073 0.5475 0.0657)
(0.0219 0.5475 0.0657)
(0.0365 0.5475 0.0657)
(0.0511 0.5475 0.0657)
(0.0657 0.5475 0.0657)
(0.0803 0.5475 0.0657)
(0.0949 0.5475 0.0657)
(0.1095 0.5475 0.0657)
(0.1241 0.5475 0.0657)
(0.1387 0.5475 0.0657)
(0.1533 0.5475 0.0657)
(0.1679 0.5475 0.0657)
(0.1825 0.5475 0.0657)
(0.1971 0.5475 0.0657)
(0.2117 0.5475 0.0657)
(0.2263 0.5475 0.0657)
(0.2409 0.5475 0.0657)
(0.2555 0.5475 0.0657)
(0.2701 0.5475 0.0657)
(0.2847 0.5475 0.0657)
(0.2993 0.5475 0.0657)
(0.3139 0.5475 0.0657)
(0.3285 0.5475 0.0657)
(0.3431 0.5475 0.0657)
(0.3577 0.5475 0.0657)
(0.3723 0.5475 0.0657)
(0.3869 0.5475 0.0657)
(0.4015 0.5475 0.0657)
(0.4161 0.5475 0.0657)
(0.4307 0.5475 0.0657)
(0.4453 0.5475 0.0657)
(0.4599 0.5475 0.0657)
(0.4745 0.5475 0.0657)
(0.4891 0.5475 0.0657)
(0.5037 0.5475 0.0657)
(0.5183 0.5475 0.0657)
(0.5329 0.5475 0.0657)
(0.5475 0.5475 0.0657)
(0.5621 0.5475 0.0657)
(0.5767 0.5475 0.0657)
(0.0073 0.5621 0.0657)
(0.0219 0.5621 0.0657)
(0.0365 0.5621 0.0657)
(0.0511 0.5621 0.0657)
(0.0657 0.5621 0.0657)
(0.0803 0.5621 0.0657)
(0.0949 0.5621 0.0657)
(0.1095 0.5621 0.0657)
(0.1241 0.5621 0.0657)
(0.1387 0.5621 0.0657)
(0.1533 0.5621 0.0657)
(0.1679 0.5621 0.0657)
(0.1825 0.5621 0.0657)
(0.1971 0.5621 0.0657)
(0.2117 0.5621 0.0657)
(0.2263 0.5621 0.0657)
(0.2409 0.5621 0.0657)
(0.2555 0.5621 0.0657)
(0.2701 0.5621 0.0657)
(0.2847 0.5621 0.0657)
(0.2993 0.5621 0.0657)
(0.3139 0.5621 0.0657)
(0.3285 0.5621 0.0657)
(0.3431 0.5621 0.0657)
(0.3577 0.5621 0.0657)
(0.3723 0.5621 0.0657)
(0.3869 0.5621 0.0657)
(0.4015 0.5621 0.0657)
(0.4161 0.5621 0.0657)
(0.4307 0.5621 0.0657)
(0.4453 0.5621 0.0657)
(0.4599 0.5621 0.0657)
(0.4745 0.5621 0.0657)
(0.4891 0.5621 0.0657)
(0.5037 0.5621 0.0657)
(0.5183 0.5621 0.0657)
(0.5329 0.5621 0.0657)
(0.5475 0.5621 0.0657)
(0.5621 0.5621 0.0657)
(0.5767 0.5621 0.0657)
(0.0073 0.5767 0.0657)
(0.0219 0.5767 0.0657)
(0.0365 0.5767 0.0657)
(0.0511 0.5767 0.0657)
(0.0657 0.5767 0.0657)
(0.0803 0.5767 0.0657)
(0.0949 0.5767 0.0657)
(0.1095 0.5767 0.0657)
(0.1241 0.5767 0.0657)
(0.1387 0.5767 0.0657)
(0.1533 0.5767 0.0657)
(0.1679 0.5767 0.0657)
(0.1825 0.5767 0.0657)
(0.1971 0.5767 0.0657)
(0.2117 0.5767 0.0657)
(0.2263 0.5767 0.0657)
(0.2409 0.5767 0.0657)
(0.2555 0.5767 0.0657)
(0.2701 0.5767 0.0657)
(0.2847 0.5767 0.0657)
(0.2993 0.5767 0.0657)
(0.3139 0.5767 0.0657)
(0.3285 0.5767 0.0657)
(0.3431 0.5767 0.0657)
(0.3577 0.5767 0.0657)
(0.3723 0.5767 0.0657)
(0.3869 0.5767 0.0657)
(0.4015 0.5767 0.0657)
(0.4161 0.5767 0.0657)
(0.4307 0.5767 0.0657)
(0.4453 0.5767 0.0657)
(0.4599 0.5767 0.0657)
(0.4745 0.5767 0.0657)
(0.4891 0.5767 0.0657)
(0.5037 0.5767 0.0657)
(0.5183 0.5767 0.0657)
(0.5329 0.5767 0.0657)
(0.5475 0.5767 0.0657)
(0.5621 0.5767 0.0657)
(0.5767 0.5767 0.0657)
(0.0073 0.0073 0.0803)
(0.0219 0.0073 0.0803)
(0.0365 0.0073 0.0803)
(0.0511 0.0073 0.0803)
(0.0657 0.0073 0.0803)
(0.0803 0.0073 0.0803)
(0.0949 0.0073 0.0803)
(0.1095 0.0073 0.0803)
(0.1241 0.0073 0.0803)
(0.1387 0.0073 0.0803)
(0.1533 0.0073 0.0803)
(0.1679 0.0073 0.0803)
(0.1825 0.0073 0.0803)
(0.1971 0.0073 0.0803)
(0.2117 0.0073 0.0803)
(0.2263 0.0073 0.0803)
(0.2409 0.0073 0.0803)
(0.2555 0.0073 0.0803)
(0.2701 0.0073 0.0803)
(0.2847 0.0073 0.0803)
(0.2993 0.0073 0.0803)
(0.3139 0.0073 0.0803)
(0.3285 0.0073 0.0803)
(0.3431 0.0073 0.0803)
(0.3577 0.0073 0.0803)
(0.3723 0.0073 0.0803)
(0.3869 0.0073 0.0803)
(0.4015 0.0073 0.0803)
(0.4161 0.0073 0.0803)
(0.4307 0.0073 0.0803)
(0.4453 0.0073 0.0803)
(0.4599 0.0073 0.0803)
(0.4745 0.0073 0.0803)
(0.4891 0.0073 0.0803)
(0.5037 0.0073 0.0803)
(0.5183 0.0073 0.0803)
(0.5329 0.0073 0.0803)
(0.5475 0.0073 0.0803)
(0.5621 0.0073 0.0803)
(0.5767 0.0073 0.0803)
(0.0073 0.0219 0.0803)
(0.0219 0.0219 0.0803)
(0.0365 0.0219 0.0803)
(0.0511 0.0219 0.0803)
(0.0657 0.0219 0.0803)
(0.0803 0.0219 0.0803)
(0.0949 0.0219 0.0803)
(0.1095 0.0219 0.0803)
(0.1241 0.0219 0.0803)
(0.1387 0.0219 0.0803)
(0.1533 0.0219 0.0803)
(0.1679 0.0219 0.0803)
(0.1825 0.0219 0.0803)
(0.1971 0.0219 0.0803)
(0.2117 0.0219 0.0803)
(0.2263 0.0219 0.0803)
(0.2409 0.0219 0.0803)
(0.2555 0.0219 0.0803)
(0.2701 0.0219 0.0803)
(0.2847 0.0219 0.0803)
(0.2993 0.0219 0.0803)
(0.3139 0.0219 0.0803)
(0.3285 0.0219 0.0803)
(0.3431 0.0219 0.0803)
(0.3577 0.0219 0.0803)
(0.3723 0.0219 0.0803)
(0.3869 0.0219 0.0803)
(0.4015 0.0219 0.0803)
(0.4161 0.0219 0.0803)
(0.4307 0.0219 0.0803)
(0.4453 0.0219 0.0803)
(0.4599 0.0219 0.0803)
(0.4745 0.0219 0.0803)
(0.4891 0.0219 0.0803)
(0.5037 0.0219 0.0803)
(0.5183 0.0219 0.0803)
(0.5329 0.0219 0.0803)
(0.5475 0.0219 0.0803)
(0.5621 0.0219 0.0803)
(0.5767 0.0219 0.0803)
(0.0073 0.0365 0.0803)
(0.0219 0.0365 0.0803)
(0.0365 0.0365 0.0803)
(0.0511 0.0365 0.0803)
(0.0657 0.0365 0.0803)
(0.0803 0.0365 0.0803)
(0.0949 0.0365 0.0803)
(0.1095 0.0365 0.0803)
(0.1241 0.0365 0.0803)
(0.1387 0.0365 0.0803)
(0.1533 0.0365 0.0803)
(0.1679 0.0365 0.0803)
(0.1825 0.0365 0.0803)
(0.1971 0.0365 0.0803)
(0.2117 0.0365 0.0803)
(0.2263 0.0365 0.0803)
(0.2409 0.0365 0.0803)
(0.2555 0.0365 0.0803)
(0.2701 0.0365 0.0803)
(0.2847 0.0365 0.0803)
(0.2993 0.0365 0.0803)
(0.3139 0.0365 0.0803)
(0.3285 0.0365 0.0803)
(0.3431 0.0365 0.0803)
(0.3577 0.0365 0.0803)
(0.3723 0.0365 0.0803)
(0.3869 0.0365 0.0803)
(0.4015 0.0365 0.0803)
(0.4161 0.0365 0.0803)
(0.4307 0.0365 0.0803)
(0.4453 0.0365 0.0803)
(0.4599 0.0365 0.0803)
(0.4745 0.0365 0.0803)
(0.4891 0.0365 0.0803)
(0.5037 0.0365 0.0803)
(0.5183 0.0365 0.0803)
(0.5329 0.0365 0.0803)
(0.5475 0.0365 0.0803)
(0.5621 0.0365 0.0803)
(0.5767 0.0365 0.0803)
(0.0073 0.0511 0.0803)
(0.0219 0.0511 0.0803)
(0.0365 0.0511 0.0803)
(0.0511 0.0511 0.0803)
(0.0657 0.0511 0.0803)
(0.0803 0.0511 0.0803)
(0.0949 0.0511 0.0803)
(0.1095 0.0511 0.0803)
(0.1241 0.0511 0.0803)
(0.1387 0.0511 0.0803)
(0.1533 0.0511 0.0803)
(0.1679 0.0511 0.0803)
(0.1825 0.0511 0.0803)
(0.1971 0.0511 0.0803)
(0.2117 0.0511 0.0803)
(0.2263 0.0511 0.0803)
(0.2409 0.0511 0.0803)
(0.2555 0.0511 0.0803)
(0.2701 0.0511 0.0803)
(0.2847 0.0511 0.0803)
(0.2993 0.0511 0.0803)
(0.3139 0.0511 0.0803)
(0.3285 0.0511 0.0803)
(0.3431 0.0511 0.0803)
(0.3577 0.0511 0.0803)
(0.3723 0.0511 0.0803)
(0.3869 0.0511 0.0803)
(0.4015 0.0511 0.0803)
(0.4161 0.0511 0.0803)
(0.4307 0.0511 0.0803)
(0.4453 0.0511 0.0803)
(0.4599 0.0511 0.0803)
(0.4745 0.0511 0.0803)
(0.4891 0.0511 0.0803)
(0.5037 0.0511 0.0803)
(0.5183 0.0511 0.0803)
(0.5329 0.0511 0.0803)
(0.5475 0.0511 0.0803)
(0.5621 0.0511 0.0803)
(0.5767 0.0511 0.0803)
(0.0073 0.0657 0.0803)
(0.0219 0.0657 0.0803)
(0.0365 0.0657 0.0803)
(0.0511 0.0657 0.0803)
(0.0657 0.0657 0.0803)
(0.0803 0.0657 0.0803)
(0.0949 0.0657 0.0803)
(0.1095 0.0657 0.0803)
(0.1241 0.0657 0.0803)
(0.1387 0.0657 0.0803)
(0.1533 0.0657 0.0803)
(0.1679 0.0657 0.0803)
(0.1825 0.0657 0.0803)
(0.1971 0.0657 0.0803)
(0.2117 0.0657 0.0803)
(0.2263 0.0657 0.0803)
(0.2409 0.0657 0.0803)
(0.2555 0.0657 0.0803)
(0.2701 0.0657 0.0803)
(0.2847 0.0657 0.0803)
(0.2993 0.0657 0.0803)
(0.3139 0.0657 0.0803)
(0.3285 0.0657 0.0803)
(0.3431 0.0657 0.0803)
(0.3577 0.0657 0.0803)
(0.3723 0.0657 0.0803)
(0.3869 0.0657 0.0803)
(0.4015 0.0657 0.0803)
(0.4161 0.0657 0.0803)
(0.4307 0.0657 0.0803)
(0.4453 0.0657 0.0803)
(0.4599 0.0657 0.0803)
(0.4745 0.0657 0.0803)
(0.4891 0.0657 0.0803)
(0.5037 0.0657 0.0803)
(0.5183 0.0657 0.0803)
(0.5329 0.0657 0.0803)
(0.5475 0.0657 0.0803)
(0.5621 0.0657 0.0803)
(0.5767 0.0657 0.0803)
(0.0073 0.0803 0.0803)
(0.0219 0.0803 0.0803)
(0.0365 0.0803 0.0803)
(0.0511 0.0803 0.0803)
(0.0657 0.0803 0.0803)
(0.0803 0.0803 0.0803)
(0.0949 0.0803 0.0803)
(0.1095 0.0803 0.0803)
(0.1241 0.0803 0.0803)
(0.1387 0.0803 0.0803)
(0.1533 0.0803 0.0803)
(0.1679 0.0803 0.0803)
(0.1825 0.0803 0.0803)
(0.1971 0.0803 0.0803)
(0.2117 0.0803 0.0803)
(0.2263 0.0803 0.0803)
(0.2409 0.0803 0.0803)
(0.2555 0.0803 0.0803)
(0.2701 0.0803 0.0803)
(0.2847 0.0803 0.0803)
(0.2993 0.0803 0.0803)
(0.3139 0.0803 0.0803)
(0.3285 0.0803 0.0803)
(0.3431 0.0803 0.0803)
(0.3577 0.0803 0.0803)
(0.3723 0.0803 0.0803)
(0.3869 0.0803 0.0803)
(0.4015 0.0803 0.0803)
(0.4161 0.0803 0.0803)
(0.4307 0.0803 0.0803)
(0.4453 0.0803 0.0803)
(0.4599 0.0803 0.0803)
(0.4745 0.0803 0.0803)
(0.4891 0.0803 0.0803)
(0.5037 0.0803 0.0803)
(0.5183 0.0803 0.0803)
(0.5329 0.0803 0.0803)
(0.5475 0.0803 0.0803)
(0.5621 0.0803 0.0803)
(0.5767 0.0803 0.0803)
(0.0073 0.0949 0.0803)
(0.0219 0.0949 0.0803)
(0.0365 0.0949 0.0803)
(0.0511 0.0949 0.0803)
(0.0657 0.0949 0.0803)
(0.0803 0.0949 0.0803)
(0.0949 0.0949 0.0803)
(0.1095 0.0949 0.0803)
(0.1241 0.0949 0.0803)
(0.1387 0.0949 0.0803)
(0.1533 0.0949 0.0803)
(0.1679 0.0949 0.0803)
(0.1825 0.0949 0.0803)
(0.1971 0.0949 0.0803)
(0.2117 0.0949 0.0803)
(0.2263 0.0949 0.0803)
(0.2409 0.0949 0.0803)
(0.2555 0.0949 0.0803)
(0.2701 0.0949 0.0803)
(0.2847 0.0949 0.0803)
(0.2993 0.0949 0.0803)
(0.3139 0.0949 0.0803)
(0.3285 0.0949 0.0803)
(0.3431 0.0949 0.0803)
(0.3577 0.0949 0.0803)
(0.3723 0.0949 0.0803)
(0.3869 0.0949 0.0803)
(0.4015 0.0949 0.0803)
(0.4161 0.0949 0.0803)
(0.4307 0.0949 0.0803)
(0.4453 0.0949 0.0803)
(0.4599 0.0949 0.0803)
(0.4745 0.0949 0.0803)
(0.4891 0.0949 0.0803)
(0.5037 0.0949 0.0803)
(0.5183 0.0949 0.0803)
(0.5329 0.0949 0.0803)
(0.5475 0.0949 0.0803)
(0.5621 0.0949 0.0803)
(0.5767 0.0949 0.0803)
(0.0073 0.1095 0.0803)
(0.0219 0.1095 0.0803)
(0.0365 0.1095 0.0803)
(0.0511 0.1095 0.0803)
(0.0657 0.1095 0.0803)
(0.0803 0.1095 0.0803)
(0.0949 0.1095 0.0803)
(0.1095 0.1095 0.0803)
(0.1241 0.1095 0.0803)
(0.1387 0.1095 0.0803)
(0.1533 0.1095 0.0803)
(0.1679 0.1095 0.0803)
(0.1825 0.1095 0.0803)
(0.1971 0.1095 0.0803)
(0.2117 0.1095 0.0803)
(0.2263 0.1095 0.0803)
(0.2409 0.1095 0.0803)
(0.2555 0.1095 0.0803)
(0.2701 0.1095 0.0803)
(0.2847 0.1095 0.0803)
(0.2993 0.1095 0.0803)
(0.3139 0.1095 0.0803)
(0.3285 0.1095 0.0803)
(0.3431 0.1095 0.0803)
(0.3577 0.1095 0.0803)
(0.3723 0.1095 0.0803)
(0.3869 0.1095 0.0803)
(0.4015 0.1095 0.0803)
(0.4161 0.1095 0.0803)
(0.4307 0.1095 0.0803)
(0.4453 0.1095 0.0803)
(0.4599 0.1095 0.0803)
(0.4745 0.1095 0.0803)
(0.4891 0.1095 0.0803)
(0.5037 0.1095 0.0803)
(0.5183 0.1095 0.0803)
(0.5329 0.1095 0.0803)
(0.5475 0.1095 0.0803)
(0.5621 0.1095 0.0803)
(0.5767 0.1095 0.0803)
(0.0073 0.1241 0.0803)
(0.0219 0.1241 0.0803)
(0.0365 0.1241 0.0803)
(0.0511 0.1241 0.0803)
(0.0657 0.1241 0.0803)
(0.0803 0.1241 0.0803)
(0.0949 0.1241 0.0803)
(0.1095 0.1241 0.0803)
(0.1241 0.1241 0.0803)
(0.1387 0.1241 0.0803)
(0.1533 0.1241 0.0803)
(0.1679 0.1241 0.0803)
(0.1825 0.1241 0.0803)
(0.1971 0.1241 0.0803)
(0.2117 0.1241 0.0803)
(0.2263 0.1241 0.0803)
(0.2409 0.1241 0.0803)
(0.2555 0.1241 0.0803)
(0.2701 0.1241 0.0803)
(0.2847 0.1241 0.0803)
(0.2993 0.1241 0.0803)
(0.3139 0.1241 0.0803)
(0.3285 0.1241 0.0803)
(0.3431 0.1241 0.0803)
(0.3577 0.1241 0.0803)
(0.3723 0.1241 0.0803)
(0.3869 0.1241 0.0803)
(0.4015 0.1241 0.0803)
(0.4161 0.1241 0.0803)
(0.4307 0.1241 0.0803)
(0.4453 0.1241 0.0803)
(0.4599 0.1241 0.0803)
(0.4745 0.1241 0.0803)
(0.4891 0.1241 0.0803)
(0.5037 0.1241 0.0803)
(0.5183 0.1241 0.0803)
(0.5329 0.1241 0.0803)
(0.5475 0.1241 0.0803)
(0.5621 0.1241 0.0803)
(0.5767 0.1241 0.0803)
(0.0073 0.1387 0.0803)
(0.0219 0.1387 0.0803)
(0.0365 0.1387 0.0803)
(0.0511 0.1387 0.0803)
(0.0657 0.1387 0.0803)
(0.0803 0.1387 0.0803)
(0.0949 0.1387 0.0803)
(0.1095 0.1387 0.0803)
(0.1241 0.1387 0.0803)
(0.1387 0.1387 0.0803)
(0.1533 0.1387 0.0803)
(0.1679 0.1387 0.0803)
(0.1825 0.1387 0.0803)
(0.1971 0.1387 0.0803)
(0.2117 0.1387 0.0803)
(0.2263 0.1387 0.0803)
(0.2409 0.1387 0.0803)
(0.2555 0.1387 0.0803)
(0.2701 0.1387 0.0803)
(0.2847 0.1387 0.0803)
(0.2993 0.1387 0.0803)
(0.3139 0.1387 0.0803)
(0.3285 0.1387 0.0803)
(0.3431 0.1387 0.0803)
(0.3577 0.1387 0.0803)
(0.3723 0.1387 0.0803)
(0.3869 0.1387 0.0803)
(0.4015 0.1387 0.0803)
(0.4161 0.1387 0.0803)
(0.4307 0.1387 0.0803)
(0.4453 0.1387 0.0803)
(0.4599 0.1387 0.0803)
(0.4745 0.1387 0.0803)
(0.4891 0.1387 0.0803)
(0.5037 0.1387 0.0803)
(0.5183 0.1387 0.0803)
(0.5329 0.1387 0.0803)
(0.5475 0.1387 0.0803)
(0.5621 0.1387 0.0803)
(0.5767 0.1387 0.0803)
(0.0073 0.1533 0.0803)
(0.0219 0.1533 0.0803)
(0.0365 0.1533 0.0803)
(0.0511 0.1533 0.0803)
(0.0657 0.1533 0.0803)
(0.0803 0.1533 0.0803)
(0.0949 0.1533 0.0803)
(0.1095 0.1533 0.0803)
(0.1241 0.1533 0.0803)
(0.1387 0.1533 0.0803)
(0.1533 0.1533 0.0803)
(0.1679 0.1533 0.0803)
(0.1825 0.1533 0.0803)
(0.1971 0.1533 0.0803)
(0.2117 0.1533 0.0803)
(0.2263 0.1533 0.0803)
(0.2409 0.1533 0.0803)
(0.2555 0.1533 0.0803)
(0.2701 0.1533 0.0803)
(0.2847 0.1533 0.0803)
(0.2993 0.1533 0.0803)
(0.3139 0.1533 0.0803)
(0.3285 0.1533 0.0803)
(0.3431 0.1533 0.0803)
(0.3577 0.1533 0.0803)
(0.3723 0.1533 0.0803)
(0.3869 0.1533 0.0803)
(0.4015 0.1533 0.0803)
(0.4161 0.1533 0.0803)
(0.4307 0.1533 0.0803)
(0.4453 0.1533 0.0803)
(0.4599 0.1533 0.0803)
(0.4745 0.1533 0.0803)
(0.4891 0.1533 0.0803)
(0.5037 0.1533 0.0803)
(0.5183 0.1533 0.0803)
(0.5329 0.1533 0.0803)
(0.5475 0.1533 0.0803)
(0.5621 0.1533 0.0803)
(0.5767 0.1533 0.0803)
(0.0073 0.1679 0.0803)
(0.0219 0.1679 0.0803)
(0.0365 0.1679 0.0803)
(0.0511 0.1679 0.0803)
(0.0657 0.1679 0.0803)
(0.0803 0.1679 0.0803)
(0.0949 0.1679 0.0803)
(0.1095 0.1679 0.0803)
(0.1241 0.1679 0.0803)
(0.1387 0.1679 0.0803)
(0.1533 0.1679 0.0803)
(0.1679 0.1679 0.0803)
(0.1825 0.1679 0.0803)
(0.1971 0.1679 0.0803)
(0.2117 0.1679 0.0803)
(0.2263 0.1679 0.0803)
(0.2409 0.1679 0.0803)
(0.2555 0.1679 0.0803)
(0.2701 0.1679 0.0803)
(0.2847 0.1679 0.0803)
(0.2993 0.1679 0.0803)
(0.3139 0.1679 0.0803)
(0.3285 0.1679 0.0803)
(0.3431 0.1679 0.0803)
(0.3577 0.1679 0.0803)
(0.3723 0.1679 0.0803)
(0.3869 0.1679 0.0803)
(0.4015 0.1679 0.0803)
(0.4161 0.1679 0.0803)
(0.4307 0.1679 0.0803)
(0.4453 0.1679 0.0803)
(0.4599 0.1679 0.0803)
(0.4745 0.1679 0.0803)
(0.4891 0.1679 0.0803)
(0.5037 0.1679 0.0803)
(0.5183 0.1679 0.0803)
(0.5329 0.1679 0.0803)
(0.5475 0.1679 0.0803)
(0.5621 0.1679 0.0803)
(0.5767 0.1679 0.0803)
(0.0073 0.1825 0.0803)
(0.0219 0.1825 0.0803)
(0.0365 0.1825 0.0803)
(0.0511 0.1825 0.0803)
(0.0657 0.1825 0.0803)
(0.0803 0.1825 0.0803)
(0.0949 0.1825 0.0803)
(0.1095 0.1825 0.0803)
(0.1241 0.1825 0.0803)
(0.1387 0.1825 0.0803)
(0.1533 0.1825 0.0803)
(0.1679 0.1825 0.0803)
(0.1825 0.1825 0.0803)
(0.1971 0.1825 0.0803)
(0.2117 0.1825 0.0803)
(0.2263 0.1825 0.0803)
(0.2409 0.1825 0.0803)
(0.2555 0.1825 0.0803)
(0.2701 0.1825 0.0803)
(0.2847 0.1825 0.0803)
(0.2993 0.1825 0.0803)
(0.3139 0.1825 0.0803)
(0.3285 0.1825 0.0803)
(0.3431 0.1825 0.0803)
(0.3577 0.1825 0.0803)
(0.3723 0.1825 0.0803)
(0.3869 0.1825 0.0803)
(0.4015 0.1825 0.0803)
(0.4161 0.1825 0.0803)
(0.4307 0.1825 0.0803)
(0.4453 0.1825 0.0803)
(0.4599 0.1825 0.0803)
(0.4745 0.1825 0.0803)
(0.4891 0.1825 0.0803)
(0.5037 0.1825 0.0803)
(0.5183 0.1825 0.0803)
(0.5329 0.1825 0.0803)
(0.5475 0.1825 0.0803)
(0.5621 0.1825 0.0803)
(0.5767 0.1825 0.0803)
(0.0073 0.1971 0.0803)
(0.0219 0.1971 0.0803)
(0.0365 0.1971 0.0803)
(0.0511 0.1971 0.0803)
(0.0657 0.1971 0.0803)
(0.0803 0.1971 0.0803)
(0.0949 0.1971 0.0803)
(0.1095 0.1971 0.0803)
(0.1241 0.1971 0.0803)
(0.1387 0.1971 0.0803)
(0.1533 0.1971 0.0803)
(0.1679 0.1971 0.0803)
(0.1825 0.1971 0.0803)
(0.1971 0.1971 0.0803)
(0.2117 0.1971 0.0803)
(0.2263 0.1971 0.0803)
(0.2409 0.1971 0.0803)
(0.2555 0.1971 0.0803)
(0.2701 0.1971 0.0803)
(0.2847 0.1971 0.0803)
(0.2993 0.1971 0.0803)
(0.3139 0.1971 0.0803)
(0.3285 0.1971 0.0803)
(0.3431 0.1971 0.0803)
(0.3577 0.1971 0.0803)
(0.3723 0.1971 0.0803)
(0.3869 0.1971 0.0803)
(0.4015 0.1971 0.0803)
(0.4161 0.1971 0.0803)
(0.4307 0.1971 0.0803)
(0.4453 0.1971 0.0803)
(0.4599 0.1971 0.0803)
(0.4745 0.1971 0.0803)
(0.4891 0.1971 0.0803)
(0.5037 0.1971 0.0803)
(0.5183 0.1971 0.0803)
(0.5329 0.1971 0.0803)
(0.5475 0.1971 0.0803)
(0.5621 0.1971 0.0803)
(0.5767 0.1971 0.0803)
(0.0073 0.2117 0.0803)
(0.0219 0.2117 0.0803)
(0.0365 0.2117 0.0803)
(0.0511 0.2117 0.0803)
(0.0657 0.2117 0.0803)
(0.0803 0.2117 0.0803)
(0.0949 0.2117 0.0803)
(0.1095 0.2117 0.0803)
(0.1241 0.2117 0.0803)
(0.1387 0.2117 0.0803)
(0.1533 0.2117 0.0803)
(0.1679 0.2117 0.0803)
(0.1825 0.2117 0.0803)
(0.1971 0.2117 0.0803)
(0.2117 0.2117 0.0803)
(0.2263 0.2117 0.0803)
(0.2409 0.2117 0.0803)
(0.2555 0.2117 0.0803)
(0.2701 0.2117 0.0803)
(0.2847 0.2117 0.0803)
(0.2993 0.2117 0.0803)
(0.3139 0.2117 0.0803)
(0.3285 0.2117 0.0803)
(0.3431 0.2117 0.0803)
(0.3577 0.2117 0.0803)
(0.3723 0.2117 0.0803)
(0.3869 0.2117 0.0803)
(0.4015 0.2117 0.0803)
(0.4161 0.2117 0.0803)
(0.4307 0.2117 0.0803)
(0.4453 0.2117 0.0803)
(0.4599 0.2117 0.0803)
(0.4745 0.2117 0.0803)
(0.4891 0.2117 0.0803)
(0.5037 0.2117 0.0803)
(0.5183 0.2117 0.0803)
(0.5329 0.2117 0.0803)
(0.5475 0.2117 0.0803)
(0.5621 0.2117 0.0803)
(0.5767 0.2117 0.0803)
(0.0073 0.2263 0.0803)
(0.0219 0.2263 0.0803)
(0.0365 0.2263 0.0803)
(0.0511 0.2263 0.0803)
(0.0657 0.2263 0.0803)
(0.0803 0.2263 0.0803)
(0.0949 0.2263 0.0803)
(0.1095 0.2263 0.0803)
(0.1241 0.2263 0.0803)
(0.1387 0.2263 0.0803)
(0.1533 0.2263 0.0803)
(0.1679 0.2263 0.0803)
(0.1825 0.2263 0.0803)
(0.1971 0.2263 0.0803)
(0.2117 0.2263 0.0803)
(0.2263 0.2263 0.0803)
(0.2409 0.2263 0.0803)
(0.2555 0.2263 0.0803)
(0.2701 0.2263 0.0803)
(0.2847 0.2263 0.0803)
(0.2993 0.2263 0.0803)
(0.3139 0.2263 0.0803)
(0.3285 0.2263 0.0803)
(0.3431 0.2263 0.0803)
(0.3577 0.2263 0.0803)
(0.3723 0.2263 0.0803)
(0.3869 0.2263 0.0803)
(0.4015 0.2263 0.0803)
(0.4161 0.2263 0.0803)
(0.4307 0.2263 0.0803)
(0.4453 0.2263 0.0803)
(0.4599 0.2263 0.0803)
(0.4745 0.2263 0.0803)
(0.4891 0.2263 0.0803)
(0.5037 0.2263 0.0803)
(0.5183 0.2263 0.0803)
(0.5329 0.2263 0.0803)
(0.5475 0.2263 0.0803)
(0.5621 0.2263 0.0803)
(0.5767 0.2263 0.0803)
(0.0073 0.2409 0.0803)
(0.0219 0.2409 0.0803)
(0.0365 0.2409 0.0803)
(0.0511 0.2409 0.0803)
(0.0657 0.2409 0.0803)
(0.0803 0.2409 0.0803)
(0.0949 0.2409 0.0803)
(0.1095 0.2409 0.0803)
(0.1241 0.2409 0.0803)
(0.1387 0.2409 0.0803)
(0.1533 0.2409 0.0803)
(0.1679 0.2409 0.0803)
(0.1825 0.2409 0.0803)
(0.1971 0.2409 0.0803)
(0.2117 0.2409 0.0803)
(0.2263 0.2409 0.0803)
(0.2409 0.2409 0.0803)
(0.2555 0.2409 0.0803)
(0.2701 0.2409 0.0803)
(0.2847 0.2409 0.0803)
(0.2993 0.2409 0.0803)
(0.3139 0.2409 0.0803)
(0.3285 0.2409 0.0803)
(0.3431 0.2409 0.0803)
(0.3577 0.2409 0.0803)
(0.3723 0.2409 0.0803)
(0.3869 0.2409 0.0803)
(0.4015 0.2409 0.0803)
(0.4161 0.2409 0.0803)
(0.4307 0.2409 0.0803)
(0.4453 0.2409 0.0803)
(0.4599 0.2409 0.0803)
(0.4745 0.2409 0.0803)
(0.4891 0.2409 0.0803)
(0.5037 0.2409 0.0803)
(0.5183 0.2409 0.0803)
(0.5329 0.2409 0.0803)
(0.5475 0.2409 0.0803)
(0.5621 0.2409 0.0803)
(0.5767 0.2409 0.0803)
(0.0073 0.2555 0.0803)
(0.0219 0.2555 0.0803)
(0.0365 0.2555 0.0803)
(0.0511 0.2555 0.0803)
(0.0657 0.2555 0.0803)
(0.0803 0.2555 0.0803)
(0.0949 0.2555 0.0803)
(0.1095 0.2555 0.0803)
(0.1241 0.2555 0.0803)
(0.1387 0.2555 0.0803)
(0.1533 0.2555 0.0803)
(0.1679 0.2555 0.0803)
(0.1825 0.2555 0.0803)
(0.1971 0.2555 0.0803)
(0.2117 0.2555 0.0803)
(0.2263 0.2555 0.0803)
(0.2409 0.2555 0.0803)
(0.2555 0.2555 0.0803)
(0.2701 0.2555 0.0803)
(0.2847 0.2555 0.0803)
(0.2993 0.2555 0.0803)
(0.3139 0.2555 0.0803)
(0.3285 0.2555 0.0803)
(0.3431 0.2555 0.0803)
(0.3577 0.2555 0.0803)
(0.3723 0.2555 0.0803)
(0.3869 0.2555 0.0803)
(0.4015 0.2555 0.0803)
(0.4161 0.2555 0.0803)
(0.4307 0.2555 0.0803)
(0.4453 0.2555 0.0803)
(0.4599 0.2555 0.0803)
(0.4745 0.2555 0.0803)
(0.4891 0.2555 0.0803)
(0.5037 0.2555 0.0803)
(0.5183 0.2555 0.0803)
(0.5329 0.2555 0.0803)
(0.5475 0.2555 0.0803)
(0.5621 0.2555 0.0803)
(0.5767 0.2555 0.0803)
(0.0073 0.2701 0.0803)
(0.0219 0.2701 0.0803)
(0.0365 0.2701 0.0803)
(0.0511 0.2701 0.0803)
(0.0657 0.2701 0.0803)
(0.0803 0.2701 0.0803)
(0.0949 0.2701 0.0803)
(0.1095 0.2701 0.0803)
(0.1241 0.2701 0.0803)
(0.1387 0.2701 0.0803)
(0.1533 0.2701 0.0803)
(0.1679 0.2701 0.0803)
(0.1825 0.2701 0.0803)
(0.1971 0.2701 0.0803)
(0.2117 0.2701 0.0803)
(0.2263 0.2701 0.0803)
(0.2409 0.2701 0.0803)
(0.2555 0.2701 0.0803)
(0.2701 0.2701 0.0803)
(0.2847 0.2701 0.0803)
(0.2993 0.2701 0.0803)
(0.3139 0.2701 0.0803)
(0.3285 0.2701 0.0803)
(0.3431 0.2701 0.0803)
(0.3577 0.2701 0.0803)
(0.3723 0.2701 0.0803)
(0.3869 0.2701 0.0803)
(0.4015 0.2701 0.0803)
(0.4161 0.2701 0.0803)
(0.4307 0.2701 0.0803)
(0.4453 0.2701 0.0803)
(0.4599 0.2701 0.0803)
(0.4745 0.2701 0.0803)
(0.4891 0.2701 0.0803)
(0.5037 0.2701 0.0803)
(0.5183 0.2701 0.0803)
(0.5329 0.2701 0.0803)
(0.5475 0.2701 0.0803)
(0.5621 0.2701 0.0803)
(0.5767 0.2701 0.0803)
(0.0073 0.2847 0.0803)
(0.0219 0.2847 0.0803)
(0.0365 0.2847 0.0803)
(0.0511 0.2847 0.0803)
(0.0657 0.2847 0.0803)
(0.0803 0.2847 0.0803)
(0.0949 0.2847 0.0803)
(0.1095 0.2847 0.0803)
(0.1241 0.2847 0.0803)
(0.1387 0.2847 0.0803)
(0.1533 0.2847 0.0803)
(0.1679 0.2847 0.0803)
(0.1825 0.2847 0.0803)
(0.1971 0.2847 0.0803)
(0.2117 0.2847 0.0803)
(0.2263 0.2847 0.0803)
(0.2409 0.2847 0.0803)
(0.2555 0.2847 0.0803)
(0.2701 0.2847 0.0803)
(0.2847 0.2847 0.0803)
(0.2993 0.2847 0.0803)
(0.3139 0.2847 0.0803)
(0.3285 0.2847 0.0803)
(0.3431 0.2847 0.0803)
(0.3577 0.2847 0.0803)
(0.3723 0.2847 0.0803)
(0.3869 0.2847 0.0803)
(0.4015 0.2847 0.0803)
(0.4161 0.2847 0.0803)
(0.4307 0.2847 0.0803)
(0.4453 0.2847 0.0803)
(0.4599 0.2847 0.0803)
(0.4745 0.2847 0.0803)
(0.4891 0.2847 0.0803)
(0.5037 0.2847 0.0803)
(0.5183 0.2847 0.0803)
(0.5329 0.2847 0.0803)
(0.5475 0.2847 0.0803)
(0.5621 0.2847 0.0803)
(0.5767 0.2847 0.0803)
(0.0073 0.2993 0.0803)
(0.0219 0.2993 0.0803)
(0.0365 0.2993 0.0803)
(0.0511 0.2993 0.0803)
(0.0657 0.2993 0.0803)
(0.0803 0.2993 0.0803)
(0.0949 0.2993 0.0803)
(0.1095 0.2993 0.0803)
(0.1241 0.2993 0.0803)
(0.1387 0.2993 0.0803)
(0.1533 0.2993 0.0803)
(0.1679 0.2993 0.0803)
(0.1825 0.2993 0.0803)
(0.1971 0.2993 0.0803)
(0.2117 0.2993 0.0803)
(0.2263 0.2993 0.0803)
(0.2409 0.2993 0.0803)
(0.2555 0.2993 0.0803)
(0.2701 0.2993 0.0803)
(0.2847 0.2993 0.0803)
(0.2993 0.2993 0.0803)
(0.3139 0.2993 0.0803)
(0.3285 0.2993 0.0803)
(0.3431 0.2993 0.0803)
(0.3577 0.2993 0.0803)
(0.3723 0.2993 0.0803)
(0.3869 0.2993 0.0803)
(0.4015 0.2993 0.0803)
(0.4161 0.2993 0.0803)
(0.4307 0.2993 0.0803)
(0.4453 0.2993 0.0803)
(0.4599 0.2993 0.0803)
(0.4745 0.2993 0.0803)
(0.4891 0.2993 0.0803)
(0.5037 0.2993 0.0803)
(0.5183 0.2993 0.0803)
(0.5329 0.2993 0.0803)
(0.5475 0.2993 0.0803)
(0.5621 0.2993 0.0803)
(0.5767 0.2993 0.0803)
(0.0073 0.3139 0.0803)
(0.0219 0.3139 0.0803)
(0.0365 0.3139 0.0803)
(0.0511 0.3139 0.0803)
(0.0657 0.3139 0.0803)
(0.0803 0.3139 0.0803)
(0.0949 0.3139 0.0803)
(0.1095 0.3139 0.0803)
(0.1241 0.3139 0.0803)
(0.1387 0.3139 0.0803)
(0.1533 0.3139 0.0803)
(0.1679 0.3139 0.0803)
(0.1825 0.3139 0.0803)
(0.1971 0.3139 0.0803)
(0.2117 0.3139 0.0803)
(0.2263 0.3139 0.0803)
(0.2409 0.3139 0.0803)
(0.2555 0.3139 0.0803)
(0.2701 0.3139 0.0803)
(0.2847 0.3139 0.0803)
(0.2993 0.3139 0.0803)
(0.3139 0.3139 0.0803)
(0.3285 0.3139 0.0803)
(0.3431 0.3139 0.0803)
(0.3577 0.3139 0.0803)
(0.3723 0.3139 0.0803)
(0.3869 0.3139 0.0803)
(0.4015 0.3139 0.0803)
(0.4161 0.3139 0.0803)
(0.4307 0.3139 0.0803)
(0.4453 0.3139 0.0803)
(0.4599 0.3139 0.0803)
(0.4745 0.3139 0.0803)
(0.4891 0.3139 0.0803)
(0.5037 0.3139 0.0803)
(0.5183 0.3139 0.0803)
(0.5329 0.3139 0.0803)
(0.5475 0.3139 0.0803)
(0.5621 0.3139 0.0803)
(0.5767 0.3139 0.0803)
(0.0073 0.3285 0.0803)
(0.0219 0.3285 0.0803)
(0.0365 0.3285 0.0803)
(0.0511 0.3285 0.0803)
(0.0657 0.3285 0.0803)
(0.0803 0.3285 0.0803)
(0.0949 0.3285 0.0803)
(0.1095 0.3285 0.0803)
(0.1241 0.3285 0.0803)
(0.1387 0.3285 0.0803)
(0.1533 0.3285 0.0803)
(0.1679 0.3285 0.0803)
(0.1825 0.3285 0.0803)
(0.1971 0.3285 0.0803)
(0.2117 0.3285 0.0803)
(0.2263 0.3285 0.0803)
(0.2409 0.3285 0.0803)
(0.2555 0.3285 0.0803)
(0.2701 0.3285 0.0803)
(0.2847 0.3285 0.0803)
(0.2993 0.3285 0.0803)
(0.3139 0.3285 0.0803)
(0.3285 0.3285 0.0803)
(0.3431 0.3285 0.0803)
(0.3577 0.3285 0.0803)
(0.3723 0.3285 0.0803)
(0.3869 0.3285 0.0803)
(0.4015 0.3285 0.0803)
(0.4161 0.3285 0.0803)
(0.4307 0.3285 0.0803)
(0.4453 0.3285 0.0803)
(0.4599 0.3285 0.0803)
(0.4745 0.3285 0.0803)
(0.4891 0.3285 0.0803)
(0.5037 0.3285 0.0803)
(0.5183 0.3285 0.0803)
(0.5329 0.3285 0.0803)
(0.5475 0.3285 0.0803)
(0.5621 0.3285 0.0803)
(0.5767 0.3285 0.0803)
(0.0073 0.3431 0.0803)
(0.0219 0.3431 0.0803)
(0.0365 0.3431 0.0803)
(0.0511 0.3431 0.0803)
(0.0657 0.3431 0.0803)
(0.0803 0.3431 0.0803)
(0.0949 0.3431 0.0803)
(0.1095 0.3431 0.0803)
(0.1241 0.3431 0.0803)
(0.1387 0.3431 0.0803)
(0.1533 0.3431 0.0803)
(0.1679 0.3431 0.0803)
(0.1825 0.3431 0.0803)
(0.1971 0.3431 0.0803)
(0.2117 0.3431 0.0803)
(0.2263 0.3431 0.0803)
(0.2409 0.3431 0.0803)
(0.2555 0.3431 0.0803)
(0.2701 0.3431 0.0803)
(0.2847 0.3431 0.0803)
(0.2993 0.3431 0.0803)
(0.3139 0.3431 0.0803)
(0.3285 0.3431 0.0803)
(0.3431 0.3431 0.0803)
(0.3577 0.3431 0.0803)
(0.3723 0.3431 0.0803)
(0.3869 0.3431 0.0803)
(0.4015 0.3431 0.0803)
(0.4161 0.3431 0.0803)
(0.4307 0.3431 0.0803)
(0.4453 0.3431 0.0803)
(0.4599 0.3431 0.0803)
(0.4745 0.3431 0.0803)
(0.4891 0.3431 0.0803)
(0.5037 0.3431 0.0803)
(0.5183 0.3431 0.0803)
(0.5329 0.3431 0.0803)
(0.5475 0.3431 0.0803)
(0.5621 0.3431 0.0803)
(0.5767 0.3431 0.0803)
(0.0073 0.3577 0.0803)
(0.0219 0.3577 0.0803)
(0.0365 0.3577 0.0803)
(0.0511 0.3577 0.0803)
(0.0657 0.3577 0.0803)
(0.0803 0.3577 0.0803)
(0.0949 0.3577 0.0803)
(0.1095 0.3577 0.0803)
(0.1241 0.3577 0.0803)
(0.1387 0.3577 0.0803)
(0.1533 0.3577 0.0803)
(0.1679 0.3577 0.0803)
(0.1825 0.3577 0.0803)
(0.1971 0.3577 0.0803)
(0.2117 0.3577 0.0803)
(0.2263 0.3577 0.0803)
(0.2409 0.3577 0.0803)
(0.2555 0.3577 0.0803)
(0.2701 0.3577 0.0803)
(0.2847 0.3577 0.0803)
(0.2993 0.3577 0.0803)
(0.3139 0.3577 0.0803)
(0.3285 0.3577 0.0803)
(0.3431 0.3577 0.0803)
(0.3577 0.3577 0.0803)
(0.3723 0.3577 0.0803)
(0.3869 0.3577 0.0803)
(0.4015 0.3577 0.0803)
(0.4161 0.3577 0.0803)
(0.4307 0.3577 0.0803)
(0.4453 0.3577 0.0803)
(0.4599 0.3577 0.0803)
(0.4745 0.3577 0.0803)
(0.4891 0.3577 0.0803)
(0.5037 0.3577 0.0803)
(0.5183 0.3577 0.0803)
(0.5329 0.3577 0.0803)
(0.5475 0.3577 0.0803)
(0.5621 0.3577 0.0803)
(0.5767 0.3577 0.0803)
(0.0073 0.3723 0.0803)
(0.0219 0.3723 0.0803)
(0.0365 0.3723 0.0803)
(0.0511 0.3723 0.0803)
(0.0657 0.3723 0.0803)
(0.0803 0.3723 0.0803)
(0.0949 0.3723 0.0803)
(0.1095 0.3723 0.0803)
(0.1241 0.3723 0.0803)
(0.1387 0.3723 0.0803)
(0.1533 0.3723 0.0803)
(0.1679 0.3723 0.0803)
(0.1825 0.3723 0.0803)
(0.1971 0.3723 0.0803)
(0.2117 0.3723 0.0803)
(0.2263 0.3723 0.0803)
(0.2409 0.3723 0.0803)
(0.2555 0.3723 0.0803)
(0.2701 0.3723 0.0803)
(0.2847 0.3723 0.0803)
(0.2993 0.3723 0.0803)
(0.3139 0.3723 0.0803)
(0.3285 0.3723 0.0803)
(0.3431 0.3723 0.0803)
(0.3577 0.3723 0.0803)
(0.3723 0.3723 0.0803)
(0.3869 0.3723 0.0803)
(0.4015 0.3723 0.0803)
(0.4161 0.3723 0.0803)
(0.4307 0.3723 0.0803)
(0.4453 0.3723 0.0803)
(0.4599 0.3723 0.0803)
(0.4745 0.3723 0.0803)
(0.4891 0.3723 0.0803)
(0.5037 0.3723 0.0803)
(0.5183 0.3723 0.0803)
(0.5329 0.3723 0.0803)
(0.5475 0.3723 0.0803)
(0.5621 0.3723 0.0803)
(0.5767 0.3723 0.0803)
(0.0073 0.3869 0.0803)
(0.0219 0.3869 0.0803)
(0.0365 0.3869 0.0803)
(0.0511 0.3869 0.0803)
(0.0657 0.3869 0.0803)
(0.0803 0.3869 0.0803)
(0.0949 0.3869 0.0803)
(0.1095 0.3869 0.0803)
(0.1241 0.3869 0.0803)
(0.1387 0.3869 0.0803)
(0.1533 0.3869 0.0803)
(0.1679 0.3869 0.0803)
(0.1825 0.3869 0.0803)
(0.1971 0.3869 0.0803)
(0.2117 0.3869 0.0803)
(0.2263 0.3869 0.0803)
(0.2409 0.3869 0.0803)
(0.2555 0.3869 0.0803)
(0.2701 0.3869 0.0803)
(0.2847 0.3869 0.0803)
(0.2993 0.3869 0.0803)
(0.3139 0.3869 0.0803)
(0.3285 0.3869 0.0803)
(0.3431 0.3869 0.0803)
(0.3577 0.3869 0.0803)
(0.3723 0.3869 0.0803)
(0.3869 0.3869 0.0803)
(0.4015 0.3869 0.0803)
(0.4161 0.3869 0.0803)
(0.4307 0.3869 0.0803)
(0.4453 0.3869 0.0803)
(0.4599 0.3869 0.0803)
(0.4745 0.3869 0.0803)
(0.4891 0.3869 0.0803)
(0.5037 0.3869 0.0803)
(0.5183 0.3869 0.0803)
(0.5329 0.3869 0.0803)
(0.5475 0.3869 0.0803)
(0.5621 0.3869 0.0803)
(0.5767 0.3869 0.0803)
(0.0073 0.4015 0.0803)
(0.0219 0.4015 0.0803)
(0.0365 0.4015 0.0803)
(0.0511 0.4015 0.0803)
(0.0657 0.4015 0.0803)
(0.0803 0.4015 0.0803)
(0.0949 0.4015 0.0803)
(0.1095 0.4015 0.0803)
(0.1241 0.4015 0.0803)
(0.1387 0.4015 0.0803)
(0.1533 0.4015 0.0803)
(0.1679 0.4015 0.0803)
(0.1825 0.4015 0.0803)
(0.1971 0.4015 0.0803)
(0.2117 0.4015 0.0803)
(0.2263 0.4015 0.0803)
(0.2409 0.4015 0.0803)
(0.2555 0.4015 0.0803)
(0.2701 0.4015 0.0803)
(0.2847 0.4015 0.0803)
(0.2993 0.4015 0.0803)
(0.3139 0.4015 0.0803)
(0.3285 0.4015 0.0803)
(0.3431 0.4015 0.0803)
(0.3577 0.4015 0.0803)
(0.3723 0.4015 0.0803)
(0.3869 0.4015 0.0803)
(0.4015 0.4015 0.0803)
(0.4161 0.4015 0.0803)
(0.4307 0.4015 0.0803)
(0.4453 0.4015 0.0803)
(0.4599 0.4015 0.0803)
(0.4745 0.4015 0.0803)
(0.4891 0.4015 0.0803)
(0.5037 0.4015 0.0803)
(0.5183 0.4015 0.0803)
(0.5329 0.4015 0.0803)
(0.5475 0.4015 0.0803)
(0.5621 0.4015 0.0803)
(0.5767 0.4015 0.0803)
(0.0073 0.4161 0.0803)
(0.0219 0.4161 0.0803)
(0.0365 0.4161 0.0803)
(0.0511 0.4161 0.0803)
(0.0657 0.4161 0.0803)
(0.0803 0.4161 0.0803)
(0.0949 0.4161 0.0803)
(0.1095 0.4161 0.0803)
(0.1241 0.4161 0.0803)
(0.1387 0.4161 0.0803)
(0.1533 0.4161 0.0803)
(0.1679 0.4161 0.0803)
(0.1825 0.4161 0.0803)
(0.1971 0.4161 0.0803)
(0.2117 0.4161 0.0803)
(0.2263 0.4161 0.0803)
(0.2409 0.4161 0.0803)
(0.2555 0.4161 0.0803)
(0.2701 0.4161 0.0803)
(0.2847 0.4161 0.0803)
(0.2993 0.4161 0.0803)
(0.3139 0.4161 0.0803)
(0.3285 0.4161 0.0803)
(0.3431 0.4161 0.0803)
(0.3577 0.4161 0.0803)
(0.3723 0.4161 0.0803)
(0.3869 0.4161 0.0803)
(0.4015 0.4161 0.0803)
(0.4161 0.4161 0.0803)
(0.4307 0.4161 0.0803)
(0.4453 0.4161 0.0803)
(0.4599 0.4161 0.0803)
(0.4745 0.4161 0.0803)
(0.4891 0.4161 0.0803)
(0.5037 0.4161 0.0803)
(0.5183 0.4161 0.0803)
(0.5329 0.4161 0.0803)
(0.5475 0.4161 0.0803)
(0.5621 0.4161 0.0803)
(0.5767 0.4161 0.0803)
(0.0073 0.4307 0.0803)
(0.0219 0.4307 0.0803)
(0.0365 0.4307 0.0803)
(0.0511 0.4307 0.0803)
(0.0657 0.4307 0.0803)
(0.0803 0.4307 0.0803)
(0.0949 0.4307 0.0803)
(0.1095 0.4307 0.0803)
(0.1241 0.4307 0.0803)
(0.1387 0.4307 0.0803)
(0.1533 0.4307 0.0803)
(0.1679 0.4307 0.0803)
(0.1825 0.4307 0.0803)
(0.1971 0.4307 0.0803)
(0.2117 0.4307 0.0803)
(0.2263 0.4307 0.0803)
(0.2409 0.4307 0.0803)
(0.2555 0.4307 0.0803)
(0.2701 0.4307 0.0803)
(0.2847 0.4307 0.0803)
(0.2993 0.4307 0.0803)
(0.3139 0.4307 0.0803)
(0.3285 0.4307 0.0803)
(0.3431 0.4307 0.0803)
(0.3577 0.4307 0.0803)
(0.3723 0.4307 0.0803)
(0.3869 0.4307 0.0803)
(0.4015 0.4307 0.0803)
(0.4161 0.4307 0.0803)
(0.4307 0.4307 0.0803)
(0.4453 0.4307 0.0803)
(0.4599 0.4307 0.0803)
(0.4745 0.4307 0.0803)
(0.4891 0.4307 0.0803)
(0.5037 0.4307 0.0803)
(0.5183 0.4307 0.0803)
(0.5329 0.4307 0.0803)
(0.5475 0.4307 0.0803)
(0.5621 0.4307 0.0803)
(0.5767 0.4307 0.0803)
(0.0073 0.4453 0.0803)
(0.0219 0.4453 0.0803)
(0.0365 0.4453 0.0803)
(0.0511 0.4453 0.0803)
(0.0657 0.4453 0.0803)
(0.0803 0.4453 0.0803)
(0.0949 0.4453 0.0803)
(0.1095 0.4453 0.0803)
(0.1241 0.4453 0.0803)
(0.1387 0.4453 0.0803)
(0.1533 0.4453 0.0803)
(0.1679 0.4453 0.0803)
(0.1825 0.4453 0.0803)
(0.1971 0.4453 0.0803)
(0.2117 0.4453 0.0803)
(0.2263 0.4453 0.0803)
(0.2409 0.4453 0.0803)
(0.2555 0.4453 0.0803)
(0.2701 0.4453 0.0803)
(0.2847 0.4453 0.0803)
(0.2993 0.4453 0.0803)
(0.3139 0.4453 0.0803)
(0.3285 0.4453 0.0803)
(0.3431 0.4453 0.0803)
(0.3577 0.4453 0.0803)
(0.3723 0.4453 0.0803)
(0.3869 0.4453 0.0803)
(0.4015 0.4453 0.0803)
(0.4161 0.4453 0.0803)
(0.4307 0.4453 0.0803)
(0.4453 0.4453 0.0803)
(0.4599 0.4453 0.0803)
(0.4745 0.4453 0.0803)
(0.4891 0.4453 0.0803)
(0.5037 0.4453 0.0803)
(0.5183 0.4453 0.0803)
(0.5329 0.4453 0.0803)
(0.5475 0.4453 0.0803)
(0.5621 0.4453 0.0803)
(0.5767 0.4453 0.0803)
(0.0073 0.4599 0.0803)
(0.0219 0.4599 0.0803)
(0.0365 0.4599 0.0803)
(0.0511 0.4599 0.0803)
(0.0657 0.4599 0.0803)
(0.0803 0.4599 0.0803)
(0.0949 0.4599 0.0803)
(0.1095 0.4599 0.0803)
(0.1241 0.4599 0.0803)
(0.1387 0.4599 0.0803)
(0.1533 0.4599 0.0803)
(0.1679 0.4599 0.0803)
(0.1825 0.4599 0.0803)
(0.1971 0.4599 0.0803)
(0.2117 0.4599 0.0803)
(0.2263 0.4599 0.0803)
(0.2409 0.4599 0.0803)
(0.2555 0.4599 0.0803)
(0.2701 0.4599 0.0803)
(0.2847 0.4599 0.0803)
(0.2993 0.4599 0.0803)
(0.3139 0.4599 0.0803)
(0.3285 0.4599 0.0803)
(0.3431 0.4599 0.0803)
(0.3577 0.4599 0.0803)
(0.3723 0.4599 0.0803)
(0.3869 0.4599 0.0803)
(0.4015 0.4599 0.0803)
(0.4161 0.4599 0.0803)
(0.4307 0.4599 0.0803)
(0.4453 0.4599 0.0803)
(0.4599 0.4599 0.0803)
(0.4745 0.4599 0.0803)
(0.4891 0.4599 0.0803)
(0.5037 0.4599 0.0803)
(0.5183 0.4599 0.0803)
(0.5329 0.4599 0.0803)
(0.5475 0.4599 0.0803)
(0.5621 0.4599 0.0803)
(0.5767 0.4599 0.0803)
(0.0073 0.4745 0.0803)
(0.0219 0.4745 0.0803)
(0.0365 0.4745 0.0803)
(0.0511 0.4745 0.0803)
(0.0657 0.4745 0.0803)
(0.0803 0.4745 0.0803)
(0.0949 0.4745 0.0803)
(0.1095 0.4745 0.0803)
(0.1241 0.4745 0.0803)
(0.1387 0.4745 0.0803)
(0.1533 0.4745 0.0803)
(0.1679 0.4745 0.0803)
(0.1825 0.4745 0.0803)
(0.1971 0.4745 0.0803)
(0.2117 0.4745 0.0803)
(0.2263 0.4745 0.0803)
(0.2409 0.4745 0.0803)
(0.2555 0.4745 0.0803)
(0.2701 0.4745 0.0803)
(0.2847 0.4745 0.0803)
(0.2993 0.4745 0.0803)
(0.3139 0.4745 0.0803)
(0.3285 0.4745 0.0803)
(0.3431 0.4745 0.0803)
(0.3577 0.4745 0.0803)
(0.3723 0.4745 0.0803)
(0.3869 0.4745 0.0803)
(0.4015 0.4745 0.0803)
(0.4161 0.4745 0.0803)
(0.4307 0.4745 0.0803)
(0.4453 0.4745 0.0803)
(0.4599 0.4745 0.0803)
(0.4745 0.4745 0.0803)
(0.4891 0.4745 0.0803)
(0.5037 0.4745 0.0803)
(0.5183 0.4745 0.0803)
(0.5329 0.4745 0.0803)
(0.5475 0.4745 0.0803)
(0.5621 0.4745 0.0803)
(0.5767 0.4745 0.0803)
(0.0073 0.4891 0.0803)
(0.0219 0.4891 0.0803)
(0.0365 0.4891 0.0803)
(0.0511 0.4891 0.0803)
(0.0657 0.4891 0.0803)
(0.0803 0.4891 0.0803)
(0.0949 0.4891 0.0803)
(0.1095 0.4891 0.0803)
(0.1241 0.4891 0.0803)
(0.1387 0.4891 0.0803)
(0.1533 0.4891 0.0803)
(0.1679 0.4891 0.0803)
(0.1825 0.4891 0.0803)
(0.1971 0.4891 0.0803)
(0.2117 0.4891 0.0803)
(0.2263 0.4891 0.0803)
(0.2409 0.4891 0.0803)
(0.2555 0.4891 0.0803)
(0.2701 0.4891 0.0803)
(0.2847 0.4891 0.0803)
(0.2993 0.4891 0.0803)
(0.3139 0.4891 0.0803)
(0.3285 0.4891 0.0803)
(0.3431 0.4891 0.0803)
(0.3577 0.4891 0.0803)
(0.3723 0.4891 0.0803)
(0.3869 0.4891 0.0803)
(0.4015 0.4891 0.0803)
(0.4161 0.4891 0.0803)
(0.4307 0.4891 0.0803)
(0.4453 0.4891 0.0803)
(0.4599 0.4891 0.0803)
(0.4745 0.4891 0.0803)
(0.4891 0.4891 0.0803)
(0.5037 0.4891 0.0803)
(0.5183 0.4891 0.0803)
(0.5329 0.4891 0.0803)
(0.5475 0.4891 0.0803)
(0.5621 0.4891 0.0803)
(0.5767 0.4891 0.0803)
(0.0073 0.5037 0.0803)
(0.0219 0.5037 0.0803)
(0.0365 0.5037 0.0803)
(0.0511 0.5037 0.0803)
(0.0657 0.5037 0.0803)
(0.0803 0.5037 0.0803)
(0.0949 0.5037 0.0803)
(0.1095 0.5037 0.0803)
(0.1241 0.5037 0.0803)
(0.1387 0.5037 0.0803)
(0.1533 0.5037 0.0803)
(0.1679 0.5037 0.0803)
(0.1825 0.5037 0.0803)
(0.1971 0.5037 0.0803)
(0.2117 0.5037 0.0803)
(0.2263 0.5037 0.0803)
(0.2409 0.5037 0.0803)
(0.2555 0.5037 0.0803)
(0.2701 0.5037 0.0803)
(0.2847 0.5037 0.0803)
(0.2993 0.5037 0.0803)
(0.3139 0.5037 0.0803)
(0.3285 0.5037 0.0803)
(0.3431 0.5037 0.0803)
(0.3577 0.5037 0.0803)
(0.3723 0.5037 0.0803)
(0.3869 0.5037 0.0803)
(0.4015 0.5037 0.0803)
(0.4161 0.5037 0.0803)
(0.4307 0.5037 0.0803)
(0.4453 0.5037 0.0803)
(0.4599 0.5037 0.0803)
(0.4745 0.5037 0.0803)
(0.4891 0.5037 0.0803)
(0.5037 0.5037 0.0803)
(0.5183 0.5037 0.0803)
(0.5329 0.5037 0.0803)
(0.5475 0.5037 0.0803)
(0.5621 0.5037 0.0803)
(0.5767 0.5037 0.0803)
(0.0073 0.5183 0.0803)
(0.0219 0.5183 0.0803)
(0.0365 0.5183 0.0803)
(0.0511 0.5183 0.0803)
(0.0657 0.5183 0.0803)
(0.0803 0.5183 0.0803)
(0.0949 0.5183 0.0803)
(0.1095 0.5183 0.0803)
(0.1241 0.5183 0.0803)
(0.1387 0.5183 0.0803)
(0.1533 0.5183 0.0803)
(0.1679 0.5183 0.0803)
(0.1825 0.5183 0.0803)
(0.1971 0.5183 0.0803)
(0.2117 0.5183 0.0803)
(0.2263 0.5183 0.0803)
(0.2409 0.5183 0.0803)
(0.2555 0.5183 0.0803)
(0.2701 0.5183 0.0803)
(0.2847 0.5183 0.0803)
(0.2993 0.5183 0.0803)
(0.3139 0.5183 0.0803)
(0.3285 0.5183 0.0803)
(0.3431 0.5183 0.0803)
(0.3577 0.5183 0.0803)
(0.3723 0.5183 0.0803)
(0.3869 0.5183 0.0803)
(0.4015 0.5183 0.0803)
(0.4161 0.5183 0.0803)
(0.4307 0.5183 0.0803)
(0.4453 0.5183 0.0803)
(0.4599 0.5183 0.0803)
(0.4745 0.5183 0.0803)
(0.4891 0.5183 0.0803)
(0.5037 0.5183 0.0803)
(0.5183 0.5183 0.0803)
(0.5329 0.5183 0.0803)
(0.5475 0.5183 0.0803)
(0.5621 0.5183 0.0803)
(0.5767 0.5183 0.0803)
(0.0073 0.5329 0.0803)
(0.0219 0.5329 0.0803)
(0.0365 0.5329 0.0803)
(0.0511 0.5329 0.0803)
(0.0657 0.5329 0.0803)
(0.0803 0.5329 0.0803)
(0.0949 0.5329 0.0803)
(0.1095 0.5329 0.0803)
(0.1241 0.5329 0.0803)
(0.1387 0.5329 0.0803)
(0.1533 0.5329 0.0803)
(0.1679 0.5329 0.0803)
(0.1825 0.5329 0.0803)
(0.1971 0.5329 0.0803)
(0.2117 0.5329 0.0803)
(0.2263 0.5329 0.0803)
(0.2409 0.5329 0.0803)
(0.2555 0.5329 0.0803)
(0.2701 0.5329 0.0803)
(0.2847 0.5329 0.0803)
(0.2993 0.5329 0.0803)
(0.3139 0.5329 0.0803)
(0.3285 0.5329 0.0803)
(0.3431 0.5329 0.0803)
(0.3577 0.5329 0.0803)
(0.3723 0.5329 0.0803)
(0.3869 0.5329 0.0803)
(0.4015 0.5329 0.0803)
(0.4161 0.5329 0.0803)
(0.4307 0.5329 0.0803)
(0.4453 0.5329 0.0803)
(0.4599 0.5329 0.0803)
(0.4745 0.5329 0.0803)
(0.4891 0.5329 0.0803)
(0.5037 0.5329 0.0803)
(0.5183 0.5329 0.0803)
(0.5329 0.5329 0.0803)
(0.5475 0.5329 0.0803)
(0.5621 0.5329 0.0803)
(0.5767 0.5329 0.0803)
(0.0073 0.5475 0.0803)
(0.0219 0.5475 0.0803)
(0.0365 0.5475 0.0803)
(0.0511 0.5475 0.0803)
(0.0657 0.5475 0.0803)
(0.0803 0.5475 0.0803)
(0.0949 0.5475 0.0803)
(0.1095 0.5475 0.0803)
(0.1241 0.5475 0.0803)
(0.1387 0.5475 0.0803)
(0.1533 0.5475 0.0803)
(0.1679 0.5475 0.0803)
(0.1825 0.5475 0.0803)
(0.1971 0.5475 0.0803)
(0.2117 0.5475 0.0803)
(0.2263 0.5475 0.0803)
(0.2409 0.5475 0.0803)
(0.2555 0.5475 0.0803)
(0.2701 0.5475 0.0803)
(0.2847 0.5475 0.0803)
(0.2993 0.5475 0.0803)
(0.3139 0.5475 0.0803)
(0.3285 0.5475 0.0803)
(0.3431 0.5475 0.0803)
(0.3577 0.5475 0.0803)
(0.3723 0.5475 0.0803)
(0.3869 0.5475 0.0803)
(0.4015 0.5475 0.0803)
(0.4161 0.5475 0.0803)
(0.4307 0.5475 0.0803)
(0.4453 0.5475 0.0803)
(0.4599 0.5475 0.0803)
(0.4745 0.5475 0.0803)
(0.4891 0.5475 0.0803)
(0.5037 0.5475 0.0803)
(0.5183 0.5475 0.0803)
(0.5329 0.5475 0.0803)
(0.5475 0.5475 0.0803)
(0.5621 0.5475 0.0803)
(0.5767 0.5475 0.0803)
(0.0073 0.5621 0.0803)
(0.0219 0.5621 0.0803)
(0.0365 0.5621 0.0803)
(0.0511 0.5621 0.0803)
(0.0657 0.5621 0.0803)
(0.0803 0.5621 0.0803)
(0.0949 0.5621 0.0803)
(0.1095 0.5621 0.0803)
(0.1241 0.5621 0.0803)
(0.1387 0.5621 0.0803)
(0.1533 0.5621 0.0803)
(0.1679 0.5621 0.0803)
(0.1825 0.5621 0.0803)
(0.1971 0.5621 0.0803)
(0.2117 0.5621 0.0803)
(0.2263 0.5621 0.0803)
(0.2409 0.5621 0.0803)
(0.2555 0.5621 0.0803)
(0.2701 0.5621 0.0803)
(0.2847 0.5621 0.0803)
(0.2993 0.5621 0.0803)
(0.3139 0.5621 0.0803)
(0.3285 0.5621 0.0803)
(0.3431 0.5621 0.0803)
(0.3577 0.5621 0.0803)
(0.3723 0.5621 0.0803)
(0.3869 0.5621 0.0803)
(0.4015 0.5621 0.0803)
(0.4161 0.5621 0.0803)
(0.4307 0.5621 0.0803)
(0.4453 0.5621 0.0803)
(0.4599 0.5621 0.0803)
(0.4745 0.5621 0.0803)
(0.4891 0.5621 0.0803)
(0.5037 0.5621 0.0803)
(0.5183 0.5621 0.0803)
(0.5329 0.5621 0.0803)
(0.5475 0.5621 0.0803)
(0.5621 0.5621 0.0803)
(0.5767 0.5621 0.0803)
(0.0073 0.5767 0.0803)
(0.0219 0.5767 0.0803)
(0.0365 0.5767 0.0803)
(0.0511 0.5767 0.0803)
(0.0657 0.5767 0.0803)
(0.0803 0.5767 0.0803)
(0.0949 0.5767 0.0803)
(0.1095 0.5767 0.0803)
(0.1241 0.5767 0.0803)
(0.1387 0.5767 0.0803)
(0.1533 0.5767 0.0803)
(0.1679 0.5767 0.0803)
(0.1825 0.5767 0.0803)
(0.1971 0.5767 0.0803)
(0.2117 0.5767 0.0803)
(0.2263 0.5767 0.0803)
(0.2409 0.5767 0.0803)
(0.2555 0.5767 0.0803)
(0.2701 0.5767 0.0803)
(0.2847 0.5767 0.0803)
(0.2993 0.5767 0.0803)
(0.3139 0.5767 0.0803)
(0.3285 0.5767 0.0803)
(0.3431 0.5767 0.0803)
(0.3577 0.5767 0.0803)
(0.3723 0.5767 0.0803)
(0.3869 0.5767 0.0803)
(0.4015 0.5767 0.0803)
(0.4161 0.5767 0.0803)
(0.4307 0.5767 0.0803)
(0.4453 0.5767 0.0803)
(0.4599 0.5767 0.0803)
(0.4745 0.5767 0.0803)
(0.4891 0.5767 0.0803)
(0.5037 0.5767 0.0803)
(0.5183 0.5767 0.0803)
(0.5329 0.5767 0.0803)
(0.5475 0.5767 0.0803)
(0.5621 0.5767 0.0803)
(0.5767 0.5767 0.0803)
(0.0073 0.0073 0.0949)
(0.0219 0.0073 0.0949)
(0.0365 0.0073 0.0949)
(0.0511 0.0073 0.0949)
(0.0657 0.0073 0.0949)
(0.0803 0.0073 0.0949)
(0.0949 0.0073 0.0949)
(0.1095 0.0073 0.0949)
(0.1241 0.0073 0.0949)
(0.1387 0.0073 0.0949)
(0.1533 0.0073 0.0949)
(0.1679 0.0073 0.0949)
(0.1825 0.0073 0.0949)
(0.1971 0.0073 0.0949)
(0.2117 0.0073 0.0949)
(0.2263 0.0073 0.0949)
(0.2409 0.0073 0.0949)
(0.2555 0.0073 0.0949)
(0.2701 0.0073 0.0949)
(0.2847 0.0073 0.0949)
(0.2993 0.0073 0.0949)
(0.3139 0.0073 0.0949)
(0.3285 0.0073 0.0949)
(0.3431 0.0073 0.0949)
(0.3577 0.0073 0.0949)
(0.3723 0.0073 0.0949)
(0.3869 0.0073 0.0949)
(0.4015 0.0073 0.0949)
(0.4161 0.0073 0.0949)
(0.4307 0.0073 0.0949)
(0.4453 0.0073 0.0949)
(0.4599 0.0073 0.0949)
(0.4745 0.0073 0.0949)
(0.4891 0.0073 0.0949)
(0.5037 0.0073 0.0949)
(0.5183 0.0073 0.0949)
(0.5329 0.0073 0.0949)
(0.5475 0.0073 0.0949)
(0.5621 0.0073 0.0949)
(0.5767 0.0073 0.0949)
(0.0073 0.0219 0.0949)
(0.0219 0.0219 0.0949)
(0.0365 0.0219 0.0949)
(0.0511 0.0219 0.0949)
(0.0657 0.0219 0.0949)
(0.0803 0.0219 0.0949)
(0.0949 0.0219 0.0949)
(0.1095 0.0219 0.0949)
(0.1241 0.0219 0.0949)
(0.1387 0.0219 0.0949)
(0.1533 0.0219 0.0949)
(0.1679 0.0219 0.0949)
(0.1825 0.0219 0.0949)
(0.1971 0.0219 0.0949)
(0.2117 0.0219 0.0949)
(0.2263 0.0219 0.0949)
(0.2409 0.0219 0.0949)
(0.2555 0.0219 0.0949)
(0.2701 0.0219 0.0949)
(0.2847 0.0219 0.0949)
(0.2993 0.0219 0.0949)
(0.3139 0.0219 0.0949)
(0.3285 0.0219 0.0949)
(0.3431 0.0219 0.0949)
(0.3577 0.0219 0.0949)
(0.3723 0.0219 0.0949)
(0.3869 0.0219 0.0949)
(0.4015 0.0219 0.0949)
(0.4161 0.0219 0.0949)
(0.4307 0.0219 0.0949)
(0.4453 0.0219 0.0949)
(0.4599 0.0219 0.0949)
(0.4745 0.0219 0.0949)
(0.4891 0.0219 0.0949)
(0.5037 0.0219 0.0949)
(0.5183 0.0219 0.0949)
(0.5329 0.0219 0.0949)
(0.5475 0.0219 0.0949)
(0.5621 0.0219 0.0949)
(0.5767 0.0219 0.0949)
(0.0073 0.0365 0.0949)
(0.0219 0.0365 0.0949)
(0.0365 0.0365 0.0949)
(0.0511 0.0365 0.0949)
(0.0657 0.0365 0.0949)
(0.0803 0.0365 0.0949)
(0.0949 0.0365 0.0949)
(0.1095 0.0365 0.0949)
(0.1241 0.0365 0.0949)
(0.1387 0.0365 0.0949)
(0.1533 0.0365 0.0949)
(0.1679 0.0365 0.0949)
(0.1825 0.0365 0.0949)
(0.1971 0.0365 0.0949)
(0.2117 0.0365 0.0949)
(0.2263 0.0365 0.0949)
(0.2409 0.0365 0.0949)
(0.2555 0.0365 0.0949)
(0.2701 0.0365 0.0949)
(0.2847 0.0365 0.0949)
(0.2993 0.0365 0.0949)
(0.3139 0.0365 0.0949)
(0.3285 0.0365 0.0949)
(0.3431 0.0365 0.0949)
(0.3577 0.0365 0.0949)
(0.3723 0.0365 0.0949)
(0.3869 0.0365 0.0949)
(0.4015 0.0365 0.0949)
(0.4161 0.0365 0.0949)
(0.4307 0.0365 0.0949)
(0.4453 0.0365 0.0949)
(0.4599 0.0365 0.0949)
(0.4745 0.0365 0.0949)
(0.4891 0.0365 0.0949)
(0.5037 0.0365 0.0949)
(0.5183 0.0365 0.0949)
(0.5329 0.0365 0.0949)
(0.5475 0.0365 0.0949)
(0.5621 0.0365 0.0949)
(0.5767 0.0365 0.0949)
(0.0073 0.0511 0.0949)
(0.0219 0.0511 0.0949)
(0.0365 0.0511 0.0949)
(0.0511 0.0511 0.0949)
(0.0657 0.0511 0.0949)
(0.0803 0.0511 0.0949)
(0.0949 0.0511 0.0949)
(0.1095 0.0511 0.0949)
(0.1241 0.0511 0.0949)
(0.1387 0.0511 0.0949)
(0.1533 0.0511 0.0949)
(0.1679 0.0511 0.0949)
(0.1825 0.0511 0.0949)
(0.1971 0.0511 0.0949)
(0.2117 0.0511 0.0949)
(0.2263 0.0511 0.0949)
(0.2409 0.0511 0.0949)
(0.2555 0.0511 0.0949)
(0.2701 0.0511 0.0949)
(0.2847 0.0511 0.0949)
(0.2993 0.0511 0.0949)
(0.3139 0.0511 0.0949)
(0.3285 0.0511 0.0949)
(0.3431 0.0511 0.0949)
(0.3577 0.0511 0.0949)
(0.3723 0.0511 0.0949)
(0.3869 0.0511 0.0949)
(0.4015 0.0511 0.0949)
(0.4161 0.0511 0.0949)
(0.4307 0.0511 0.0949)
(0.4453 0.0511 0.0949)
(0.4599 0.0511 0.0949)
(0.4745 0.0511 0.0949)
(0.4891 0.0511 0.0949)
(0.5037 0.0511 0.0949)
(0.5183 0.0511 0.0949)
(0.5329 0.0511 0.0949)
(0.5475 0.0511 0.0949)
(0.5621 0.0511 0.0949)
(0.5767 0.0511 0.0949)
(0.0073 0.0657 0.0949)
(0.0219 0.0657 0.0949)
(0.0365 0.0657 0.0949)
(0.0511 0.0657 0.0949)
(0.0657 0.0657 0.0949)
(0.0803 0.0657 0.0949)
(0.0949 0.0657 0.0949)
(0.1095 0.0657 0.0949)
(0.1241 0.0657 0.0949)
(0.1387 0.0657 0.0949)
(0.1533 0.0657 0.0949)
(0.1679 0.0657 0.0949)
(0.1825 0.0657 0.0949)
(0.1971 0.0657 0.0949)
(0.2117 0.0657 0.0949)
(0.2263 0.0657 0.0949)
(0.2409 0.0657 0.0949)
(0.2555 0.0657 0.0949)
(0.2701 0.0657 0.0949)
(0.2847 0.0657 0.0949)
(0.2993 0.0657 0.0949)
(0.3139 0.0657 0.0949)
(0.3285 0.0657 0.0949)
(0.3431 0.0657 0.0949)
(0.3577 0.0657 0.0949)
(0.3723 0.0657 0.0949)
(0.3869 0.0657 0.0949)
(0.4015 0.0657 0.0949)
(0.4161 0.0657 0.0949)
(0.4307 0.0657 0.0949)
(0.4453 0.0657 0.0949)
(0.4599 0.0657 0.0949)
(0.4745 0.0657 0.0949)
(0.4891 0.0657 0.0949)
(0.5037 0.0657 0.0949)
(0.5183 0.0657 0.0949)
(0.5329 0.0657 0.0949)
(0.5475 0.0657 0.0949)
(0.5621 0.0657 0.0949)
(0.5767 0.0657 0.0949)
(0.0073 0.0803 0.0949)
(0.0219 0.0803 0.0949)
(0.0365 0.0803 0.0949)
(0.0511 0.0803 0.0949)
(0.0657 0.0803 0.0949)
(0.0803 0.0803 0.0949)
(0.0949 0.0803 0.0949)
(0.1095 0.0803 0.0949)
(0.1241 0.0803 0.0949)
(0.1387 0.0803 0.0949)
(0.1533 0.0803 0.0949)
(0.1679 0.0803 0.0949)
(0.1825 0.0803 0.0949)
(0.1971 0.0803 0.0949)
(0.2117 0.0803 0.0949)
(0.2263 0.0803 0.0949)
(0.2409 0.0803 0.0949)
(0.2555 0.0803 0.0949)
(0.2701 0.0803 0.0949)
(0.2847 0.0803 0.0949)
(0.2993 0.0803 0.0949)
(0.3139 0.0803 0.0949)
(0.3285 0.0803 0.0949)
(0.3431 0.0803 0.0949)
(0.3577 0.0803 0.0949)
(0.3723 0.0803 0.0949)
(0.3869 0.0803 0.0949)
(0.4015 0.0803 0.0949)
(0.4161 0.0803 0.0949)
(0.4307 0.0803 0.0949)
(0.4453 0.0803 0.0949)
(0.4599 0.0803 0.0949)
(0.4745 0.0803 0.0949)
(0.4891 0.0803 0.0949)
(0.5037 0.0803 0.0949)
(0.5183 0.0803 0.0949)
(0.5329 0.0803 0.0949)
(0.5475 0.0803 0.0949)
(0.5621 0.0803 0.0949)
(0.5767 0.0803 0.0949)
(0.0073 0.0949 0.0949)
(0.0219 0.0949 0.0949)
(0.0365 0.0949 0.0949)
(0.0511 0.0949 0.0949)
(0.0657 0.0949 0.0949)
(0.0803 0.0949 0.0949)
(0.0949 0.0949 0.0949)
(0.1095 0.0949 0.0949)
(0.1241 0.0949 0.0949)
(0.1387 0.0949 0.0949)
(0.1533 0.0949 0.0949)
(0.1679 0.0949 0.0949)
(0.1825 0.0949 0.0949)
(0.1971 0.0949 0.0949)
(0.2117 0.0949 0.0949)
(0.2263 0.0949 0.0949)
(0.2409 0.0949 0.0949)
(0.2555 0.0949 0.0949)
(0.2701 0.0949 0.0949)
(0.2847 0.0949 0.0949)
(0.2993 0.0949 0.0949)
(0.3139 0.0949 0.0949)
(0.3285 0.0949 0.0949)
(0.3431 0.0949 0.0949)
(0.3577 0.0949 0.0949)
(0.3723 0.0949 0.0949)
(0.3869 0.0949 0.0949)
(0.4015 0.0949 0.0949)
(0.4161 0.0949 0.0949)
(0.4307 0.0949 0.0949)
(0.4453 0.0949 0.0949)
(0.4599 0.0949 0.0949)
(0.4745 0.0949 0.0949)
(0.4891 0.0949 0.0949)
(0.5037 0.0949 0.0949)
(0.5183 0.0949 0.0949)
(0.5329 0.0949 0.0949)
(0.5475 0.0949 0.0949)
(0.5621 0.0949 0.0949)
(0.5767 0.0949 0.0949)
(0.0073 0.1095 0.0949)
(0.0219 0.1095 0.0949)
(0.0365 0.1095 0.0949)
(0.0511 0.1095 0.0949)
(0.0657 0.1095 0.0949)
(0.0803 0.1095 0.0949)
(0.0949 0.1095 0.0949)
(0.1095 0.1095 0.0949)
(0.1241 0.1095 0.0949)
(0.1387 0.1095 0.0949)
(0.1533 0.1095 0.0949)
(0.1679 0.1095 0.0949)
(0.1825 0.1095 0.0949)
(0.1971 0.1095 0.0949)
(0.2117 0.1095 0.0949)
(0.2263 0.1095 0.0949)
(0.2409 0.1095 0.0949)
(0.2555 0.1095 0.0949)
(0.2701 0.1095 0.0949)
(0.2847 0.1095 0.0949)
(0.2993 0.1095 0.0949)
(0.3139 0.1095 0.0949)
(0.3285 0.1095 0.0949)
(0.3431 0.1095 0.0949)
(0.3577 0.1095 0.0949)
(0.3723 0.1095 0.0949)
(0.3869 0.1095 0.0949)
(0.4015 0.1095 0.0949)
(0.4161 0.1095 0.0949)
(0.4307 0.1095 0.0949)
(0.4453 0.1095 0.0949)
(0.4599 0.1095 0.0949)
(0.4745 0.1095 0.0949)
(0.4891 0.1095 0.0949)
(0.5037 0.1095 0.0949)
(0.5183 0.1095 0.0949)
(0.5329 0.1095 0.0949)
(0.5475 0.1095 0.0949)
(0.5621 0.1095 0.0949)
(0.5767 0.1095 0.0949)
(0.0073 0.1241 0.0949)
(0.0219 0.1241 0.0949)
(0.0365 0.1241 0.0949)
(0.0511 0.1241 0.0949)
(0.0657 0.1241 0.0949)
(0.0803 0.1241 0.0949)
(0.0949 0.1241 0.0949)
(0.1095 0.1241 0.0949)
(0.1241 0.1241 0.0949)
(0.1387 0.1241 0.0949)
(0.1533 0.1241 0.0949)
(0.1679 0.1241 0.0949)
(0.1825 0.1241 0.0949)
(0.1971 0.1241 0.0949)
(0.2117 0.1241 0.0949)
(0.2263 0.1241 0.0949)
(0.2409 0.1241 0.0949)
(0.2555 0.1241 0.0949)
(0.2701 0.1241 0.0949)
(0.2847 0.1241 0.0949)
(0.2993 0.1241 0.0949)
(0.3139 0.1241 0.0949)
(0.3285 0.1241 0.0949)
(0.3431 0.1241 0.0949)
(0.3577 0.1241 0.0949)
(0.3723 0.1241 0.0949)
(0.3869 0.1241 0.0949)
(0.4015 0.1241 0.0949)
(0.4161 0.1241 0.0949)
(0.4307 0.1241 0.0949)
(0.4453 0.1241 0.0949)
(0.4599 0.1241 0.0949)
(0.4745 0.1241 0.0949)
(0.4891 0.1241 0.0949)
(0.5037 0.1241 0.0949)
(0.5183 0.1241 0.0949)
(0.5329 0.1241 0.0949)
(0.5475 0.1241 0.0949)
(0.5621 0.1241 0.0949)
(0.5767 0.1241 0.0949)
(0.0073 0.1387 0.0949)
(0.0219 0.1387 0.0949)
(0.0365 0.1387 0.0949)
(0.0511 0.1387 0.0949)
(0.0657 0.1387 0.0949)
(0.0803 0.1387 0.0949)
(0.0949 0.1387 0.0949)
(0.1095 0.1387 0.0949)
(0.1241 0.1387 0.0949)
(0.1387 0.1387 0.0949)
(0.1533 0.1387 0.0949)
(0.1679 0.1387 0.0949)
(0.1825 0.1387 0.0949)
(0.1971 0.1387 0.0949)
(0.2117 0.1387 0.0949)
(0.2263 0.1387 0.0949)
(0.2409 0.1387 0.0949)
(0.2555 0.1387 0.0949)
(0.2701 0.1387 0.0949)
(0.2847 0.1387 0.0949)
(0.2993 0.1387 0.0949)
(0.3139 0.1387 0.0949)
(0.3285 0.1387 0.0949)
(0.3431 0.1387 0.0949)
(0.3577 0.1387 0.0949)
(0.3723 0.1387 0.0949)
(0.3869 0.1387 0.0949)
(0.4015 0.1387 0.0949)
(0.4161 0.1387 0.0949)
(0.4307 0.1387 0.0949)
(0.4453 0.1387 0.0949)
(0.4599 0.1387 0.0949)
(0.4745 0.1387 0.0949)
(0.4891 0.1387 0.0949)
(0.5037 0.1387 0.0949)
(0.5183 0.1387 0.0949)
(0.5329 0.1387 0.0949)
(0.5475 0.1387 0.0949)
(0.5621 0.1387 0.0949)
(0.5767 0.1387 0.0949)
(0.0073 0.1533 0.0949)
(0.0219 0.1533 0.0949)
(0.0365 0.1533 0.0949)
(0.0511 0.1533 0.0949)
(0.0657 0.1533 0.0949)
(0.0803 0.1533 0.0949)
(0.0949 0.1533 0.0949)
(0.1095 0.1533 0.0949)
(0.1241 0.1533 0.0949)
(0.1387 0.1533 0.0949)
(0.1533 0.1533 0.0949)
(0.1679 0.1533 0.0949)
(0.1825 0.1533 0.0949)
(0.1971 0.1533 0.0949)
(0.2117 0.1533 0.0949)
(0.2263 0.1533 0.0949)
(0.2409 0.1533 0.0949)
(0.2555 0.1533 0.0949)
(0.2701 0.1533 0.0949)
(0.2847 0.1533 0.0949)
(0.2993 0.1533 0.0949)
(0.3139 0.1533 0.0949)
(0.3285 0.1533 0.0949)
(0.3431 0.1533 0.0949)
(0.3577 0.1533 0.0949)
(0.3723 0.1533 0.0949)
(0.3869 0.1533 0.0949)
(0.4015 0.1533 0.0949)
(0.4161 0.1533 0.0949)
(0.4307 0.1533 0.0949)
(0.4453 0.1533 0.0949)
(0.4599 0.1533 0.0949)
(0.4745 0.1533 0.0949)
(0.4891 0.1533 0.0949)
(0.5037 0.1533 0.0949)
(0.5183 0.1533 0.0949)
(0.5329 0.1533 0.0949)
(0.5475 0.1533 0.0949)
(0.5621 0.1533 0.0949)
(0.5767 0.1533 0.0949)
(0.0073 0.1679 0.0949)
(0.0219 0.1679 0.0949)
(0.0365 0.1679 0.0949)
(0.0511 0.1679 0.0949)
(0.0657 0.1679 0.0949)
(0.0803 0.1679 0.0949)
(0.0949 0.1679 0.0949)
(0.1095 0.1679 0.0949)
(0.1241 0.1679 0.0949)
(0.1387 0.1679 0.0949)
(0.1533 0.1679 0.0949)
(0.1679 0.1679 0.0949)
(0.1825 0.1679 0.0949)
(0.1971 0.1679 0.0949)
(0.2117 0.1679 0.0949)
(0.2263 0.1679 0.0949)
(0.2409 0.1679 0.0949)
(0.2555 0.1679 0.0949)
(0.2701 0.1679 0.0949)
(0.2847 0.1679 0.0949)
(0.2993 0.1679 0.0949)
(0.3139 0.1679 0.0949)
(0.3285 0.1679 0.0949)
(0.3431 0.1679 0.0949)
(0.3577 0.1679 0.0949)
(0.3723 0.1679 0.0949)
(0.3869 0.1679 0.0949)
(0.4015 0.1679 0.0949)
(0.4161 0.1679 0.0949)
(0.4307 0.1679 0.0949)
(0.4453 0.1679 0.0949)
(0.4599 0.1679 0.0949)
(0.4745 0.1679 0.0949)
(0.4891 0.1679 0.0949)
(0.5037 0.1679 0.0949)
(0.5183 0.1679 0.0949)
(0.5329 0.1679 0.0949)
(0.5475 0.1679 0.0949)
(0.5621 0.1679 0.0949)
(0.5767 0.1679 0.0949)
(0.0073 0.1825 0.0949)
(0.0219 0.1825 0.0949)
(0.0365 0.1825 0.0949)
(0.0511 0.1825 0.0949)
(0.0657 0.1825 0.0949)
(0.0803 0.1825 0.0949)
(0.0949 0.1825 0.0949)
(0.1095 0.1825 0.0949)
(0.1241 0.1825 0.0949)
(0.1387 0.1825 0.0949)
(0.1533 0.1825 0.0949)
(0.1679 0.1825 0.0949)
(0.1825 0.1825 0.0949)
(0.1971 0.1825 0.0949)
(0.2117 0.1825 0.0949)
(0.2263 0.1825 0.0949)
(0.2409 0.1825 0.0949)
(0.2555 0.1825 0.0949)
(0.2701 0.1825 0.0949)
(0.2847 0.1825 0.0949)
(0.2993 0.1825 0.0949)
(0.3139 0.1825 0.0949)
(0.3285 0.1825 0.0949)
(0.3431 0.1825 0.0949)
(0.3577 0.1825 0.0949)
(0.3723 0.1825 0.0949)
(0.3869 0.1825 0.0949)
(0.4015 0.1825 0.0949)
(0.4161 0.1825 0.0949)
(0.4307 0.1825 0.0949)
(0.4453 0.1825 0.0949)
(0.4599 0.1825 0.0949)
(0.4745 0.1825 0.0949)
(0.4891 0.1825 0.0949)
(0.5037 0.1825 0.0949)
(0.5183 0.1825 0.0949)
(0.5329 0.1825 0.0949)
(0.5475 0.1825 0.0949)
(0.5621 0.1825 0.0949)
(0.5767 0.1825 0.0949)
(0.0073 0.1971 0.0949)
(0.0219 0.1971 0.0949)
(0.0365 0.1971 0.0949)
(0.0511 0.1971 0.0949)
(0.0657 0.1971 0.0949)
(0.0803 0.1971 0.0949)
(0.0949 0.1971 0.0949)
(0.1095 0.1971 0.0949)
(0.1241 0.1971 0.0949)
(0.1387 0.1971 0.0949)
(0.1533 0.1971 0.0949)
(0.1679 0.1971 0.0949)
(0.1825 0.1971 0.0949)
(0.1971 0.1971 0.0949)
(0.2117 0.1971 0.0949)
(0.2263 0.1971 0.0949)
(0.2409 0.1971 0.0949)
(0.2555 0.1971 0.0949)
(0.2701 0.1971 0.0949)
(0.2847 0.1971 0.0949)
(0.2993 0.1971 0.0949)
(0.3139 0.1971 0.0949)
(0.3285 0.1971 0.0949)
(0.3431 0.1971 0.0949)
(0.3577 0.1971 0.0949)
(0.3723 0.1971 0.0949)
(0.3869 0.1971 0.0949)
(0.4015 0.1971 0.0949)
(0.4161 0.1971 0.0949)
(0.4307 0.1971 0.0949)
(0.4453 0.1971 0.0949)
(0.4599 0.1971 0.0949)
(0.4745 0.1971 0.0949)
(0.4891 0.1971 0.0949)
(0.5037 0.1971 0.0949)
(0.5183 0.1971 0.0949)
(0.5329 0.1971 0.0949)
(0.5475 0.1971 0.0949)
(0.5621 0.1971 0.0949)
(0.5767 0.1971 0.0949)
(0.0073 0.2117 0.0949)
(0.0219 0.2117 0.0949)
(0.0365 0.2117 0.0949)
(0.0511 0.2117 0.0949)
(0.0657 0.2117 0.0949)
(0.0803 0.2117 0.0949)
(0.0949 0.2117 0.0949)
(0.1095 0.2117 0.0949)
(0.1241 0.2117 0.0949)
(0.1387 0.2117 0.0949)
(0.1533 0.2117 0.0949)
(0.1679 0.2117 0.0949)
(0.1825 0.2117 0.0949)
(0.1971 0.2117 0.0949)
(0.2117 0.2117 0.0949)
(0.2263 0.2117 0.0949)
(0.2409 0.2117 0.0949)
(0.2555 0.2117 0.0949)
(0.2701 0.2117 0.0949)
(0.2847 0.2117 0.0949)
(0.2993 0.2117 0.0949)
(0.3139 0.2117 0.0949)
(0.3285 0.2117 0.0949)
(0.3431 0.2117 0.0949)
(0.3577 0.2117 0.0949)
(0.3723 0.2117 0.0949)
(0.3869 0.2117 0.0949)
(0.4015 0.2117 0.0949)
(0.4161 0.2117 0.0949)
(0.4307 0.2117 0.0949)
(0.4453 0.2117 0.0949)
(0.4599 0.2117 0.0949)
(0.4745 0.2117 0.0949)
(0.4891 0.2117 0.0949)
(0.5037 0.2117 0.0949)
(0.5183 0.2117 0.0949)
(0.5329 0.2117 0.0949)
(0.5475 0.2117 0.0949)
(0.5621 0.2117 0.0949)
(0.5767 0.2117 0.0949)
(0.0073 0.2263 0.0949)
(0.0219 0.2263 0.0949)
(0.0365 0.2263 0.0949)
(0.0511 0.2263 0.0949)
(0.0657 0.2263 0.0949)
(0.0803 0.2263 0.0949)
(0.0949 0.2263 0.0949)
(0.1095 0.2263 0.0949)
(0.1241 0.2263 0.0949)
(0.1387 0.2263 0.0949)
(0.1533 0.2263 0.0949)
(0.1679 0.2263 0.0949)
(0.1825 0.2263 0.0949)
(0.1971 0.2263 0.0949)
(0.2117 0.2263 0.0949)
(0.2263 0.2263 0.0949)
(0.2409 0.2263 0.0949)
(0.2555 0.2263 0.0949)
(0.2701 0.2263 0.0949)
(0.2847 0.2263 0.0949)
(0.2993 0.2263 0.0949)
(0.3139 0.2263 0.0949)
(0.3285 0.2263 0.0949)
(0.3431 0.2263 0.0949)
(0.3577 0.2263 0.0949)
(0.3723 0.2263 0.0949)
(0.3869 0.2263 0.0949)
(0.4015 0.2263 0.0949)
(0.4161 0.2263 0.0949)
(0.4307 0.2263 0.0949)
(0.4453 0.2263 0.0949)
(0.4599 0.2263 0.0949)
(0.4745 0.2263 0.0949)
(0.4891 0.2263 0.0949)
(0.5037 0.2263 0.0949)
(0.5183 0.2263 0.0949)
(0.5329 0.2263 0.0949)
(0.5475 0.2263 0.0949)
(0.5621 0.2263 0.0949)
(0.5767 0.2263 0.0949)
(0.0073 0.2409 0.0949)
(0.0219 0.2409 0.0949)
(0.0365 0.2409 0.0949)
(0.0511 0.2409 0.0949)
(0.0657 0.2409 0.0949)
(0.0803 0.2409 0.0949)
(0.0949 0.2409 0.0949)
(0.1095 0.2409 0.0949)
(0.1241 0.2409 0.0949)
(0.1387 0.2409 0.0949)
(0.1533 0.2409 0.0949)
(0.1679 0.2409 0.0949)
(0.1825 0.2409 0.0949)
(0.1971 0.2409 0.0949)
(0.2117 0.2409 0.0949)
(0.2263 0.2409 0.0949)
(0.2409 0.2409 0.0949)
(0.2555 0.2409 0.0949)
(0.2701 0.2409 0.0949)
(0.2847 0.2409 0.0949)
(0.2993 0.2409 0.0949)
(0.3139 0.2409 0.0949)
(0.3285 0.2409 0.0949)
(0.3431 0.2409 0.0949)
(0.3577 0.2409 0.0949)
(0.3723 0.2409 0.0949)
(0.3869 0.2409 0.0949)
(0.4015 0.2409 0.0949)
(0.4161 0.2409 0.0949)
(0.4307 0.2409 0.0949)
(0.4453 0.2409 0.0949)
(0.4599 0.2409 0.0949)
(0.4745 0.2409 0.0949)
(0.4891 0.2409 0.0949)
(0.5037 0.2409 0.0949)
(0.5183 0.2409 0.0949)
(0.5329 0.2409 0.0949)
(0.5475 0.2409 0.0949)
(0.5621 0.2409 0.0949)
(0.5767 0.2409 0.0949)
(0.0073 0.2555 0.0949)
(0.0219 0.2555 0.0949)
(0.0365 0.2555 0.0949)
(0.0511 0.2555 0.0949)
(0.0657 0.2555 0.0949)
(0.0803 0.2555 0.0949)
(0.0949 0.2555 0.0949)
(0.1095 0.2555 0.0949)
(0.1241 0.2555 0.0949)
(0.1387 0.2555 0.0949)
(0.1533 0.2555 0.0949)
(0.1679 0.2555 0.0949)
(0.1825 0.2555 0.0949)
(0.1971 0.2555 0.0949)
(0.2117 0.2555 0.0949)
(0.2263 0.2555 0.0949)
(0.2409 0.2555 0.0949)
(0.2555 0.2555 0.0949)
(0.2701 0.2555 0.0949)
(0.2847 0.2555 0.0949)
(0.2993 0.2555 0.0949)
(0.3139 0.2555 0.0949)
(0.3285 0.2555 0.0949)
(0.3431 0.2555 0.0949)
(0.3577 0.2555 0.0949)
(0.3723 0.2555 0.0949)
(0.3869 0.2555 0.0949)
(0.4015 0.2555 0.0949)
(0.4161 0.2555 0.0949)
(0.4307 0.2555 0.0949)
(0.4453 0.2555 0.0949)
(0.4599 0.2555 0.0949)
(0.4745 0.2555 0.0949)
(0.4891 0.2555 0.0949)
(0.5037 0.2555 0.0949)
(0.5183 0.2555 0.0949)
(0.5329 0.2555 0.0949)
(0.5475 0.2555 0.0949)
(0.5621 0.2555 0.0949)
(0.5767 0.2555 0.0949)
(0.0073 0.2701 0.0949)
(0.0219 0.2701 0.0949)
(0.0365 0.2701 0.0949)
(0.0511 0.2701 0.0949)
(0.0657 0.2701 0.0949)
(0.0803 0.2701 0.0949)
(0.0949 0.2701 0.0949)
(0.1095 0.2701 0.0949)
(0.1241 0.2701 0.0949)
(0.1387 0.2701 0.0949)
(0.1533 0.2701 0.0949)
(0.1679 0.2701 0.0949)
(0.1825 0.2701 0.0949)
(0.1971 0.2701 0.0949)
(0.2117 0.2701 0.0949)
(0.2263 0.2701 0.0949)
(0.2409 0.2701 0.0949)
(0.2555 0.2701 0.0949)
(0.2701 0.2701 0.0949)
(0.2847 0.2701 0.0949)
(0.2993 0.2701 0.0949)
(0.3139 0.2701 0.0949)
(0.3285 0.2701 0.0949)
(0.3431 0.2701 0.0949)
(0.3577 0.2701 0.0949)
(0.3723 0.2701 0.0949)
(0.3869 0.2701 0.0949)
(0.4015 0.2701 0.0949)
(0.4161 0.2701 0.0949)
(0.4307 0.2701 0.0949)
(0.4453 0.2701 0.0949)
(0.4599 0.2701 0.0949)
(0.4745 0.2701 0.0949)
(0.4891 0.2701 0.0949)
(0.5037 0.2701 0.0949)
(0.5183 0.2701 0.0949)
(0.5329 0.2701 0.0949)
(0.5475 0.2701 0.0949)
(0.5621 0.2701 0.0949)
(0.5767 0.2701 0.0949)
(0.0073 0.2847 0.0949)
(0.0219 0.2847 0.0949)
(0.0365 0.2847 0.0949)
(0.0511 0.2847 0.0949)
(0.0657 0.2847 0.0949)
(0.0803 0.2847 0.0949)
(0.0949 0.2847 0.0949)
(0.1095 0.2847 0.0949)
(0.1241 0.2847 0.0949)
(0.1387 0.2847 0.0949)
(0.1533 0.2847 0.0949)
(0.1679 0.2847 0.0949)
(0.1825 0.2847 0.0949)
(0.1971 0.2847 0.0949)
(0.2117 0.2847 0.0949)
(0.2263 0.2847 0.0949)
(0.2409 0.2847 0.0949)
(0.2555 0.2847 0.0949)
(0.2701 0.2847 0.0949)
(0.2847 0.2847 0.0949)
(0.2993 0.2847 0.0949)
(0.3139 0.2847 0.0949)
(0.3285 0.2847 0.0949)
(0.3431 0.2847 0.0949)
(0.3577 0.2847 0.0949)
(0.3723 0.2847 0.0949)
(0.3869 0.2847 0.0949)
(0.4015 0.2847 0.0949)
(0.4161 0.2847 0.0949)
(0.4307 0.2847 0.0949)
(0.4453 0.2847 0.0949)
(0.4599 0.2847 0.0949)
(0.4745 0.2847 0.0949)
(0.4891 0.2847 0.0949)
(0.5037 0.2847 0.0949)
(0.5183 0.2847 0.0949)
(0.5329 0.2847 0.0949)
(0.5475 0.2847 0.0949)
(0.5621 0.2847 0.0949)
(0.5767 0.2847 0.0949)
(0.0073 0.2993 0.0949)
(0.0219 0.2993 0.0949)
(0.0365 0.2993 0.0949)
(0.0511 0.2993 0.0949)
(0.0657 0.2993 0.0949)
(0.0803 0.2993 0.0949)
(0.0949 0.2993 0.0949)
(0.1095 0.2993 0.0949)
(0.1241 0.2993 0.0949)
(0.1387 0.2993 0.0949)
(0.1533 0.2993 0.0949)
(0.1679 0.2993 0.0949)
(0.1825 0.2993 0.0949)
(0.1971 0.2993 0.0949)
(0.2117 0.2993 0.0949)
(0.2263 0.2993 0.0949)
(0.2409 0.2993 0.0949)
(0.2555 0.2993 0.0949)
(0.2701 0.2993 0.0949)
(0.2847 0.2993 0.0949)
(0.2993 0.2993 0.0949)
(0.3139 0.2993 0.0949)
(0.3285 0.2993 0.0949)
(0.3431 0.2993 0.0949)
(0.3577 0.2993 0.0949)
(0.3723 0.2993 0.0949)
(0.3869 0.2993 0.0949)
(0.4015 0.2993 0.0949)
(0.4161 0.2993 0.0949)
(0.4307 0.2993 0.0949)
(0.4453 0.2993 0.0949)
(0.4599 0.2993 0.0949)
(0.4745 0.2993 0.0949)
(0.4891 0.2993 0.0949)
(0.5037 0.2993 0.0949)
(0.5183 0.2993 0.0949)
(0.5329 0.2993 0.0949)
(0.5475 0.2993 0.0949)
(0.5621 0.2993 0.0949)
(0.5767 0.2993 0.0949)
(0.0073 0.3139 0.0949)
(0.0219 0.3139 0.0949)
(0.0365 0.3139 0.0949)
(0.0511 0.3139 0.0949)
(0.0657 0.3139 0.0949)
(0.0803 0.3139 0.0949)
(0.0949 0.3139 0.0949)
(0.1095 0.3139 0.0949)
(0.1241 0.3139 0.0949)
(0.1387 0.3139 0.0949)
(0.1533 0.3139 0.0949)
(0.1679 0.3139 0.0949)
(0.1825 0.3139 0.0949)
(0.1971 0.3139 0.0949)
(0.2117 0.3139 0.0949)
(0.2263 0.3139 0.0949)
(0.2409 0.3139 0.0949)
(0.2555 0.3139 0.0949)
(0.2701 0.3139 0.0949)
(0.2847 0.3139 0.0949)
(0.2993 0.3139 0.0949)
(0.3139 0.3139 0.0949)
(0.3285 0.3139 0.0949)
(0.3431 0.3139 0.0949)
(0.3577 0.3139 0.0949)
(0.3723 0.3139 0.0949)
(0.3869 0.3139 0.0949)
(0.4015 0.3139 0.0949)
(0.4161 0.3139 0.0949)
(0.4307 0.3139 0.0949)
(0.4453 0.3139 0.0949)
(0.4599 0.3139 0.0949)
(0.4745 0.3139 0.0949)
(0.4891 0.3139 0.0949)
(0.5037 0.3139 0.0949)
(0.5183 0.3139 0.0949)
(0.5329 0.3139 0.0949)
(0.5475 0.3139 0.0949)
(0.5621 0.3139 0.0949)
(0.5767 0.3139 0.0949)
(0.0073 0.3285 0.0949)
(0.0219 0.3285 0.0949)
(0.0365 0.3285 0.0949)
(0.0511 0.3285 0.0949)
(0.0657 0.3285 0.0949)
(0.0803 0.3285 0.0949)
(0.0949 0.3285 0.0949)
(0.1095 0.3285 0.0949)
(0.1241 0.3285 0.0949)
(0.1387 0.3285 0.0949)
(0.1533 0.3285 0.0949)
(0.1679 0.3285 0.0949)
(0.1825 0.3285 0.0949)
(0.1971 0.3285 0.0949)
(0.2117 0.3285 0.0949)
(0.2263 0.3285 0.0949)
(0.2409 0.3285 0.0949)
(0.2555 0.3285 0.0949)
(0.2701 0.3285 0.0949)
(0.2847 0.3285 0.0949)
(0.2993 0.3285 0.0949)
(0.3139 0.3285 0.0949)
(0.3285 0.3285 0.0949)
(0.3431 0.3285 0.0949)
(0.3577 0.3285 0.0949)
(0.3723 0.3285 0.0949)
(0.3869 0.3285 0.0949)
(0.4015 0.3285 0.0949)
(0.4161 0.3285 0.0949)
(0.4307 0.3285 0.0949)
(0.4453 0.3285 0.0949)
(0.4599 0.3285 0.0949)
(0.4745 0.3285 0.0949)
(0.4891 0.3285 0.0949)
(0.5037 0.3285 0.0949)
(0.5183 0.3285 0.0949)
(0.5329 0.3285 0.0949)
(0.5475 0.3285 0.0949)
(0.5621 0.3285 0.0949)
(0.5767 0.3285 0.0949)
(0.0073 0.3431 0.0949)
(0.0219 0.3431 0.0949)
(0.0365 0.3431 0.0949)
(0.0511 0.3431 0.0949)
(0.0657 0.3431 0.0949)
(0.0803 0.3431 0.0949)
(0.0949 0.3431 0.0949)
(0.1095 0.3431 0.0949)
(0.1241 0.3431 0.0949)
(0.1387 0.3431 0.0949)
(0.1533 0.3431 0.0949)
(0.1679 0.3431 0.0949)
(0.1825 0.3431 0.0949)
(0.1971 0.3431 0.0949)
(0.2117 0.3431 0.0949)
(0.2263 0.3431 0.0949)
(0.2409 0.3431 0.0949)
(0.2555 0.3431 0.0949)
(0.2701 0.3431 0.0949)
(0.2847 0.3431 0.0949)
(0.2993 0.3431 0.0949)
(0.3139 0.3431 0.0949)
(0.3285 0.3431 0.0949)
(0.3431 0.3431 0.0949)
(0.3577 0.3431 0.0949)
(0.3723 0.3431 0.0949)
(0.3869 0.3431 0.0949)
(0.4015 0.3431 0.0949)
(0.4161 0.3431 0.0949)
(0.4307 0.3431 0.0949)
(0.4453 0.3431 0.0949)
(0.4599 0.3431 0.0949)
(0.4745 0.3431 0.0949)
(0.4891 0.3431 0.0949)
(0.5037 0.3431 0.0949)
(0.5183 0.3431 0.0949)
(0.5329 0.3431 0.0949)
(0.5475 0.3431 0.0949)
(0.5621 0.3431 0.0949)
(0.5767 0.3431 0.0949)
(0.0073 0.3577 0.0949)
(0.0219 0.3577 0.0949)
(0.0365 0.3577 0.0949)
(0.0511 0.3577 0.0949)
(0.0657 0.3577 0.0949)
(0.0803 0.3577 0.0949)
(0.0949 0.3577 0.0949)
(0.1095 0.3577 0.0949)
(0.1241 0.3577 0.0949)
(0.1387 0.3577 0.0949)
(0.1533 0.3577 0.0949)
(0.1679 0.3577 0.0949)
(0.1825 0.3577 0.0949)
(0.1971 0.3577 0.0949)
(0.2117 0.3577 0.0949)
(0.2263 0.3577 0.0949)
(0.2409 0.3577 0.0949)
(0.2555 0.3577 0.0949)
(0.2701 0.3577 0.0949)
(0.2847 0.3577 0.0949)
(0.2993 0.3577 0.0949)
(0.3139 0.3577 0.0949)
(0.3285 0.3577 0.0949)
(0.3431 0.3577 0.0949)
(0.3577 0.3577 0.0949)
(0.3723 0.3577 0.0949)
(0.3869 0.3577 0.0949)
(0.4015 0.3577 0.0949)
(0.4161 0.3577 0.0949)
(0.4307 0.3577 0.0949)
(0.4453 0.3577 0.0949)
(0.4599 0.3577 0.0949)
(0.4745 0.3577 0.0949)
(0.4891 0.3577 0.0949)
(0.5037 0.3577 0.0949)
(0.5183 0.3577 0.0949)
(0.5329 0.3577 0.0949)
(0.5475 0.3577 0.0949)
(0.5621 0.3577 0.0949)
(0.5767 0.3577 0.0949)
(0.0073 0.3723 0.0949)
(0.0219 0.3723 0.0949)
(0.0365 0.3723 0.0949)
(0.0511 0.3723 0.0949)
(0.0657 0.3723 0.0949)
(0.0803 0.3723 0.0949)
(0.0949 0.3723 0.0949)
(0.1095 0.3723 0.0949)
(0.1241 0.3723 0.0949)
(0.1387 0.3723 0.0949)
(0.1533 0.3723 0.0949)
(0.1679 0.3723 0.0949)
(0.1825 0.3723 0.0949)
(0.1971 0.3723 0.0949)
(0.2117 0.3723 0.0949)
(0.2263 0.3723 0.0949)
(0.2409 0.3723 0.0949)
(0.2555 0.3723 0.0949)
(0.2701 0.3723 0.0949)
(0.2847 0.3723 0.0949)
(0.2993 0.3723 0.0949)
(0.3139 0.3723 0.0949)
(0.3285 0.3723 0.0949)
(0.3431 0.3723 0.0949)
(0.3577 0.3723 0.0949)
(0.3723 0.3723 0.0949)
(0.3869 0.3723 0.0949)
(0.4015 0.3723 0.0949)
(0.4161 0.3723 0.0949)
(0.4307 0.3723 0.0949)
(0.4453 0.3723 0.0949)
(0.4599 0.3723 0.0949)
(0.4745 0.3723 0.0949)
(0.4891 0.3723 0.0949)
(0.5037 0.3723 0.0949)
(0.5183 0.3723 0.0949)
(0.5329 0.3723 0.0949)
(0.5475 0.3723 0.0949)
(0.5621 0.3723 0.0949)
(0.5767 0.3723 0.0949)
(0.0073 0.3869 0.0949)
(0.0219 0.3869 0.0949)
(0.0365 0.3869 0.0949)
(0.0511 0.3869 0.0949)
(0.0657 0.3869 0.0949)
(0.0803 0.3869 0.0949)
(0.0949 0.3869 0.0949)
(0.1095 0.3869 0.0949)
(0.1241 0.3869 0.0949)
(0.1387 0.3869 0.0949)
(0.1533 0.3869 0.0949)
(0.1679 0.3869 0.0949)
(0.1825 0.3869 0.0949)
(0.1971 0.3869 0.0949)
(0.2117 0.3869 0.0949)
(0.2263 0.3869 0.0949)
(0.2409 0.3869 0.0949)
(0.2555 0.3869 0.0949)
(0.2701 0.3869 0.0949)
(0.2847 0.3869 0.0949)
(0.2993 0.3869 0.0949)
(0.3139 0.3869 0.0949)
(0.3285 0.3869 0.0949)
(0.3431 0.3869 0.0949)
(0.3577 0.3869 0.0949)
(0.3723 0.3869 0.0949)
(0.3869 0.3869 0.0949)
(0.4015 0.3869 0.0949)
(0.4161 0.3869 0.0949)
(0.4307 0.3869 0.0949)
(0.4453 0.3869 0.0949)
(0.4599 0.3869 0.0949)
(0.4745 0.3869 0.0949)
(0.4891 0.3869 0.0949)
(0.5037 0.3869 0.0949)
(0.5183 0.3869 0.0949)
(0.5329 0.3869 0.0949)
(0.5475 0.3869 0.0949)
(0.5621 0.3869 0.0949)
(0.5767 0.3869 0.0949)
(0.0073 0.4015 0.0949)
(0.0219 0.4015 0.0949)
(0.0365 0.4015 0.0949)
(0.0511 0.4015 0.0949)
(0.0657 0.4015 0.0949)
(0.0803 0.4015 0.0949)
(0.0949 0.4015 0.0949)
(0.1095 0.4015 0.0949)
(0.1241 0.4015 0.0949)
(0.1387 0.4015 0.0949)
(0.1533 0.4015 0.0949)
(0.1679 0.4015 0.0949)
(0.1825 0.4015 0.0949)
(0.1971 0.4015 0.0949)
(0.2117 0.4015 0.0949)
(0.2263 0.4015 0.0949)
(0.2409 0.4015 0.0949)
(0.2555 0.4015 0.0949)
(0.2701 0.4015 0.0949)
(0.2847 0.4015 0.0949)
(0.2993 0.4015 0.0949)
(0.3139 0.4015 0.0949)
(0.3285 0.4015 0.0949)
(0.3431 0.4015 0.0949)
(0.3577 0.4015 0.0949)
(0.3723 0.4015 0.0949)
(0.3869 0.4015 0.0949)
(0.4015 0.4015 0.0949)
(0.4161 0.4015 0.0949)
(0.4307 0.4015 0.0949)
(0.4453 0.4015 0.0949)
(0.4599 0.4015 0.0949)
(0.4745 0.4015 0.0949)
(0.4891 0.4015 0.0949)
(0.5037 0.4015 0.0949)
(0.5183 0.4015 0.0949)
(0.5329 0.4015 0.0949)
(0.5475 0.4015 0.0949)
(0.5621 0.4015 0.0949)
(0.5767 0.4015 0.0949)
(0.0073 0.4161 0.0949)
(0.0219 0.4161 0.0949)
(0.0365 0.4161 0.0949)
(0.0511 0.4161 0.0949)
(0.0657 0.4161 0.0949)
(0.0803 0.4161 0.0949)
(0.0949 0.4161 0.0949)
(0.1095 0.4161 0.0949)
(0.1241 0.4161 0.0949)
(0.1387 0.4161 0.0949)
(0.1533 0.4161 0.0949)
(0.1679 0.4161 0.0949)
(0.1825 0.4161 0.0949)
(0.1971 0.4161 0.0949)
(0.2117 0.4161 0.0949)
(0.2263 0.4161 0.0949)
(0.2409 0.4161 0.0949)
(0.2555 0.4161 0.0949)
(0.2701 0.4161 0.0949)
(0.2847 0.4161 0.0949)
(0.2993 0.4161 0.0949)
(0.3139 0.4161 0.0949)
(0.3285 0.4161 0.0949)
(0.3431 0.4161 0.0949)
(0.3577 0.4161 0.0949)
(0.3723 0.4161 0.0949)
(0.3869 0.4161 0.0949)
(0.4015 0.4161 0.0949)
(0.4161 0.4161 0.0949)
(0.4307 0.4161 0.0949)
(0.4453 0.4161 0.0949)
(0.4599 0.4161 0.0949)
(0.4745 0.4161 0.0949)
(0.4891 0.4161 0.0949)
(0.5037 0.4161 0.0949)
(0.5183 0.4161 0.0949)
(0.5329 0.4161 0.0949)
(0.5475 0.4161 0.0949)
(0.5621 0.4161 0.0949)
(0.5767 0.4161 0.0949)
(0.0073 0.4307 0.0949)
(0.0219 0.4307 0.0949)
(0.0365 0.4307 0.0949)
(0.0511 0.4307 0.0949)
(0.0657 0.4307 0.0949)
(0.0803 0.4307 0.0949)
(0.0949 0.4307 0.0949)
(0.1095 0.4307 0.0949)
(0.1241 0.4307 0.0949)
(0.1387 0.4307 0.0949)
(0.1533 0.4307 0.0949)
(0.1679 0.4307 0.0949)
(0.1825 0.4307 0.0949)
(0.1971 0.4307 0.0949)
(0.2117 0.4307 0.0949)
(0.2263 0.4307 0.0949)
(0.2409 0.4307 0.0949)
(0.2555 0.4307 0.0949)
(0.2701 0.4307 0.0949)
(0.2847 0.4307 0.0949)
(0.2993 0.4307 0.0949)
(0.3139 0.4307 0.0949)
(0.3285 0.4307 0.0949)
(0.3431 0.4307 0.0949)
(0.3577 0.4307 0.0949)
(0.3723 0.4307 0.0949)
(0.3869 0.4307 0.0949)
(0.4015 0.4307 0.0949)
(0.4161 0.4307 0.0949)
(0.4307 0.4307 0.0949)
(0.4453 0.4307 0.0949)
(0.4599 0.4307 0.0949)
(0.4745 0.4307 0.0949)
(0.4891 0.4307 0.0949)
(0.5037 0.4307 0.0949)
(0.5183 0.4307 0.0949)
(0.5329 0.4307 0.0949)
(0.5475 0.4307 0.0949)
(0.5621 0.4307 0.0949)
(0.5767 0.4307 0.0949)
(0.0073 0.4453 0.0949)
(0.0219 0.4453 0.0949)
(0.0365 0.4453 0.0949)
(0.0511 0.4453 0.0949)
(0.0657 0.4453 0.0949)
(0.0803 0.4453 0.0949)
(0.0949 0.4453 0.0949)
(0.1095 0.4453 0.0949)
(0.1241 0.4453 0.0949)
(0.1387 0.4453 0.0949)
(0.1533 0.4453 0.0949)
(0.1679 0.4453 0.0949)
(0.1825 0.4453 0.0949)
(0.1971 0.4453 0.0949)
(0.2117 0.4453 0.0949)
(0.2263 0.4453 0.0949)
(0.2409 0.4453 0.0949)
(0.2555 0.4453 0.0949)
(0.2701 0.4453 0.0949)
(0.2847 0.4453 0.0949)
(0.2993 0.4453 0.0949)
(0.3139 0.4453 0.0949)
(0.3285 0.4453 0.0949)
(0.3431 0.4453 0.0949)
(0.3577 0.4453 0.0949)
(0.3723 0.4453 0.0949)
(0.3869 0.4453 0.0949)
(0.4015 0.4453 0.0949)
(0.4161 0.4453 0.0949)
(0.4307 0.4453 0.0949)
(0.4453 0.4453 0.0949)
(0.4599 0.4453 0.0949)
(0.4745 0.4453 0.0949)
(0.4891 0.4453 0.0949)
(0.5037 0.4453 0.0949)
(0.5183 0.4453 0.0949)
(0.5329 0.4453 0.0949)
(0.5475 0.4453 0.0949)
(0.5621 0.4453 0.0949)
(0.5767 0.4453 0.0949)
(0.0073 0.4599 0.0949)
(0.0219 0.4599 0.0949)
(0.0365 0.4599 0.0949)
(0.0511 0.4599 0.0949)
(0.0657 0.4599 0.0949)
(0.0803 0.4599 0.0949)
(0.0949 0.4599 0.0949)
(0.1095 0.4599 0.0949)
(0.1241 0.4599 0.0949)
(0.1387 0.4599 0.0949)
(0.1533 0.4599 0.0949)
(0.1679 0.4599 0.0949)
(0.1825 0.4599 0.0949)
(0.1971 0.4599 0.0949)
(0.2117 0.4599 0.0949)
(0.2263 0.4599 0.0949)
(0.2409 0.4599 0.0949)
(0.2555 0.4599 0.0949)
(0.2701 0.4599 0.0949)
(0.2847 0.4599 0.0949)
(0.2993 0.4599 0.0949)
(0.3139 0.4599 0.0949)
(0.3285 0.4599 0.0949)
(0.3431 0.4599 0.0949)
(0.3577 0.4599 0.0949)
(0.3723 0.4599 0.0949)
(0.3869 0.4599 0.0949)
(0.4015 0.4599 0.0949)
(0.4161 0.4599 0.0949)
(0.4307 0.4599 0.0949)
(0.4453 0.4599 0.0949)
(0.4599 0.4599 0.0949)
(0.4745 0.4599 0.0949)
(0.4891 0.4599 0.0949)
(0.5037 0.4599 0.0949)
(0.5183 0.4599 0.0949)
(0.5329 0.4599 0.0949)
(0.5475 0.4599 0.0949)
(0.5621 0.4599 0.0949)
(0.5767 0.4599 0.0949)
(0.0073 0.4745 0.0949)
(0.0219 0.4745 0.0949)
(0.0365 0.4745 0.0949)
(0.0511 0.4745 0.0949)
(0.0657 0.4745 0.0949)
(0.0803 0.4745 0.0949)
(0.0949 0.4745 0.0949)
(0.1095 0.4745 0.0949)
(0.1241 0.4745 0.0949)
(0.1387 0.4745 0.0949)
(0.1533 0.4745 0.0949)
(0.1679 0.4745 0.0949)
(0.1825 0.4745 0.0949)
(0.1971 0.4745 0.0949)
(0.2117 0.4745 0.0949)
(0.2263 0.4745 0.0949)
(0.2409 0.4745 0.0949)
(0.2555 0.4745 0.0949)
(0.2701 0.4745 0.0949)
(0.2847 0.4745 0.0949)
(0.2993 0.4745 0.0949)
(0.3139 0.4745 0.0949)
(0.3285 0.4745 0.0949)
(0.3431 0.4745 0.0949)
(0.3577 0.4745 0.0949)
(0.3723 0.4745 0.0949)
(0.3869 0.4745 0.0949)
(0.4015 0.4745 0.0949)
(0.4161 0.4745 0.0949)
(0.4307 0.4745 0.0949)
(0.4453 0.4745 0.0949)
(0.4599 0.4745 0.0949)
(0.4745 0.4745 0.0949)
(0.4891 0.4745 0.0949)
(0.5037 0.4745 0.0949)
(0.5183 0.4745 0.0949)
(0.5329 0.4745 0.0949)
(0.5475 0.4745 0.0949)
(0.5621 0.4745 0.0949)
(0.5767 0.4745 0.0949)
(0.0073 0.4891 0.0949)
(0.0219 0.4891 0.0949)
(0.0365 0.4891 0.0949)
(0.0511 0.4891 0.0949)
(0.0657 0.4891 0.0949)
(0.0803 0.4891 0.0949)
(0.0949 0.4891 0.0949)
(0.1095 0.4891 0.0949)
(0.1241 0.4891 0.0949)
(0.1387 0.4891 0.0949)
(0.1533 0.4891 0.0949)
(0.1679 0.4891 0.0949)
(0.1825 0.4891 0.0949)
(0.1971 0.4891 0.0949)
(0.2117 0.4891 0.0949)
(0.2263 0.4891 0.0949)
(0.2409 0.4891 0.0949)
(0.2555 0.4891 0.0949)
(0.2701 0.4891 0.0949)
(0.2847 0.4891 0.0949)
(0.2993 0.4891 0.0949)
(0.3139 0.4891 0.0949)
(0.3285 0.4891 0.0949)
(0.3431 0.4891 0.0949)
(0.3577 0.4891 0.0949)
(0.3723 0.4891 0.0949)
(0.3869 0.4891 0.0949)
(0.4015 0.4891 0.0949)
(0.4161 0.4891 0.0949)
(0.4307 0.4891 0.0949)
(0.4453 0.4891 0.0949)
(0.4599 0.4891 0.0949)
(0.4745 0.4891 0.0949)
(0.4891 0.4891 0.0949)
(0.5037 0.4891 0.0949)
(0.5183 0.4891 0.0949)
(0.5329 0.4891 0.0949)
(0.5475 0.4891 0.0949)
(0.5621 0.4891 0.0949)
(0.5767 0.4891 0.0949)
(0.0073 0.5037 0.0949)
(0.0219 0.5037 0.0949)
(0.0365 0.5037 0.0949)
(0.0511 0.5037 0.0949)
(0.0657 0.5037 0.0949)
(0.0803 0.5037 0.0949)
(0.0949 0.5037 0.0949)
(0.1095 0.5037 0.0949)
(0.1241 0.5037 0.0949)
(0.1387 0.5037 0.0949)
(0.1533 0.5037 0.0949)
(0.1679 0.5037 0.0949)
(0.1825 0.5037 0.0949)
(0.1971 0.5037 0.0949)
(0.2117 0.5037 0.0949)
(0.2263 0.5037 0.0949)
(0.2409 0.5037 0.0949)
(0.2555 0.5037 0.0949)
(0.2701 0.5037 0.0949)
(0.2847 0.5037 0.0949)
(0.2993 0.5037 0.0949)
(0.3139 0.5037 0.0949)
(0.3285 0.5037 0.0949)
(0.3431 0.5037 0.0949)
(0.3577 0.5037 0.0949)
(0.3723 0.5037 0.0949)
(0.3869 0.5037 0.0949)
(0.4015 0.5037 0.0949)
(0.4161 0.5037 0.0949)
(0.4307 0.5037 0.0949)
(0.4453 0.5037 0.0949)
(0.4599 0.5037 0.0949)
(0.4745 0.5037 0.0949)
(0.4891 0.5037 0.0949)
(0.5037 0.5037 0.0949)
(0.5183 0.5037 0.0949)
(0.5329 0.5037 0.0949)
(0.5475 0.5037 0.0949)
(0.5621 0.5037 0.0949)
(0.5767 0.5037 0.0949)
(0.0073 0.5183 0.0949)
(0.0219 0.5183 0.0949)
(0.0365 0.5183 0.0949)
(0.0511 0.5183 0.0949)
(0.0657 0.5183 0.0949)
(0.0803 0.5183 0.0949)
(0.0949 0.5183 0.0949)
(0.1095 0.5183 0.0949)
(0.1241 0.5183 0.0949)
(0.1387 0.5183 0.0949)
(0.1533 0.5183 0.0949)
(0.1679 0.5183 0.0949)
(0.1825 0.5183 0.0949)
(0.1971 0.5183 0.0949)
(0.2117 0.5183 0.0949)
(0.2263 0.5183 0.0949)
(0.2409 0.5183 0.0949)
(0.2555 0.5183 0.0949)
(0.2701 0.5183 0.0949)
(0.2847 0.5183 0.0949)
(0.2993 0.5183 0.0949)
(0.3139 0.5183 0.0949)
(0.3285 0.5183 0.0949)
(0.3431 0.5183 0.0949)
(0.3577 0.5183 0.0949)
(0.3723 0.5183 0.0949)
(0.3869 0.5183 0.0949)
(0.4015 0.5183 0.0949)
(0.4161 0.5183 0.0949)
(0.4307 0.5183 0.0949)
(0.4453 0.5183 0.0949)
(0.4599 0.5183 0.0949)
(0.4745 0.5183 0.0949)
(0.4891 0.5183 0.0949)
(0.5037 0.5183 0.0949)
(0.5183 0.5183 0.0949)
(0.5329 0.5183 0.0949)
(0.5475 0.5183 0.0949)
(0.5621 0.5183 0.0949)
(0.5767 0.5183 0.0949)
(0.0073 0.5329 0.0949)
(0.0219 0.5329 0.0949)
(0.0365 0.5329 0.0949)
(0.0511 0.5329 0.0949)
(0.0657 0.5329 0.0949)
(0.0803 0.5329 0.0949)
(0.0949 0.5329 0.0949)
(0.1095 0.5329 0.0949)
(0.1241 0.5329 0.0949)
(0.1387 0.5329 0.0949)
(0.1533 0.5329 0.0949)
(0.1679 0.5329 0.0949)
(0.1825 0.5329 0.0949)
(0.1971 0.5329 0.0949)
(0.2117 0.5329 0.0949)
(0.2263 0.5329 0.0949)
(0.2409 0.5329 0.0949)
(0.2555 0.5329 0.0949)
(0.2701 0.5329 0.0949)
(0.2847 0.5329 0.0949)
(0.2993 0.5329 0.0949)
(0.3139 0.5329 0.0949)
(0.3285 0.5329 0.0949)
(0.3431 0.5329 0.0949)
(0.3577 0.5329 0.0949)
(0.3723 0.5329 0.0949)
(0.3869 0.5329 0.0949)
(0.4015 0.5329 0.0949)
(0.4161 0.5329 0.0949)
(0.4307 0.5329 0.0949)
(0.4453 0.5329 0.0949)
(0.4599 0.5329 0.0949)
(0.4745 0.5329 0.0949)
(0.4891 0.5329 0.0949)
(0.5037 0.5329 0.0949)
(0.5183 0.5329 0.0949)
(0.5329 0.5329 0.0949)
(0.5475 0.5329 0.0949)
(0.5621 0.5329 0.0949)
(0.5767 0.5329 0.0949)
(0.0073 0.5475 0.0949)
(0.0219 0.5475 0.0949)
(0.0365 0.5475 0.0949)
(0.0511 0.5475 0.0949)
(0.0657 0.5475 0.0949)
(0.0803 0.5475 0.0949)
(0.0949 0.5475 0.0949)
(0.1095 0.5475 0.0949)
(0.1241 0.5475 0.0949)
(0.1387 0.5475 0.0949)
(0.1533 0.5475 0.0949)
(0.1679 0.5475 0.0949)
(0.1825 0.5475 0.0949)
(0.1971 0.5475 0.0949)
(0.2117 0.5475 0.0949)
(0.2263 0.5475 0.0949)
(0.2409 0.5475 0.0949)
(0.2555 0.5475 0.0949)
(0.2701 0.5475 0.0949)
(0.2847 0.5475 0.0949)
(0.2993 0.5475 0.0949)
(0.3139 0.5475 0.0949)
(0.3285 0.5475 0.0949)
(0.3431 0.5475 0.0949)
(0.3577 0.5475 0.0949)
(0.3723 0.5475 0.0949)
(0.3869 0.5475 0.0949)
(0.4015 0.5475 0.0949)
(0.4161 0.5475 0.0949)
(0.4307 0.5475 0.0949)
(0.4453 0.5475 0.0949)
(0.4599 0.5475 0.0949)
(0.4745 0.5475 0.0949)
(0.4891 0.5475 0.0949)
(0.5037 0.5475 0.0949)
(0.5183 0.5475 0.0949)
(0.5329 0.5475 0.0949)
(0.5475 0.5475 0.0949)
(0.5621 0.5475 0.0949)
(0.5767 0.5475 0.0949)
(0.0073 0.5621 0.0949)
(0.0219 0.5621 0.0949)
(0.0365 0.5621 0.0949)
(0.0511 0.5621 0.0949)
(0.0657 0.5621 0.0949)
(0.0803 0.5621 0.0949)
(0.0949 0.5621 0.0949)
(0.1095 0.5621 0.0949)
(0.1241 0.5621 0.0949)
(0.1387 0.5621 0.0949)
(0.1533 0.5621 0.0949)
(0.1679 0.5621 0.0949)
(0.1825 0.5621 0.0949)
(0.1971 0.5621 0.0949)
(0.2117 0.5621 0.0949)
(0.2263 0.5621 0.0949)
(0.2409 0.5621 0.0949)
(0.2555 0.5621 0.0949)
(0.2701 0.5621 0.0949)
(0.2847 0.5621 0.0949)
(0.2993 0.5621 0.0949)
(0.3139 0.5621 0.0949)
(0.3285 0.5621 0.0949)
(0.3431 0.5621 0.0949)
(0.3577 0.5621 0.0949)
(0.3723 0.5621 0.0949)
(0.3869 0.5621 0.0949)
(0.4015 0.5621 0.0949)
(0.4161 0.5621 0.0949)
(0.4307 0.5621 0.0949)
(0.4453 0.5621 0.0949)
(0.4599 0.5621 0.0949)
(0.4745 0.5621 0.0949)
(0.4891 0.5621 0.0949)
(0.5037 0.5621 0.0949)
(0.5183 0.5621 0.0949)
(0.5329 0.5621 0.0949)
(0.5475 0.5621 0.0949)
(0.5621 0.5621 0.0949)
(0.5767 0.5621 0.0949)
(0.0073 0.5767 0.0949)
(0.0219 0.5767 0.0949)
(0.0365 0.5767 0.0949)
(0.0511 0.5767 0.0949)
(0.0657 0.5767 0.0949)
(0.0803 0.5767 0.0949)
(0.0949 0.5767 0.0949)
(0.1095 0.5767 0.0949)
(0.1241 0.5767 0.0949)
(0.1387 0.5767 0.0949)
(0.1533 0.5767 0.0949)
(0.1679 0.5767 0.0949)
(0.1825 0.5767 0.0949)
(0.1971 0.5767 0.0949)
(0.2117 0.5767 0.0949)
(0.2263 0.5767 0.0949)
(0.2409 0.5767 0.0949)
(0.2555 0.5767 0.0949)
(0.2701 0.5767 0.0949)
(0.2847 0.5767 0.0949)
(0.2993 0.5767 0.0949)
(0.3139 0.5767 0.0949)
(0.3285 0.5767 0.0949)
(0.3431 0.5767 0.0949)
(0.3577 0.5767 0.0949)
(0.3723 0.5767 0.0949)
(0.3869 0.5767 0.0949)
(0.4015 0.5767 0.0949)
(0.4161 0.5767 0.0949)
(0.4307 0.5767 0.0949)
(0.4453 0.5767 0.0949)
(0.4599 0.5767 0.0949)
(0.4745 0.5767 0.0949)
(0.4891 0.5767 0.0949)
(0.5037 0.5767 0.0949)
(0.5183 0.5767 0.0949)
(0.5329 0.5767 0.0949)
(0.5475 0.5767 0.0949)
(0.5621 0.5767 0.0949)
(0.5767 0.5767 0.0949)
(0.0073 0.0073 0.1095)
(0.0219 0.0073 0.1095)
(0.0365 0.0073 0.1095)
(0.0511 0.0073 0.1095)
(0.0657 0.0073 0.1095)
(0.0803 0.0073 0.1095)
(0.0949 0.0073 0.1095)
(0.1095 0.0073 0.1095)
(0.1241 0.0073 0.1095)
(0.1387 0.0073 0.1095)
(0.1533 0.0073 0.1095)
(0.1679 0.0073 0.1095)
(0.1825 0.0073 0.1095)
(0.1971 0.0073 0.1095)
(0.2117 0.0073 0.1095)
(0.2263 0.0073 0.1095)
(0.2409 0.0073 0.1095)
(0.2555 0.0073 0.1095)
(0.2701 0.0073 0.1095)
(0.2847 0.0073 0.1095)
(0.2993 0.0073 0.1095)
(0.3139 0.0073 0.1095)
(0.3285 0.0073 0.1095)
(0.3431 0.0073 0.1095)
(0.3577 0.0073 0.1095)
(0.3723 0.0073 0.1095)
(0.3869 0.0073 0.1095)
(0.4015 0.0073 0.1095)
(0.4161 0.0073 0.1095)
(0.4307 0.0073 0.1095)
(0.4453 0.0073 0.1095)
(0.4599 0.0073 0.1095)
(0.4745 0.0073 0.1095)
(0.4891 0.0073 0.1095)
(0.5037 0.0073 0.1095)
(0.5183 0.0073 0.1095)
(0.5329 0.0073 0.1095)
(0.5475 0.0073 0.1095)
(0.5621 0.0073 0.1095)
(0.5767 0.0073 0.1095)
(0.0073 0.0219 0.1095)
(0.0219 0.0219 0.1095)
(0.0365 0.0219 0.1095)
(0.0511 0.0219 0.1095)
(0.0657 0.0219 0.1095)
(0.0803 0.0219 0.1095)
(0.0949 0.0219 0.1095)
(0.1095 0.0219 0.1095)
(0.1241 0.0219 0.1095)
(0.1387 0.0219 0.1095)
(0.1533 0.0219 0.1095)
(0.1679 0.0219 0.1095)
(0.1825 0.0219 0.1095)
(0.1971 0.0219 0.1095)
(0.2117 0.0219 0.1095)
(0.2263 0.0219 0.1095)
(0.2409 0.0219 0.1095)
(0.2555 0.0219 0.1095)
(0.2701 0.0219 0.1095)
(0.2847 0.0219 0.1095)
(0.2993 0.0219 0.1095)
(0.3139 0.0219 0.1095)
(0.3285 0.0219 0.1095)
(0.3431 0.0219 0.1095)
(0.3577 0.0219 0.1095)
(0.3723 0.0219 0.1095)
(0.3869 0.0219 0.1095)
(0.4015 0.0219 0.1095)
(0.4161 0.0219 0.1095)
(0.4307 0.0219 0.1095)
(0.4453 0.0219 0.1095)
(0.4599 0.0219 0.1095)
(0.4745 0.0219 0.1095)
(0.4891 0.0219 0.1095)
(0.5037 0.0219 0.1095)
(0.5183 0.0219 0.1095)
(0.5329 0.0219 0.1095)
(0.5475 0.0219 0.1095)
(0.5621 0.0219 0.1095)
(0.5767 0.0219 0.1095)
(0.0073 0.0365 0.1095)
(0.0219 0.0365 0.1095)
(0.0365 0.0365 0.1095)
(0.0511 0.0365 0.1095)
(0.0657 0.0365 0.1095)
(0.0803 0.0365 0.1095)
(0.0949 0.0365 0.1095)
(0.1095 0.0365 0.1095)
(0.1241 0.0365 0.1095)
(0.1387 0.0365 0.1095)
(0.1533 0.0365 0.1095)
(0.1679 0.0365 0.1095)
(0.1825 0.0365 0.1095)
(0.1971 0.0365 0.1095)
(0.2117 0.0365 0.1095)
(0.2263 0.0365 0.1095)
(0.2409 0.0365 0.1095)
(0.2555 0.0365 0.1095)
(0.2701 0.0365 0.1095)
(0.2847 0.0365 0.1095)
(0.2993 0.0365 0.1095)
(0.3139 0.0365 0.1095)
(0.3285 0.0365 0.1095)
(0.3431 0.0365 0.1095)
(0.3577 0.0365 0.1095)
(0.3723 0.0365 0.1095)
(0.3869 0.0365 0.1095)
(0.4015 0.0365 0.1095)
(0.4161 0.0365 0.1095)
(0.4307 0.0365 0.1095)
(0.4453 0.0365 0.1095)
(0.4599 0.0365 0.1095)
(0.4745 0.0365 0.1095)
(0.4891 0.0365 0.1095)
(0.5037 0.0365 0.1095)
(0.5183 0.0365 0.1095)
(0.5329 0.0365 0.1095)
(0.5475 0.0365 0.1095)
(0.5621 0.0365 0.1095)
(0.5767 0.0365 0.1095)
(0.0073 0.0511 0.1095)
(0.0219 0.0511 0.1095)
(0.0365 0.0511 0.1095)
(0.0511 0.0511 0.1095)
(0.0657 0.0511 0.1095)
(0.0803 0.0511 0.1095)
(0.0949 0.0511 0.1095)
(0.1095 0.0511 0.1095)
(0.1241 0.0511 0.1095)
(0.1387 0.0511 0.1095)
(0.1533 0.0511 0.1095)
(0.1679 0.0511 0.1095)
(0.1825 0.0511 0.1095)
(0.1971 0.0511 0.1095)
(0.2117 0.0511 0.1095)
(0.2263 0.0511 0.1095)
(0.2409 0.0511 0.1095)
(0.2555 0.0511 0.1095)
(0.2701 0.0511 0.1095)
(0.2847 0.0511 0.1095)
(0.2993 0.0511 0.1095)
(0.3139 0.0511 0.1095)
(0.3285 0.0511 0.1095)
(0.3431 0.0511 0.1095)
(0.3577 0.0511 0.1095)
(0.3723 0.0511 0.1095)
(0.3869 0.0511 0.1095)
(0.4015 0.0511 0.1095)
(0.4161 0.0511 0.1095)
(0.4307 0.0511 0.1095)
(0.4453 0.0511 0.1095)
(0.4599 0.0511 0.1095)
(0.4745 0.0511 0.1095)
(0.4891 0.0511 0.1095)
(0.5037 0.0511 0.1095)
(0.5183 0.0511 0.1095)
(0.5329 0.0511 0.1095)
(0.5475 0.0511 0.1095)
(0.5621 0.0511 0.1095)
(0.5767 0.0511 0.1095)
(0.0073 0.0657 0.1095)
(0.0219 0.0657 0.1095)
(0.0365 0.0657 0.1095)
(0.0511 0.0657 0.1095)
(0.0657 0.0657 0.1095)
(0.0803 0.0657 0.1095)
(0.0949 0.0657 0.1095)
(0.1095 0.0657 0.1095)
(0.1241 0.0657 0.1095)
(0.1387 0.0657 0.1095)
(0.1533 0.0657 0.1095)
(0.1679 0.0657 0.1095)
(0.1825 0.0657 0.1095)
(0.1971 0.0657 0.1095)
(0.2117 0.0657 0.1095)
(0.2263 0.0657 0.1095)
(0.2409 0.0657 0.1095)
(0.2555 0.0657 0.1095)
(0.2701 0.0657 0.1095)
(0.2847 0.0657 0.1095)
(0.2993 0.0657 0.1095)
(0.3139 0.0657 0.1095)
(0.3285 0.0657 0.1095)
(0.3431 0.0657 0.1095)
(0.3577 0.0657 0.1095)
(0.3723 0.0657 0.1095)
(0.3869 0.0657 0.1095)
(0.4015 0.0657 0.1095)
(0.4161 0.0657 0.1095)
(0.4307 0.0657 0.1095)
(0.4453 0.0657 0.1095)
(0.4599 0.0657 0.1095)
(0.4745 0.0657 0.1095)
(0.4891 0.0657 0.1095)
(0.5037 0.0657 0.1095)
(0.5183 0.0657 0.1095)
(0.5329 0.0657 0.1095)
(0.5475 0.0657 0.1095)
(0.5621 0.0657 0.1095)
(0.5767 0.0657 0.1095)
(0.0073 0.0803 0.1095)
(0.0219 0.0803 0.1095)
(0.0365 0.0803 0.1095)
(0.0511 0.0803 0.1095)
(0.0657 0.0803 0.1095)
(0.0803 0.0803 0.1095)
(0.0949 0.0803 0.1095)
(0.1095 0.0803 0.1095)
(0.1241 0.0803 0.1095)
(0.1387 0.0803 0.1095)
(0.1533 0.0803 0.1095)
(0.1679 0.0803 0.1095)
(0.1825 0.0803 0.1095)
(0.1971 0.0803 0.1095)
(0.2117 0.0803 0.1095)
(0.2263 0.0803 0.1095)
(0.2409 0.0803 0.1095)
(0.2555 0.0803 0.1095)
(0.2701 0.0803 0.1095)
(0.2847 0.0803 0.1095)
(0.2993 0.0803 0.1095)
(0.3139 0.0803 0.1095)
(0.3285 0.0803 0.1095)
(0.3431 0.0803 0.1095)
(0.3577 0.0803 0.1095)
(0.3723 0.0803 0.1095)
(0.3869 0.0803 0.1095)
(0.4015 0.0803 0.1095)
(0.4161 0.0803 0.1095)
(0.4307 0.0803 0.1095)
(0.4453 0.0803 0.1095)
(0.4599 0.0803 0.1095)
(0.4745 0.0803 0.1095)
(0.4891 0.0803 0.1095)
(0.5037 0.0803 0.1095)
(0.5183 0.0803 0.1095)
(0.5329 0.0803 0.1095)
(0.5475 0.0803 0.1095)
(0.5621 0.0803 0.1095)
(0.5767 0.0803 0.1095)
(0.0073 0.0949 0.1095)
(0.0219 0.0949 0.1095)
(0.0365 0.0949 0.1095)
(0.0511 0.0949 0.1095)
(0.0657 0.0949 0.1095)
(0.0803 0.0949 0.1095)
(0.0949 0.0949 0.1095)
(0.1095 0.0949 0.1095)
(0.1241 0.0949 0.1095)
(0.1387 0.0949 0.1095)
(0.1533 0.0949 0.1095)
(0.1679 0.0949 0.1095)
(0.1825 0.0949 0.1095)
(0.1971 0.0949 0.1095)
(0.2117 0.0949 0.1095)
(0.2263 0.0949 0.1095)
(0.2409 0.0949 0.1095)
(0.2555 0.0949 0.1095)
(0.2701 0.0949 0.1095)
(0.2847 0.0949 0.1095)
(0.2993 0.0949 0.1095)
(0.3139 0.0949 0.1095)
(0.3285 0.0949 0.1095)
(0.3431 0.0949 0.1095)
(0.3577 0.0949 0.1095)
(0.3723 0.0949 0.1095)
(0.3869 0.0949 0.1095)
(0.4015 0.0949 0.1095)
(0.4161 0.0949 0.1095)
(0.4307 0.0949 0.1095)
(0.4453 0.0949 0.1095)
(0.4599 0.0949 0.1095)
(0.4745 0.0949 0.1095)
(0.4891 0.0949 0.1095)
(0.5037 0.0949 0.1095)
(0.5183 0.0949 0.1095)
(0.5329 0.0949 0.1095)
(0.5475 0.0949 0.1095)
(0.5621 0.0949 0.1095)
(0.5767 0.0949 0.1095)
(0.0073 0.1095 0.1095)
(0.0219 0.1095 0.1095)
(0.0365 0.1095 0.1095)
(0.0511 0.1095 0.1095)
(0.0657 0.1095 0.1095)
(0.0803 0.1095 0.1095)
(0.0949 0.1095 0.1095)
(0.1095 0.1095 0.1095)
(0.1241 0.1095 0.1095)
(0.1387 0.1095 0.1095)
(0.1533 0.1095 0.1095)
(0.1679 0.1095 0.1095)
(0.1825 0.1095 0.1095)
(0.1971 0.1095 0.1095)
(0.2117 0.1095 0.1095)
(0.2263 0.1095 0.1095)
(0.2409 0.1095 0.1095)
(0.2555 0.1095 0.1095)
(0.2701 0.1095 0.1095)
(0.2847 0.1095 0.1095)
(0.2993 0.1095 0.1095)
(0.3139 0.1095 0.1095)
(0.3285 0.1095 0.1095)
(0.3431 0.1095 0.1095)
(0.3577 0.1095 0.1095)
(0.3723 0.1095 0.1095)
(0.3869 0.1095 0.1095)
(0.4015 0.1095 0.1095)
(0.4161 0.1095 0.1095)
(0.4307 0.1095 0.1095)
(0.4453 0.1095 0.1095)
(0.4599 0.1095 0.1095)
(0.4745 0.1095 0.1095)
(0.4891 0.1095 0.1095)
(0.5037 0.1095 0.1095)
(0.5183 0.1095 0.1095)
(0.5329 0.1095 0.1095)
(0.5475 0.1095 0.1095)
(0.5621 0.1095 0.1095)
(0.5767 0.1095 0.1095)
(0.0073 0.1241 0.1095)
(0.0219 0.1241 0.1095)
(0.0365 0.1241 0.1095)
(0.0511 0.1241 0.1095)
(0.0657 0.1241 0.1095)
(0.0803 0.1241 0.1095)
(0.0949 0.1241 0.1095)
(0.1095 0.1241 0.1095)
(0.1241 0.1241 0.1095)
(0.1387 0.1241 0.1095)
(0.1533 0.1241 0.1095)
(0.1679 0.1241 0.1095)
(0.1825 0.1241 0.1095)
(0.1971 0.1241 0.1095)
(0.2117 0.1241 0.1095)
(0.2263 0.1241 0.1095)
(0.2409 0.1241 0.1095)
(0.2555 0.1241 0.1095)
(0.2701 0.1241 0.1095)
(0.2847 0.1241 0.1095)
(0.2993 0.1241 0.1095)
(0.3139 0.1241 0.1095)
(0.3285 0.1241 0.1095)
(0.3431 0.1241 0.1095)
(0.3577 0.1241 0.1095)
(0.3723 0.1241 0.1095)
(0.3869 0.1241 0.1095)
(0.4015 0.1241 0.1095)
(0.4161 0.1241 0.1095)
(0.4307 0.1241 0.1095)
(0.4453 0.1241 0.1095)
(0.4599 0.1241 0.1095)
(0.4745 0.1241 0.1095)
(0.4891 0.1241 0.1095)
(0.5037 0.1241 0.1095)
(0.5183 0.1241 0.1095)
(0.5329 0.1241 0.1095)
(0.5475 0.1241 0.1095)
(0.5621 0.1241 0.1095)
(0.5767 0.1241 0.1095)
(0.0073 0.1387 0.1095)
(0.0219 0.1387 0.1095)
(0.0365 0.1387 0.1095)
(0.0511 0.1387 0.1095)
(0.0657 0.1387 0.1095)
(0.0803 0.1387 0.1095)
(0.0949 0.1387 0.1095)
(0.1095 0.1387 0.1095)
(0.1241 0.1387 0.1095)
(0.1387 0.1387 0.1095)
(0.1533 0.1387 0.1095)
(0.1679 0.1387 0.1095)
(0.1825 0.1387 0.1095)
(0.1971 0.1387 0.1095)
(0.2117 0.1387 0.1095)
(0.2263 0.1387 0.1095)
(0.2409 0.1387 0.1095)
(0.2555 0.1387 0.1095)
(0.2701 0.1387 0.1095)
(0.2847 0.1387 0.1095)
(0.2993 0.1387 0.1095)
(0.3139 0.1387 0.1095)
(0.3285 0.1387 0.1095)
(0.3431 0.1387 0.1095)
(0.3577 0.1387 0.1095)
(0.3723 0.1387 0.1095)
(0.3869 0.1387 0.1095)
(0.4015 0.1387 0.1095)
(0.4161 0.1387 0.1095)
(0.4307 0.1387 0.1095)
(0.4453 0.1387 0.1095)
(0.4599 0.1387 0.1095)
(0.4745 0.1387 0.1095)
(0.4891 0.1387 0.1095)
(0.5037 0.1387 0.1095)
(0.5183 0.1387 0.1095)
(0.5329 0.1387 0.1095)
(0.5475 0.1387 0.1095)
(0.5621 0.1387 0.1095)
(0.5767 0.1387 0.1095)
(0.0073 0.1533 0.1095)
(0.0219 0.1533 0.1095)
(0.0365 0.1533 0.1095)
(0.0511 0.1533 0.1095)
(0.0657 0.1533 0.1095)
(0.0803 0.1533 0.1095)
(0.0949 0.1533 0.1095)
(0.1095 0.1533 0.1095)
(0.1241 0.1533 0.1095)
(0.1387 0.1533 0.1095)
(0.1533 0.1533 0.1095)
(0.1679 0.1533 0.1095)
(0.1825 0.1533 0.1095)
(0.1971 0.1533 0.1095)
(0.2117 0.1533 0.1095)
(0.2263 0.1533 0.1095)
(0.2409 0.1533 0.1095)
(0.2555 0.1533 0.1095)
(0.2701 0.1533 0.1095)
(0.2847 0.1533 0.1095)
(0.2993 0.1533 0.1095)
(0.3139 0.1533 0.1095)
(0.3285 0.1533 0.1095)
(0.3431 0.1533 0.1095)
(0.3577 0.1533 0.1095)
(0.3723 0.1533 0.1095)
(0.3869 0.1533 0.1095)
(0.4015 0.1533 0.1095)
(0.4161 0.1533 0.1095)
(0.4307 0.1533 0.1095)
(0.4453 0.1533 0.1095)
(0.4599 0.1533 0.1095)
(0.4745 0.1533 0.1095)
(0.4891 0.1533 0.1095)
(0.5037 0.1533 0.1095)
(0.5183 0.1533 0.1095)
(0.5329 0.1533 0.1095)
(0.5475 0.1533 0.1095)
(0.5621 0.1533 0.1095)
(0.5767 0.1533 0.1095)
(0.0073 0.1679 0.1095)
(0.0219 0.1679 0.1095)
(0.0365 0.1679 0.1095)
(0.0511 0.1679 0.1095)
(0.0657 0.1679 0.1095)
(0.0803 0.1679 0.1095)
(0.0949 0.1679 0.1095)
(0.1095 0.1679 0.1095)
(0.1241 0.1679 0.1095)
(0.1387 0.1679 0.1095)
(0.1533 0.1679 0.1095)
(0.1679 0.1679 0.1095)
(0.1825 0.1679 0.1095)
(0.1971 0.1679 0.1095)
(0.2117 0.1679 0.1095)
(0.2263 0.1679 0.1095)
(0.2409 0.1679 0.1095)
(0.2555 0.1679 0.1095)
(0.2701 0.1679 0.1095)
(0.2847 0.1679 0.1095)
(0.2993 0.1679 0.1095)
(0.3139 0.1679 0.1095)
(0.3285 0.1679 0.1095)
(0.3431 0.1679 0.1095)
(0.3577 0.1679 0.1095)
(0.3723 0.1679 0.1095)
(0.3869 0.1679 0.1095)
(0.4015 0.1679 0.1095)
(0.4161 0.1679 0.1095)
(0.4307 0.1679 0.1095)
(0.4453 0.1679 0.1095)
(0.4599 0.1679 0.1095)
(0.4745 0.1679 0.1095)
(0.4891 0.1679 0.1095)
(0.5037 0.1679 0.1095)
(0.5183 0.1679 0.1095)
(0.5329 0.1679 0.1095)
(0.5475 0.1679 0.1095)
(0.5621 0.1679 0.1095)
(0.5767 0.1679 0.1095)
(0.0073 0.1825 0.1095)
(0.0219 0.1825 0.1095)
(0.0365 0.1825 0.1095)
(0.0511 0.1825 0.1095)
(0.0657 0.1825 0.1095)
(0.0803 0.1825 0.1095)
(0.0949 0.1825 0.1095)
(0.1095 0.1825 0.1095)
(0.1241 0.1825 0.1095)
(0.1387 0.1825 0.1095)
(0.1533 0.1825 0.1095)
(0.1679 0.1825 0.1095)
(0.1825 0.1825 0.1095)
(0.1971 0.1825 0.1095)
(0.2117 0.1825 0.1095)
(0.2263 0.1825 0.1095)
(0.2409 0.1825 0.1095)
(0.2555 0.1825 0.1095)
(0.2701 0.1825 0.1095)
(0.2847 0.1825 0.1095)
(0.2993 0.1825 0.1095)
(0.3139 0.1825 0.1095)
(0.3285 0.1825 0.1095)
(0.3431 0.1825 0.1095)
(0.3577 0.1825 0.1095)
(0.3723 0.1825 0.1095)
(0.3869 0.1825 0.1095)
(0.4015 0.1825 0.1095)
(0.4161 0.1825 0.1095)
(0.4307 0.1825 0.1095)
(0.4453 0.1825 0.1095)
(0.4599 0.1825 0.1095)
(0.4745 0.1825 0.1095)
(0.4891 0.1825 0.1095)
(0.5037 0.1825 0.1095)
(0.5183 0.1825 0.1095)
(0.5329 0.1825 0.1095)
(0.5475 0.1825 0.1095)
(0.5621 0.1825 0.1095)
(0.5767 0.1825 0.1095)
(0.0073 0.1971 0.1095)
(0.0219 0.1971 0.1095)
(0.0365 0.1971 0.1095)
(0.0511 0.1971 0.1095)
(0.0657 0.1971 0.1095)
(0.0803 0.1971 0.1095)
(0.0949 0.1971 0.1095)
(0.1095 0.1971 0.1095)
(0.1241 0.1971 0.1095)
(0.1387 0.1971 0.1095)
(0.1533 0.1971 0.1095)
(0.1679 0.1971 0.1095)
(0.1825 0.1971 0.1095)
(0.1971 0.1971 0.1095)
(0.2117 0.1971 0.1095)
(0.2263 0.1971 0.1095)
(0.2409 0.1971 0.1095)
(0.2555 0.1971 0.1095)
(0.2701 0.1971 0.1095)
(0.2847 0.1971 0.1095)
(0.2993 0.1971 0.1095)
(0.3139 0.1971 0.1095)
(0.3285 0.1971 0.1095)
(0.3431 0.1971 0.1095)
(0.3577 0.1971 0.1095)
(0.3723 0.1971 0.1095)
(0.3869 0.1971 0.1095)
(0.4015 0.1971 0.1095)
(0.4161 0.1971 0.1095)
(0.4307 0.1971 0.1095)
(0.4453 0.1971 0.1095)
(0.4599 0.1971 0.1095)
(0.4745 0.1971 0.1095)
(0.4891 0.1971 0.1095)
(0.5037 0.1971 0.1095)
(0.5183 0.1971 0.1095)
(0.5329 0.1971 0.1095)
(0.5475 0.1971 0.1095)
(0.5621 0.1971 0.1095)
(0.5767 0.1971 0.1095)
(0.0073 0.2117 0.1095)
(0.0219 0.2117 0.1095)
(0.0365 0.2117 0.1095)
(0.0511 0.2117 0.1095)
(0.0657 0.2117 0.1095)
(0.0803 0.2117 0.1095)
(0.0949 0.2117 0.1095)
(0.1095 0.2117 0.1095)
(0.1241 0.2117 0.1095)
(0.1387 0.2117 0.1095)
(0.1533 0.2117 0.1095)
(0.1679 0.2117 0.1095)
(0.1825 0.2117 0.1095)
(0.1971 0.2117 0.1095)
(0.2117 0.2117 0.1095)
(0.2263 0.2117 0.1095)
(0.2409 0.2117 0.1095)
(0.2555 0.2117 0.1095)
(0.2701 0.2117 0.1095)
(0.2847 0.2117 0.1095)
(0.2993 0.2117 0.1095)
(0.3139 0.2117 0.1095)
(0.3285 0.2117 0.1095)
(0.3431 0.2117 0.1095)
(0.3577 0.2117 0.1095)
(0.3723 0.2117 0.1095)
(0.3869 0.2117 0.1095)
(0.4015 0.2117 0.1095)
(0.4161 0.2117 0.1095)
(0.4307 0.2117 0.1095)
(0.4453 0.2117 0.1095)
(0.4599 0.2117 0.1095)
(0.4745 0.2117 0.1095)
(0.4891 0.2117 0.1095)
(0.5037 0.2117 0.1095)
(0.5183 0.2117 0.1095)
(0.5329 0.2117 0.1095)
(0.5475 0.2117 0.1095)
(0.5621 0.2117 0.1095)
(0.5767 0.2117 0.1095)
(0.0073 0.2263 0.1095)
(0.0219 0.2263 0.1095)
(0.0365 0.2263 0.1095)
(0.0511 0.2263 0.1095)
(0.0657 0.2263 0.1095)
(0.0803 0.2263 0.1095)
(0.0949 0.2263 0.1095)
(0.1095 0.2263 0.1095)
(0.1241 0.2263 0.1095)
(0.1387 0.2263 0.1095)
(0.1533 0.2263 0.1095)
(0.1679 0.2263 0.1095)
(0.1825 0.2263 0.1095)
(0.1971 0.2263 0.1095)
(0.2117 0.2263 0.1095)
(0.2263 0.2263 0.1095)
(0.2409 0.2263 0.1095)
(0.2555 0.2263 0.1095)
(0.2701 0.2263 0.1095)
(0.2847 0.2263 0.1095)
(0.2993 0.2263 0.1095)
(0.3139 0.2263 0.1095)
(0.3285 0.2263 0.1095)
(0.3431 0.2263 0.1095)
(0.3577 0.2263 0.1095)
(0.3723 0.2263 0.1095)
(0.3869 0.2263 0.1095)
(0.4015 0.2263 0.1095)
(0.4161 0.2263 0.1095)
(0.4307 0.2263 0.1095)
(0.4453 0.2263 0.1095)
(0.4599 0.2263 0.1095)
(0.4745 0.2263 0.1095)
(0.4891 0.2263 0.1095)
(0.5037 0.2263 0.1095)
(0.5183 0.2263 0.1095)
(0.5329 0.2263 0.1095)
(0.5475 0.2263 0.1095)
(0.5621 0.2263 0.1095)
(0.5767 0.2263 0.1095)
(0.0073 0.2409 0.1095)
(0.0219 0.2409 0.1095)
(0.0365 0.2409 0.1095)
(0.0511 0.2409 0.1095)
(0.0657 0.2409 0.1095)
(0.0803 0.2409 0.1095)
(0.0949 0.2409 0.1095)
(0.1095 0.2409 0.1095)
(0.1241 0.2409 0.1095)
(0.1387 0.2409 0.1095)
(0.1533 0.2409 0.1095)
(0.1679 0.2409 0.1095)
(0.1825 0.2409 0.1095)
(0.1971 0.2409 0.1095)
(0.2117 0.2409 0.1095)
(0.2263 0.2409 0.1095)
(0.2409 0.2409 0.1095)
(0.2555 0.2409 0.1095)
(0.2701 0.2409 0.1095)
(0.2847 0.2409 0.1095)
(0.2993 0.2409 0.1095)
(0.3139 0.2409 0.1095)
(0.3285 0.2409 0.1095)
(0.3431 0.2409 0.1095)
(0.3577 0.2409 0.1095)
(0.3723 0.2409 0.1095)
(0.3869 0.2409 0.1095)
(0.4015 0.2409 0.1095)
(0.4161 0.2409 0.1095)
(0.4307 0.2409 0.1095)
(0.4453 0.2409 0.1095)
(0.4599 0.2409 0.1095)
(0.4745 0.2409 0.1095)
(0.4891 0.2409 0.1095)
(0.5037 0.2409 0.1095)
(0.5183 0.2409 0.1095)
(0.5329 0.2409 0.1095)
(0.5475 0.2409 0.1095)
(0.5621 0.2409 0.1095)
(0.5767 0.2409 0.1095)
(0.0073 0.2555 0.1095)
(0.0219 0.2555 0.1095)
(0.0365 0.2555 0.1095)
(0.0511 0.2555 0.1095)
(0.0657 0.2555 0.1095)
(0.0803 0.2555 0.1095)
(0.0949 0.2555 0.1095)
(0.1095 0.2555 0.1095)
(0.1241 0.2555 0.1095)
(0.1387 0.2555 0.1095)
(0.1533 0.2555 0.1095)
(0.1679 0.2555 0.1095)
(0.1825 0.2555 0.1095)
(0.1971 0.2555 0.1095)
(0.2117 0.2555 0.1095)
(0.2263 0.2555 0.1095)
(0.2409 0.2555 0.1095)
(0.2555 0.2555 0.1095)
(0.2701 0.2555 0.1095)
(0.2847 0.2555 0.1095)
(0.2993 0.2555 0.1095)
(0.3139 0.2555 0.1095)
(0.3285 0.2555 0.1095)
(0.3431 0.2555 0.1095)
(0.3577 0.2555 0.1095)
(0.3723 0.2555 0.1095)
(0.3869 0.2555 0.1095)
(0.4015 0.2555 0.1095)
(0.4161 0.2555 0.1095)
(0.4307 0.2555 0.1095)
(0.4453 0.2555 0.1095)
(0.4599 0.2555 0.1095)
(0.4745 0.2555 0.1095)
(0.4891 0.2555 0.1095)
(0.5037 0.2555 0.1095)
(0.5183 0.2555 0.1095)
(0.5329 0.2555 0.1095)
(0.5475 0.2555 0.1095)
(0.5621 0.2555 0.1095)
(0.5767 0.2555 0.1095)
(0.0073 0.2701 0.1095)
(0.0219 0.2701 0.1095)
(0.0365 0.2701 0.1095)
(0.0511 0.2701 0.1095)
(0.0657 0.2701 0.1095)
(0.0803 0.2701 0.1095)
(0.0949 0.2701 0.1095)
(0.1095 0.2701 0.1095)
(0.1241 0.2701 0.1095)
(0.1387 0.2701 0.1095)
(0.1533 0.2701 0.1095)
(0.1679 0.2701 0.1095)
(0.1825 0.2701 0.1095)
(0.1971 0.2701 0.1095)
(0.2117 0.2701 0.1095)
(0.2263 0.2701 0.1095)
(0.2409 0.2701 0.1095)
(0.2555 0.2701 0.1095)
(0.2701 0.2701 0.1095)
(0.2847 0.2701 0.1095)
(0.2993 0.2701 0.1095)
(0.3139 0.2701 0.1095)
(0.3285 0.2701 0.1095)
(0.3431 0.2701 0.1095)
(0.3577 0.2701 0.1095)
(0.3723 0.2701 0.1095)
(0.3869 0.2701 0.1095)
(0.4015 0.2701 0.1095)
(0.4161 0.2701 0.1095)
(0.4307 0.2701 0.1095)
(0.4453 0.2701 0.1095)
(0.4599 0.2701 0.1095)
(0.4745 0.2701 0.1095)
(0.4891 0.2701 0.1095)
(0.5037 0.2701 0.1095)
(0.5183 0.2701 0.1095)
(0.5329 0.2701 0.1095)
(0.5475 0.2701 0.1095)
(0.5621 0.2701 0.1095)
(0.5767 0.2701 0.1095)
(0.0073 0.2847 0.1095)
(0.0219 0.2847 0.1095)
(0.0365 0.2847 0.1095)
(0.0511 0.2847 0.1095)
(0.0657 0.2847 0.1095)
(0.0803 0.2847 0.1095)
(0.0949 0.2847 0.1095)
(0.1095 0.2847 0.1095)
(0.1241 0.2847 0.1095)
(0.1387 0.2847 0.1095)
(0.1533 0.2847 0.1095)
(0.1679 0.2847 0.1095)
(0.1825 0.2847 0.1095)
(0.1971 0.2847 0.1095)
(0.2117 0.2847 0.1095)
(0.2263 0.2847 0.1095)
(0.2409 0.2847 0.1095)
(0.2555 0.2847 0.1095)
(0.2701 0.2847 0.1095)
(0.2847 0.2847 0.1095)
(0.2993 0.2847 0.1095)
(0.3139 0.2847 0.1095)
(0.3285 0.2847 0.1095)
(0.3431 0.2847 0.1095)
(0.3577 0.2847 0.1095)
(0.3723 0.2847 0.1095)
(0.3869 0.2847 0.1095)
(0.4015 0.2847 0.1095)
(0.4161 0.2847 0.1095)
(0.4307 0.2847 0.1095)
(0.4453 0.2847 0.1095)
(0.4599 0.2847 0.1095)
(0.4745 0.2847 0.1095)
(0.4891 0.2847 0.1095)
(0.5037 0.2847 0.1095)
(0.5183 0.2847 0.1095)
(0.5329 0.2847 0.1095)
(0.5475 0.2847 0.1095)
(0.5621 0.2847 0.1095)
(0.5767 0.2847 0.1095)
(0.0073 0.2993 0.1095)
(0.0219 0.2993 0.1095)
(0.0365 0.2993 0.1095)
(0.0511 0.2993 0.1095)
(0.0657 0.2993 0.1095)
(0.0803 0.2993 0.1095)
(0.0949 0.2993 0.1095)
(0.1095 0.2993 0.1095)
(0.1241 0.2993 0.1095)
(0.1387 0.2993 0.1095)
(0.1533 0.2993 0.1095)
(0.1679 0.2993 0.1095)
(0.1825 0.2993 0.1095)
(0.1971 0.2993 0.1095)
(0.2117 0.2993 0.1095)
(0.2263 0.2993 0.1095)
(0.2409 0.2993 0.1095)
(0.2555 0.2993 0.1095)
(0.2701 0.2993 0.1095)
(0.2847 0.2993 0.1095)
(0.2993 0.2993 0.1095)
(0.3139 0.2993 0.1095)
(0.3285 0.2993 0.1095)
(0.3431 0.2993 0.1095)
(0.3577 0.2993 0.1095)
(0.3723 0.2993 0.1095)
(0.3869 0.2993 0.1095)
(0.4015 0.2993 0.1095)
(0.4161 0.2993 0.1095)
(0.4307 0.2993 0.1095)
(0.4453 0.2993 0.1095)
(0.4599 0.2993 0.1095)
(0.4745 0.2993 0.1095)
(0.4891 0.2993 0.1095)
(0.5037 0.2993 0.1095)
(0.5183 0.2993 0.1095)
(0.5329 0.2993 0.1095)
(0.5475 0.2993 0.1095)
(0.5621 0.2993 0.1095)
(0.5767 0.2993 0.1095)
(0.0073 0.3139 0.1095)
(0.0219 0.3139 0.1095)
(0.0365 0.3139 0.1095)
(0.0511 0.3139 0.1095)
(0.0657 0.3139 0.1095)
(0.0803 0.3139 0.1095)
(0.0949 0.3139 0.1095)
(0.1095 0.3139 0.1095)
(0.1241 0.3139 0.1095)
(0.1387 0.3139 0.1095)
(0.1533 0.3139 0.1095)
(0.1679 0.3139 0.1095)
(0.1825 0.3139 0.1095)
(0.1971 0.3139 0.1095)
(0.2117 0.3139 0.1095)
(0.2263 0.3139 0.1095)
(0.2409 0.3139 0.1095)
(0.2555 0.3139 0.1095)
(0.2701 0.3139 0.1095)
(0.2847 0.3139 0.1095)
(0.2993 0.3139 0.1095)
(0.3139 0.3139 0.1095)
(0.3285 0.3139 0.1095)
(0.3431 0.3139 0.1095)
(0.3577 0.3139 0.1095)
(0.3723 0.3139 0.1095)
(0.3869 0.3139 0.1095)
(0.4015 0.3139 0.1095)
(0.4161 0.3139 0.1095)
(0.4307 0.3139 0.1095)
(0.4453 0.3139 0.1095)
(0.4599 0.3139 0.1095)
(0.4745 0.3139 0.1095)
(0.4891 0.3139 0.1095)
(0.5037 0.3139 0.1095)
(0.5183 0.3139 0.1095)
(0.5329 0.3139 0.1095)
(0.5475 0.3139 0.1095)
(0.5621 0.3139 0.1095)
(0.5767 0.3139 0.1095)
(0.0073 0.3285 0.1095)
(0.0219 0.3285 0.1095)
(0.0365 0.3285 0.1095)
(0.0511 0.3285 0.1095)
(0.0657 0.3285 0.1095)
(0.0803 0.3285 0.1095)
(0.0949 0.3285 0.1095)
(0.1095 0.3285 0.1095)
(0.1241 0.3285 0.1095)
(0.1387 0.3285 0.1095)
(0.1533 0.3285 0.1095)
(0.1679 0.3285 0.1095)
(0.1825 0.3285 0.1095)
(0.1971 0.3285 0.1095)
(0.2117 0.3285 0.1095)
(0.2263 0.3285 0.1095)
(0.2409 0.3285 0.1095)
(0.2555 0.3285 0.1095)
(0.2701 0.3285 0.1095)
(0.2847 0.3285 0.1095)
(0.2993 0.3285 0.1095)
(0.3139 0.3285 0.1095)
(0.3285 0.3285 0.1095)
(0.3431 0.3285 0.1095)
(0.3577 0.3285 0.1095)
(0.3723 0.3285 0.1095)
(0.3869 0.3285 0.1095)
(0.4015 0.3285 0.1095)
(0.4161 0.3285 0.1095)
(0.4307 0.3285 0.1095)
(0.4453 0.3285 0.1095)
(0.4599 0.3285 0.1095)
(0.4745 0.3285 0.1095)
(0.4891 0.3285 0.1095)
(0.5037 0.3285 0.1095)
(0.5183 0.3285 0.1095)
(0.5329 0.3285 0.1095)
(0.5475 0.3285 0.1095)
(0.5621 0.3285 0.1095)
(0.5767 0.3285 0.1095)
(0.0073 0.3431 0.1095)
(0.0219 0.3431 0.1095)
(0.0365 0.3431 0.1095)
(0.0511 0.3431 0.1095)
(0.0657 0.3431 0.1095)
(0.0803 0.3431 0.1095)
(0.0949 0.3431 0.1095)
(0.1095 0.3431 0.1095)
(0.1241 0.3431 0.1095)
(0.1387 0.3431 0.1095)
(0.1533 0.3431 0.1095)
(0.1679 0.3431 0.1095)
(0.1825 0.3431 0.1095)
(0.1971 0.3431 0.1095)
(0.2117 0.3431 0.1095)
(0.2263 0.3431 0.1095)
(0.2409 0.3431 0.1095)
(0.2555 0.3431 0.1095)
(0.2701 0.3431 0.1095)
(0.2847 0.3431 0.1095)
(0.2993 0.3431 0.1095)
(0.3139 0.3431 0.1095)
(0.3285 0.3431 0.1095)
(0.3431 0.3431 0.1095)
(0.3577 0.3431 0.1095)
(0.3723 0.3431 0.1095)
(0.3869 0.3431 0.1095)
(0.4015 0.3431 0.1095)
(0.4161 0.3431 0.1095)
(0.4307 0.3431 0.1095)
(0.4453 0.3431 0.1095)
(0.4599 0.3431 0.1095)
(0.4745 0.3431 0.1095)
(0.4891 0.3431 0.1095)
(0.5037 0.3431 0.1095)
(0.5183 0.3431 0.1095)
(0.5329 0.3431 0.1095)
(0.5475 0.3431 0.1095)
(0.5621 0.3431 0.1095)
(0.5767 0.3431 0.1095)
(0.0073 0.3577 0.1095)
(0.0219 0.3577 0.1095)
(0.0365 0.3577 0.1095)
(0.0511 0.3577 0.1095)
(0.0657 0.3577 0.1095)
(0.0803 0.3577 0.1095)
(0.0949 0.3577 0.1095)
(0.1095 0.3577 0.1095)
(0.1241 0.3577 0.1095)
(0.1387 0.3577 0.1095)
(0.1533 0.3577 0.1095)
(0.1679 0.3577 0.1095)
(0.1825 0.3577 0.1095)
(0.1971 0.3577 0.1095)
(0.2117 0.3577 0.1095)
(0.2263 0.3577 0.1095)
(0.2409 0.3577 0.1095)
(0.2555 0.3577 0.1095)
(0.2701 0.3577 0.1095)
(0.2847 0.3577 0.1095)
(0.2993 0.3577 0.1095)
(0.3139 0.3577 0.1095)
(0.3285 0.3577 0.1095)
(0.3431 0.3577 0.1095)
(0.3577 0.3577 0.1095)
(0.3723 0.3577 0.1095)
(0.3869 0.3577 0.1095)
(0.4015 0.3577 0.1095)
(0.4161 0.3577 0.1095)
(0.4307 0.3577 0.1095)
(0.4453 0.3577 0.1095)
(0.4599 0.3577 0.1095)
(0.4745 0.3577 0.1095)
(0.4891 0.3577 0.1095)
(0.5037 0.3577 0.1095)
(0.5183 0.3577 0.1095)
(0.5329 0.3577 0.1095)
(0.5475 0.3577 0.1095)
(0.5621 0.3577 0.1095)
(0.5767 0.3577 0.1095)
(0.0073 0.3723 0.1095)
(0.0219 0.3723 0.1095)
(0.0365 0.3723 0.1095)
(0.0511 0.3723 0.1095)
(0.0657 0.3723 0.1095)
(0.0803 0.3723 0.1095)
(0.0949 0.3723 0.1095)
(0.1095 0.3723 0.1095)
(0.1241 0.3723 0.1095)
(0.1387 0.3723 0.1095)
(0.1533 0.3723 0.1095)
(0.1679 0.3723 0.1095)
(0.1825 0.3723 0.1095)
(0.1971 0.3723 0.1095)
(0.2117 0.3723 0.1095)
(0.2263 0.3723 0.1095)
(0.2409 0.3723 0.1095)
(0.2555 0.3723 0.1095)
(0.2701 0.3723 0.1095)
(0.2847 0.3723 0.1095)
(0.2993 0.3723 0.1095)
(0.3139 0.3723 0.1095)
(0.3285 0.3723 0.1095)
(0.3431 0.3723 0.1095)
(0.3577 0.3723 0.1095)
(0.3723 0.3723 0.1095)
(0.3869 0.3723 0.1095)
(0.4015 0.3723 0.1095)
(0.4161 0.3723 0.1095)
(0.4307 0.3723 0.1095)
(0.4453 0.3723 0.1095)
(0.4599 0.3723 0.1095)
(0.4745 0.3723 0.1095)
(0.4891 0.3723 0.1095)
(0.5037 0.3723 0.1095)
(0.5183 0.3723 0.1095)
(0.5329 0.3723 0.1095)
(0.5475 0.3723 0.1095)
(0.5621 0.3723 0.1095)
(0.5767 0.3723 0.1095)
(0.0073 0.3869 0.1095)
(0.0219 0.3869 0.1095)
(0.0365 0.3869 0.1095)
(0.0511 0.3869 0.1095)
(0.0657 0.3869 0.1095)
(0.0803 0.3869 0.1095)
(0.0949 0.3869 0.1095)
(0.1095 0.3869 0.1095)
(0.1241 0.3869 0.1095)
(0.1387 0.3869 0.1095)
(0.1533 0.3869 0.1095)
(0.1679 0.3869 0.1095)
(0.1825 0.3869 0.1095)
(0.1971 0.3869 0.1095)
(0.2117 0.3869 0.1095)
(0.2263 0.3869 0.1095)
(0.2409 0.3869 0.1095)
(0.2555 0.3869 0.1095)
(0.2701 0.3869 0.1095)
(0.2847 0.3869 0.1095)
(0.2993 0.3869 0.1095)
(0.3139 0.3869 0.1095)
(0.3285 0.3869 0.1095)
(0.3431 0.3869 0.1095)
(0.3577 0.3869 0.1095)
(0.3723 0.3869 0.1095)
(0.3869 0.3869 0.1095)
(0.4015 0.3869 0.1095)
(0.4161 0.3869 0.1095)
(0.4307 0.3869 0.1095)
(0.4453 0.3869 0.1095)
(0.4599 0.3869 0.1095)
(0.4745 0.3869 0.1095)
(0.4891 0.3869 0.1095)
(0.5037 0.3869 0.1095)
(0.5183 0.3869 0.1095)
(0.5329 0.3869 0.1095)
(0.5475 0.3869 0.1095)
(0.5621 0.3869 0.1095)
(0.5767 0.3869 0.1095)
(0.0073 0.4015 0.1095)
(0.0219 0.4015 0.1095)
(0.0365 0.4015 0.1095)
(0.0511 0.4015 0.1095)
(0.0657 0.4015 0.1095)
(0.0803 0.4015 0.1095)
(0.0949 0.4015 0.1095)
(0.1095 0.4015 0.1095)
(0.1241 0.4015 0.1095)
(0.1387 0.4015 0.1095)
(0.1533 0.4015 0.1095)
(0.1679 0.4015 0.1095)
(0.1825 0.4015 0.1095)
(0.1971 0.4015 0.1095)
(0.2117 0.4015 0.1095)
(0.2263 0.4015 0.1095)
(0.2409 0.4015 0.1095)
(0.2555 0.4015 0.1095)
(0.2701 0.4015 0.1095)
(0.2847 0.4015 0.1095)
(0.2993 0.4015 0.1095)
(0.3139 0.4015 0.1095)
(0.3285 0.4015 0.1095)
(0.3431 0.4015 0.1095)
(0.3577 0.4015 0.1095)
(0.3723 0.4015 0.1095)
(0.3869 0.4015 0.1095)
(0.4015 0.4015 0.1095)
(0.4161 0.4015 0.1095)
(0.4307 0.4015 0.1095)
(0.4453 0.4015 0.1095)
(0.4599 0.4015 0.1095)
(0.4745 0.4015 0.1095)
(0.4891 0.4015 0.1095)
(0.5037 0.4015 0.1095)
(0.5183 0.4015 0.1095)
(0.5329 0.4015 0.1095)
(0.5475 0.4015 0.1095)
(0.5621 0.4015 0.1095)
(0.5767 0.4015 0.1095)
(0.0073 0.4161 0.1095)
(0.0219 0.4161 0.1095)
(0.0365 0.4161 0.1095)
(0.0511 0.4161 0.1095)
(0.0657 0.4161 0.1095)
(0.0803 0.4161 0.1095)
(0.0949 0.4161 0.1095)
(0.1095 0.4161 0.1095)
(0.1241 0.4161 0.1095)
(0.1387 0.4161 0.1095)
(0.1533 0.4161 0.1095)
(0.1679 0.4161 0.1095)
(0.1825 0.4161 0.1095)
(0.1971 0.4161 0.1095)
(0.2117 0.4161 0.1095)
(0.2263 0.4161 0.1095)
(0.2409 0.4161 0.1095)
(0.2555 0.4161 0.1095)
(0.2701 0.4161 0.1095)
(0.2847 0.4161 0.1095)
(0.2993 0.4161 0.1095)
(0.3139 0.4161 0.1095)
(0.3285 0.4161 0.1095)
(0.3431 0.4161 0.1095)
(0.3577 0.4161 0.1095)
(0.3723 0.4161 0.1095)
(0.3869 0.4161 0.1095)
(0.4015 0.4161 0.1095)
(0.4161 0.4161 0.1095)
(0.4307 0.4161 0.1095)
(0.4453 0.4161 0.1095)
(0.4599 0.4161 0.1095)
(0.4745 0.4161 0.1095)
(0.4891 0.4161 0.1095)
(0.5037 0.4161 0.1095)
(0.5183 0.4161 0.1095)
(0.5329 0.4161 0.1095)
(0.5475 0.4161 0.1095)
(0.5621 0.4161 0.1095)
(0.5767 0.4161 0.1095)
(0.0073 0.4307 0.1095)
(0.0219 0.4307 0.1095)
(0.0365 0.4307 0.1095)
(0.0511 0.4307 0.1095)
(0.0657 0.4307 0.1095)
(0.0803 0.4307 0.1095)
(0.0949 0.4307 0.1095)
(0.1095 0.4307 0.1095)
(0.1241 0.4307 0.1095)
(0.1387 0.4307 0.1095)
(0.1533 0.4307 0.1095)
(0.1679 0.4307 0.1095)
(0.1825 0.4307 0.1095)
(0.1971 0.4307 0.1095)
(0.2117 0.4307 0.1095)
(0.2263 0.4307 0.1095)
(0.2409 0.4307 0.1095)
(0.2555 0.4307 0.1095)
(0.2701 0.4307 0.1095)
(0.2847 0.4307 0.1095)
(0.2993 0.4307 0.1095)
(0.3139 0.4307 0.1095)
(0.3285 0.4307 0.1095)
(0.3431 0.4307 0.1095)
(0.3577 0.4307 0.1095)
(0.3723 0.4307 0.1095)
(0.3869 0.4307 0.1095)
(0.4015 0.4307 0.1095)
(0.4161 0.4307 0.1095)
(0.4307 0.4307 0.1095)
(0.4453 0.4307 0.1095)
(0.4599 0.4307 0.1095)
(0.4745 0.4307 0.1095)
(0.4891 0.4307 0.1095)
(0.5037 0.4307 0.1095)
(0.5183 0.4307 0.1095)
(0.5329 0.4307 0.1095)
(0.5475 0.4307 0.1095)
(0.5621 0.4307 0.1095)
(0.5767 0.4307 0.1095)
(0.0073 0.4453 0.1095)
(0.0219 0.4453 0.1095)
(0.0365 0.4453 0.1095)
(0.0511 0.4453 0.1095)
(0.0657 0.4453 0.1095)
(0.0803 0.4453 0.1095)
(0.0949 0.4453 0.1095)
(0.1095 0.4453 0.1095)
(0.1241 0.4453 0.1095)
(0.1387 0.4453 0.1095)
(0.1533 0.4453 0.1095)
(0.1679 0.4453 0.1095)
(0.1825 0.4453 0.1095)
(0.1971 0.4453 0.1095)
(0.2117 0.4453 0.1095)
(0.2263 0.4453 0.1095)
(0.2409 0.4453 0.1095)
(0.2555 0.4453 0.1095)
(0.2701 0.4453 0.1095)
(0.2847 0.4453 0.1095)
(0.2993 0.4453 0.1095)
(0.3139 0.4453 0.1095)
(0.3285 0.4453 0.1095)
(0.3431 0.4453 0.1095)
(0.3577 0.4453 0.1095)
(0.3723 0.4453 0.1095)
(0.3869 0.4453 0.1095)
(0.4015 0.4453 0.1095)
(0.4161 0.4453 0.1095)
(0.4307 0.4453 0.1095)
(0.4453 0.4453 0.1095)
(0.4599 0.4453 0.1095)
(0.4745 0.4453 0.1095)
(0.4891 0.4453 0.1095)
(0.5037 0.4453 0.1095)
(0.5183 0.4453 0.1095)
(0.5329 0.4453 0.1095)
(0.5475 0.4453 0.1095)
(0.5621 0.4453 0.1095)
(0.5767 0.4453 0.1095)
(0.0073 0.4599 0.1095)
(0.0219 0.4599 0.1095)
(0.0365 0.4599 0.1095)
(0.0511 0.4599 0.1095)
(0.0657 0.4599 0.1095)
(0.0803 0.4599 0.1095)
(0.0949 0.4599 0.1095)
(0.1095 0.4599 0.1095)
(0.1241 0.4599 0.1095)
(0.1387 0.4599 0.1095)
(0.1533 0.4599 0.1095)
(0.1679 0.4599 0.1095)
(0.1825 0.4599 0.1095)
(0.1971 0.4599 0.1095)
(0.2117 0.4599 0.1095)
(0.2263 0.4599 0.1095)
(0.2409 0.4599 0.1095)
(0.2555 0.4599 0.1095)
(0.2701 0.4599 0.1095)
(0.2847 0.4599 0.1095)
(0.2993 0.4599 0.1095)
(0.3139 0.4599 0.1095)
(0.3285 0.4599 0.1095)
(0.3431 0.4599 0.1095)
(0.3577 0.4599 0.1095)
(0.3723 0.4599 0.1095)
(0.3869 0.4599 0.1095)
(0.4015 0.4599 0.1095)
(0.4161 0.4599 0.1095)
(0.4307 0.4599 0.1095)
(0.4453 0.4599 0.1095)
(0.4599 0.4599 0.1095)
(0.4745 0.4599 0.1095)
(0.4891 0.4599 0.1095)
(0.5037 0.4599 0.1095)
(0.5183 0.4599 0.1095)
(0.5329 0.4599 0.1095)
(0.5475 0.4599 0.1095)
(0.5621 0.4599 0.1095)
(0.5767 0.4599 0.1095)
(0.0073 0.4745 0.1095)
(0.0219 0.4745 0.1095)
(0.0365 0.4745 0.1095)
(0.0511 0.4745 0.1095)
(0.0657 0.4745 0.1095)
(0.0803 0.4745 0.1095)
(0.0949 0.4745 0.1095)
(0.1095 0.4745 0.1095)
(0.1241 0.4745 0.1095)
(0.1387 0.4745 0.1095)
(0.1533 0.4745 0.1095)
(0.1679 0.4745 0.1095)
(0.1825 0.4745 0.1095)
(0.1971 0.4745 0.1095)
(0.2117 0.4745 0.1095)
(0.2263 0.4745 0.1095)
(0.2409 0.4745 0.1095)
(0.2555 0.4745 0.1095)
(0.2701 0.4745 0.1095)
(0.2847 0.4745 0.1095)
(0.2993 0.4745 0.1095)
(0.3139 0.4745 0.1095)
(0.3285 0.4745 0.1095)
(0.3431 0.4745 0.1095)
(0.3577 0.4745 0.1095)
(0.3723 0.4745 0.1095)
(0.3869 0.4745 0.1095)
(0.4015 0.4745 0.1095)
(0.4161 0.4745 0.1095)
(0.4307 0.4745 0.1095)
(0.4453 0.4745 0.1095)
(0.4599 0.4745 0.1095)
(0.4745 0.4745 0.1095)
(0.4891 0.4745 0.1095)
(0.5037 0.4745 0.1095)
(0.5183 0.4745 0.1095)
(0.5329 0.4745 0.1095)
(0.5475 0.4745 0.1095)
(0.5621 0.4745 0.1095)
(0.5767 0.4745 0.1095)
(0.0073 0.4891 0.1095)
(0.0219 0.4891 0.1095)
(0.0365 0.4891 0.1095)
(0.0511 0.4891 0.1095)
(0.0657 0.4891 0.1095)
(0.0803 0.4891 0.1095)
(0.0949 0.4891 0.1095)
(0.1095 0.4891 0.1095)
(0.1241 0.4891 0.1095)
(0.1387 0.4891 0.1095)
(0.1533 0.4891 0.1095)
(0.1679 0.4891 0.1095)
(0.1825 0.4891 0.1095)
(0.1971 0.4891 0.1095)
(0.2117 0.4891 0.1095)
(0.2263 0.4891 0.1095)
(0.2409 0.4891 0.1095)
(0.2555 0.4891 0.1095)
(0.2701 0.4891 0.1095)
(0.2847 0.4891 0.1095)
(0.2993 0.4891 0.1095)
(0.3139 0.4891 0.1095)
(0.3285 0.4891 0.1095)
(0.3431 0.4891 0.1095)
(0.3577 0.4891 0.1095)
(0.3723 0.4891 0.1095)
(0.3869 0.4891 0.1095)
(0.4015 0.4891 0.1095)
(0.4161 0.4891 0.1095)
(0.4307 0.4891 0.1095)
(0.4453 0.4891 0.1095)
(0.4599 0.4891 0.1095)
(0.4745 0.4891 0.1095)
(0.4891 0.4891 0.1095)
(0.5037 0.4891 0.1095)
(0.5183 0.4891 0.1095)
(0.5329 0.4891 0.1095)
(0.5475 0.4891 0.1095)
(0.5621 0.4891 0.1095)
(0.5767 0.4891 0.1095)
(0.0073 0.5037 0.1095)
(0.0219 0.5037 0.1095)
(0.0365 0.5037 0.1095)
(0.0511 0.5037 0.1095)
(0.0657 0.5037 0.1095)
(0.0803 0.5037 0.1095)
(0.0949 0.5037 0.1095)
(0.1095 0.5037 0.1095)
(0.1241 0.5037 0.1095)
(0.1387 0.5037 0.1095)
(0.1533 0.5037 0.1095)
(0.1679 0.5037 0.1095)
(0.1825 0.5037 0.1095)
(0.1971 0.5037 0.1095)
(0.2117 0.5037 0.1095)
(0.2263 0.5037 0.1095)
(0.2409 0.5037 0.1095)
(0.2555 0.5037 0.1095)
(0.2701 0.5037 0.1095)
(0.2847 0.5037 0.1095)
(0.2993 0.5037 0.1095)
(0.3139 0.5037 0.1095)
(0.3285 0.5037 0.1095)
(0.3431 0.5037 0.1095)
(0.3577 0.5037 0.1095)
(0.3723 0.5037 0.1095)
(0.3869 0.5037 0.1095)
(0.4015 0.5037 0.1095)
(0.4161 0.5037 0.1095)
(0.4307 0.5037 0.1095)
(0.4453 0.5037 0.1095)
(0.4599 0.5037 0.1095)
(0.4745 0.5037 0.1095)
(0.4891 0.5037 0.1095)
(0.5037 0.5037 0.1095)
(0.5183 0.5037 0.1095)
(0.5329 0.5037 0.1095)
(0.5475 0.5037 0.1095)
(0.5621 0.5037 0.1095)
(0.5767 0.5037 0.1095)
(0.0073 0.5183 0.1095)
(0.0219 0.5183 0.1095)
(0.0365 0.5183 0.1095)
(0.0511 0.5183 0.1095)
(0.0657 0.5183 0.1095)
(0.0803 0.5183 0.1095)
(0.0949 0.5183 0.1095)
(0.1095 0.5183 0.1095)
(0.1241 0.5183 0.1095)
(0.1387 0.5183 0.1095)
(0.1533 0.5183 0.1095)
(0.1679 0.5183 0.1095)
(0.1825 0.5183 0.1095)
(0.1971 0.5183 0.1095)
(0.2117 0.5183 0.1095)
(0.2263 0.5183 0.1095)
(0.2409 0.5183 0.1095)
(0.2555 0.5183 0.1095)
(0.2701 0.5183 0.1095)
(0.2847 0.5183 0.1095)
(0.2993 0.5183 0.1095)
(0.3139 0.5183 0.1095)
(0.3285 0.5183 0.1095)
(0.3431 0.5183 0.1095)
(0.3577 0.5183 0.1095)
(0.3723 0.5183 0.1095)
(0.3869 0.5183 0.1095)
(0.4015 0.5183 0.1095)
(0.4161 0.5183 0.1095)
(0.4307 0.5183 0.1095)
(0.4453 0.5183 0.1095)
(0.4599 0.5183 0.1095)
(0.4745 0.5183 0.1095)
(0.4891 0.5183 0.1095)
(0.5037 0.5183 0.1095)
(0.5183 0.5183 0.1095)
(0.5329 0.5183 0.1095)
(0.5475 0.5183 0.1095)
(0.5621 0.5183 0.1095)
(0.5767 0.5183 0.1095)
(0.0073 0.5329 0.1095)
(0.0219 0.5329 0.1095)
(0.0365 0.5329 0.1095)
(0.0511 0.5329 0.1095)
(0.0657 0.5329 0.1095)
(0.0803 0.5329 0.1095)
(0.0949 0.5329 0.1095)
(0.1095 0.5329 0.1095)
(0.1241 0.5329 0.1095)
(0.1387 0.5329 0.1095)
(0.1533 0.5329 0.1095)
(0.1679 0.5329 0.1095)
(0.1825 0.5329 0.1095)
(0.1971 0.5329 0.1095)
(0.2117 0.5329 0.1095)
(0.2263 0.5329 0.1095)
(0.2409 0.5329 0.1095)
(0.2555 0.5329 0.1095)
(0.2701 0.5329 0.1095)
(0.2847 0.5329 0.1095)
(0.2993 0.5329 0.1095)
(0.3139 0.5329 0.1095)
(0.3285 0.5329 0.1095)
(0.3431 0.5329 0.1095)
(0.3577 0.5329 0.1095)
(0.3723 0.5329 0.1095)
(0.3869 0.5329 0.1095)
(0.4015 0.5329 0.1095)
(0.4161 0.5329 0.1095)
(0.4307 0.5329 0.1095)
(0.4453 0.5329 0.1095)
(0.4599 0.5329 0.1095)
(0.4745 0.5329 0.1095)
(0.4891 0.5329 0.1095)
(0.5037 0.5329 0.1095)
(0.5183 0.5329 0.1095)
(0.5329 0.5329 0.1095)
(0.5475 0.5329 0.1095)
(0.5621 0.5329 0.1095)
(0.5767 0.5329 0.1095)
(0.0073 0.5475 0.1095)
(0.0219 0.5475 0.1095)
(0.0365 0.5475 0.1095)
(0.0511 0.5475 0.1095)
(0.0657 0.5475 0.1095)
(0.0803 0.5475 0.1095)
(0.0949 0.5475 0.1095)
(0.1095 0.5475 0.1095)
(0.1241 0.5475 0.1095)
(0.1387 0.5475 0.1095)
(0.1533 0.5475 0.1095)
(0.1679 0.5475 0.1095)
(0.1825 0.5475 0.1095)
(0.1971 0.5475 0.1095)
(0.2117 0.5475 0.1095)
(0.2263 0.5475 0.1095)
(0.2409 0.5475 0.1095)
(0.2555 0.5475 0.1095)
(0.2701 0.5475 0.1095)
(0.2847 0.5475 0.1095)
(0.2993 0.5475 0.1095)
(0.3139 0.5475 0.1095)
(0.3285 0.5475 0.1095)
(0.3431 0.5475 0.1095)
(0.3577 0.5475 0.1095)
(0.3723 0.5475 0.1095)
(0.3869 0.5475 0.1095)
(0.4015 0.5475 0.1095)
(0.4161 0.5475 0.1095)
(0.4307 0.5475 0.1095)
(0.4453 0.5475 0.1095)
(0.4599 0.5475 0.1095)
(0.4745 0.5475 0.1095)
(0.4891 0.5475 0.1095)
(0.5037 0.5475 0.1095)
(0.5183 0.5475 0.1095)
(0.5329 0.5475 0.1095)
(0.5475 0.5475 0.1095)
(0.5621 0.5475 0.1095)
(0.5767 0.5475 0.1095)
(0.0073 0.5621 0.1095)
(0.0219 0.5621 0.1095)
(0.0365 0.5621 0.1095)
(0.0511 0.5621 0.1095)
(0.0657 0.5621 0.1095)
(0.0803 0.5621 0.1095)
(0.0949 0.5621 0.1095)
(0.1095 0.5621 0.1095)
(0.1241 0.5621 0.1095)
(0.1387 0.5621 0.1095)
(0.1533 0.5621 0.1095)
(0.1679 0.5621 0.1095)
(0.1825 0.5621 0.1095)
(0.1971 0.5621 0.1095)
(0.2117 0.5621 0.1095)
(0.2263 0.5621 0.1095)
(0.2409 0.5621 0.1095)
(0.2555 0.5621 0.1095)
(0.2701 0.5621 0.1095)
(0.2847 0.5621 0.1095)
(0.2993 0.5621 0.1095)
(0.3139 0.5621 0.1095)
(0.3285 0.5621 0.1095)
(0.3431 0.5621 0.1095)
(0.3577 0.5621 0.1095)
(0.3723 0.5621 0.1095)
(0.3869 0.5621 0.1095)
(0.4015 0.5621 0.1095)
(0.4161 0.5621 0.1095)
(0.4307 0.5621 0.1095)
(0.4453 0.5621 0.1095)
(0.4599 0.5621 0.1095)
(0.4745 0.5621 0.1095)
(0.4891 0.5621 0.1095)
(0.5037 0.5621 0.1095)
(0.5183 0.5621 0.1095)
(0.5329 0.5621 0.1095)
(0.5475 0.5621 0.1095)
(0.5621 0.5621 0.1095)
(0.5767 0.5621 0.1095)
(0.0073 0.5767 0.1095)
(0.0219 0.5767 0.1095)
(0.0365 0.5767 0.1095)
(0.0511 0.5767 0.1095)
(0.0657 0.5767 0.1095)
(0.0803 0.5767 0.1095)
(0.0949 0.5767 0.1095)
(0.1095 0.5767 0.1095)
(0.1241 0.5767 0.1095)
(0.1387 0.5767 0.1095)
(0.1533 0.5767 0.1095)
(0.1679 0.5767 0.1095)
(0.1825 0.5767 0.1095)
(0.1971 0.5767 0.1095)
(0.2117 0.5767 0.1095)
(0.2263 0.5767 0.1095)
(0.2409 0.5767 0.1095)
(0.2555 0.5767 0.1095)
(0.2701 0.5767 0.1095)
(0.2847 0.5767 0.1095)
(0.2993 0.5767 0.1095)
(0.3139 0.5767 0.1095)
(0.3285 0.5767 0.1095)
(0.3431 0.5767 0.1095)
(0.3577 0.5767 0.1095)
(0.3723 0.5767 0.1095)
(0.3869 0.5767 0.1095)
(0.4015 0.5767 0.1095)
(0.4161 0.5767 0.1095)
(0.4307 0.5767 0.1095)
(0.4453 0.5767 0.1095)
(0.4599 0.5767 0.1095)
(0.4745 0.5767 0.1095)
(0.4891 0.5767 0.1095)
(0.5037 0.5767 0.1095)
(0.5183 0.5767 0.1095)
(0.5329 0.5767 0.1095)
(0.5475 0.5767 0.1095)
(0.5621 0.5767 0.1095)
(0.5767 0.5767 0.1095)
(0.0073 0.0073 0.1241)
(0.0219 0.0073 0.1241)
(0.0365 0.0073 0.1241)
(0.0511 0.0073 0.1241)
(0.0657 0.0073 0.1241)
(0.0803 0.0073 0.1241)
(0.0949 0.0073 0.1241)
(0.1095 0.0073 0.1241)
(0.1241 0.0073 0.1241)
(0.1387 0.0073 0.1241)
(0.1533 0.0073 0.1241)
(0.1679 0.0073 0.1241)
(0.1825 0.0073 0.1241)
(0.1971 0.0073 0.1241)
(0.2117 0.0073 0.1241)
(0.2263 0.0073 0.1241)
(0.2409 0.0073 0.1241)
(0.2555 0.0073 0.1241)
(0.2701 0.0073 0.1241)
(0.2847 0.0073 0.1241)
(0.2993 0.0073 0.1241)
(0.3139 0.0073 0.1241)
(0.3285 0.0073 0.1241)
(0.3431 0.0073 0.1241)
(0.3577 0.0073 0.1241)
(0.3723 0.0073 0.1241)
(0.3869 0.0073 0.1241)
(0.4015 0.0073 0.1241)
(0.4161 0.0073 0.1241)
(0.4307 0.0073 0.1241)
(0.4453 0.0073 0.1241)
(0.4599 0.0073 0.1241)
(0.4745 0.0073 0.1241)
(0.4891 0.0073 0.1241)
(0.5037 0.0073 0.1241)
(0.5183 0.0073 0.1241)
(0.5329 0.0073 0.1241)
(0.5475 0.0073 0.1241)
(0.5621 0.0073 0.1241)
(0.5767 0.0073 0.1241)
(0.0073 0.0219 0.1241)
(0.0219 0.0219 0.1241)
(0.0365 0.0219 0.1241)
(0.0511 0.0219 0.1241)
(0.0657 0.0219 0.1241)
(0.0803 0.0219 0.1241)
(0.0949 0.0219 0.1241)
(0.1095 0.0219 0.1241)
(0.1241 0.0219 0.1241)
(0.1387 0.0219 0.1241)
(0.1533 0.0219 0.1241)
(0.1679 0.0219 0.1241)
(0.1825 0.0219 0.1241)
(0.1971 0.0219 0.1241)
(0.2117 0.0219 0.1241)
(0.2263 0.0219 0.1241)
(0.2409 0.0219 0.1241)
(0.2555 0.0219 0.1241)
(0.2701 0.0219 0.1241)
(0.2847 0.0219 0.1241)
(0.2993 0.0219 0.1241)
(0.3139 0.0219 0.1241)
(0.3285 0.0219 0.1241)
(0.3431 0.0219 0.1241)
(0.3577 0.0219 0.1241)
(0.3723 0.0219 0.1241)
(0.3869 0.0219 0.1241)
(0.4015 0.0219 0.1241)
(0.4161 0.0219 0.1241)
(0.4307 0.0219 0.1241)
(0.4453 0.0219 0.1241)
(0.4599 0.0219 0.1241)
(0.4745 0.0219 0.1241)
(0.4891 0.0219 0.1241)
(0.5037 0.0219 0.1241)
(0.5183 0.0219 0.1241)
(0.5329 0.0219 0.1241)
(0.5475 0.0219 0.1241)
(0.5621 0.0219 0.1241)
(0.5767 0.0219 0.1241)
(0.0073 0.0365 0.1241)
(0.0219 0.0365 0.1241)
(0.0365 0.0365 0.1241)
(0.0511 0.0365 0.1241)
(0.0657 0.0365 0.1241)
(0.0803 0.0365 0.1241)
(0.0949 0.0365 0.1241)
(0.1095 0.0365 0.1241)
(0.1241 0.0365 0.1241)
(0.1387 0.0365 0.1241)
(0.1533 0.0365 0.1241)
(0.1679 0.0365 0.1241)
(0.1825 0.0365 0.1241)
(0.1971 0.0365 0.1241)
(0.2117 0.0365 0.1241)
(0.2263 0.0365 0.1241)
(0.2409 0.0365 0.1241)
(0.2555 0.0365 0.1241)
(0.2701 0.0365 0.1241)
(0.2847 0.0365 0.1241)
(0.2993 0.0365 0.1241)
(0.3139 0.0365 0.1241)
(0.3285 0.0365 0.1241)
(0.3431 0.0365 0.1241)
(0.3577 0.0365 0.1241)
(0.3723 0.0365 0.1241)
(0.3869 0.0365 0.1241)
(0.4015 0.0365 0.1241)
(0.4161 0.0365 0.1241)
(0.4307 0.0365 0.1241)
(0.4453 0.0365 0.1241)
(0.4599 0.0365 0.1241)
(0.4745 0.0365 0.1241)
(0.4891 0.0365 0.1241)
(0.5037 0.0365 0.1241)
(0.5183 0.0365 0.1241)
(0.5329 0.0365 0.1241)
(0.5475 0.0365 0.1241)
(0.5621 0.0365 0.1241)
(0.5767 0.0365 0.1241)
(0.0073 0.0511 0.1241)
(0.0219 0.0511 0.1241)
(0.0365 0.0511 0.1241)
(0.0511 0.0511 0.1241)
(0.0657 0.0511 0.1241)
(0.0803 0.0511 0.1241)
(0.0949 0.0511 0.1241)
(0.1095 0.0511 0.1241)
(0.1241 0.0511 0.1241)
(0.1387 0.0511 0.1241)
(0.1533 0.0511 0.1241)
(0.1679 0.0511 0.1241)
(0.1825 0.0511 0.1241)
(0.1971 0.0511 0.1241)
(0.2117 0.0511 0.1241)
(0.2263 0.0511 0.1241)
(0.2409 0.0511 0.1241)
(0.2555 0.0511 0.1241)
(0.2701 0.0511 0.1241)
(0.2847 0.0511 0.1241)
(0.2993 0.0511 0.1241)
(0.3139 0.0511 0.1241)
(0.3285 0.0511 0.1241)
(0.3431 0.0511 0.1241)
(0.3577 0.0511 0.1241)
(0.3723 0.0511 0.1241)
(0.3869 0.0511 0.1241)
(0.4015 0.0511 0.1241)
(0.4161 0.0511 0.1241)
(0.4307 0.0511 0.1241)
(0.4453 0.0511 0.1241)
(0.4599 0.0511 0.1241)
(0.4745 0.0511 0.1241)
(0.4891 0.0511 0.1241)
(0.5037 0.0511 0.1241)
(0.5183 0.0511 0.1241)
(0.5329 0.0511 0.1241)
(0.5475 0.0511 0.1241)
(0.5621 0.0511 0.1241)
(0.5767 0.0511 0.1241)
(0.0073 0.0657 0.1241)
(0.0219 0.0657 0.1241)
(0.0365 0.0657 0.1241)
(0.0511 0.0657 0.1241)
(0.0657 0.0657 0.1241)
(0.0803 0.0657 0.1241)
(0.0949 0.0657 0.1241)
(0.1095 0.0657 0.1241)
(0.1241 0.0657 0.1241)
(0.1387 0.0657 0.1241)
(0.1533 0.0657 0.1241)
(0.1679 0.0657 0.1241)
(0.1825 0.0657 0.1241)
(0.1971 0.0657 0.1241)
(0.2117 0.0657 0.1241)
(0.2263 0.0657 0.1241)
(0.2409 0.0657 0.1241)
(0.2555 0.0657 0.1241)
(0.2701 0.0657 0.1241)
(0.2847 0.0657 0.1241)
(0.2993 0.0657 0.1241)
(0.3139 0.0657 0.1241)
(0.3285 0.0657 0.1241)
(0.3431 0.0657 0.1241)
(0.3577 0.0657 0.1241)
(0.3723 0.0657 0.1241)
(0.3869 0.0657 0.1241)
(0.4015 0.0657 0.1241)
(0.4161 0.0657 0.1241)
(0.4307 0.0657 0.1241)
(0.4453 0.0657 0.1241)
(0.4599 0.0657 0.1241)
(0.4745 0.0657 0.1241)
(0.4891 0.0657 0.1241)
(0.5037 0.0657 0.1241)
(0.5183 0.0657 0.1241)
(0.5329 0.0657 0.1241)
(0.5475 0.0657 0.1241)
(0.5621 0.0657 0.1241)
(0.5767 0.0657 0.1241)
(0.0073 0.0803 0.1241)
(0.0219 0.0803 0.1241)
(0.0365 0.0803 0.1241)
(0.0511 0.0803 0.1241)
(0.0657 0.0803 0.1241)
(0.0803 0.0803 0.1241)
(0.0949 0.0803 0.1241)
(0.1095 0.0803 0.1241)
(0.1241 0.0803 0.1241)
(0.1387 0.0803 0.1241)
(0.1533 0.0803 0.1241)
(0.1679 0.0803 0.1241)
(0.1825 0.0803 0.1241)
(0.1971 0.0803 0.1241)
(0.2117 0.0803 0.1241)
(0.2263 0.0803 0.1241)
(0.2409 0.0803 0.1241)
(0.2555 0.0803 0.1241)
(0.2701 0.0803 0.1241)
(0.2847 0.0803 0.1241)
(0.2993 0.0803 0.1241)
(0.3139 0.0803 0.1241)
(0.3285 0.0803 0.1241)
(0.3431 0.0803 0.1241)
(0.3577 0.0803 0.1241)
(0.3723 0.0803 0.1241)
(0.3869 0.0803 0.1241)
(0.4015 0.0803 0.1241)
(0.4161 0.0803 0.1241)
(0.4307 0.0803 0.1241)
(0.4453 0.0803 0.1241)
(0.4599 0.0803 0.1241)
(0.4745 0.0803 0.1241)
(0.4891 0.0803 0.1241)
(0.5037 0.0803 0.1241)
(0.5183 0.0803 0.1241)
(0.5329 0.0803 0.1241)
(0.5475 0.0803 0.1241)
(0.5621 0.0803 0.1241)
(0.5767 0.0803 0.1241)
(0.0073 0.0949 0.1241)
(0.0219 0.0949 0.1241)
(0.0365 0.0949 0.1241)
(0.0511 0.0949 0.1241)
(0.0657 0.0949 0.1241)
(0.0803 0.0949 0.1241)
(0.0949 0.0949 0.1241)
(0.1095 0.0949 0.1241)
(0.1241 0.0949 0.1241)
(0.1387 0.0949 0.1241)
(0.1533 0.0949 0.1241)
(0.1679 0.0949 0.1241)
(0.1825 0.0949 0.1241)
(0.1971 0.0949 0.1241)
(0.2117 0.0949 0.1241)
(0.2263 0.0949 0.1241)
(0.2409 0.0949 0.1241)
(0.2555 0.0949 0.1241)
(0.2701 0.0949 0.1241)
(0.2847 0.0949 0.1241)
(0.2993 0.0949 0.1241)
(0.3139 0.0949 0.1241)
(0.3285 0.0949 0.1241)
(0.3431 0.0949 0.1241)
(0.3577 0.0949 0.1241)
(0.3723 0.0949 0.1241)
(0.3869 0.0949 0.1241)
(0.4015 0.0949 0.1241)
(0.4161 0.0949 0.1241)
(0.4307 0.0949 0.1241)
(0.4453 0.0949 0.1241)
(0.4599 0.0949 0.1241)
(0.4745 0.0949 0.1241)
(0.4891 0.0949 0.1241)
(0.5037 0.0949 0.1241)
(0.5183 0.0949 0.1241)
(0.5329 0.0949 0.1241)
(0.5475 0.0949 0.1241)
(0.5621 0.0949 0.1241)
(0.5767 0.0949 0.1241)
(0.0073 0.1095 0.1241)
(0.0219 0.1095 0.1241)
(0.0365 0.1095 0.1241)
(0.0511 0.1095 0.1241)
(0.0657 0.1095 0.1241)
(0.0803 0.1095 0.1241)
(0.0949 0.1095 0.1241)
(0.1095 0.1095 0.1241)
(0.1241 0.1095 0.1241)
(0.1387 0.1095 0.1241)
(0.1533 0.1095 0.1241)
(0.1679 0.1095 0.1241)
(0.1825 0.1095 0.1241)
(0.1971 0.1095 0.1241)
(0.2117 0.1095 0.1241)
(0.2263 0.1095 0.1241)
(0.2409 0.1095 0.1241)
(0.2555 0.1095 0.1241)
(0.2701 0.1095 0.1241)
(0.2847 0.1095 0.1241)
(0.2993 0.1095 0.1241)
(0.3139 0.1095 0.1241)
(0.3285 0.1095 0.1241)
(0.3431 0.1095 0.1241)
(0.3577 0.1095 0.1241)
(0.3723 0.1095 0.1241)
(0.3869 0.1095 0.1241)
(0.4015 0.1095 0.1241)
(0.4161 0.1095 0.1241)
(0.4307 0.1095 0.1241)
(0.4453 0.1095 0.1241)
(0.4599 0.1095 0.1241)
(0.4745 0.1095 0.1241)
(0.4891 0.1095 0.1241)
(0.5037 0.1095 0.1241)
(0.5183 0.1095 0.1241)
(0.5329 0.1095 0.1241)
(0.5475 0.1095 0.1241)
(0.5621 0.1095 0.1241)
(0.5767 0.1095 0.1241)
(0.0073 0.1241 0.1241)
(0.0219 0.1241 0.1241)
(0.0365 0.1241 0.1241)
(0.0511 0.1241 0.1241)
(0.0657 0.1241 0.1241)
(0.0803 0.1241 0.1241)
(0.0949 0.1241 0.1241)
(0.1095 0.1241 0.1241)
(0.1241 0.1241 0.1241)
(0.1387 0.1241 0.1241)
(0.1533 0.1241 0.1241)
(0.1679 0.1241 0.1241)
(0.1825 0.1241 0.1241)
(0.1971 0.1241 0.1241)
(0.2117 0.1241 0.1241)
(0.2263 0.1241 0.1241)
(0.2409 0.1241 0.1241)
(0.2555 0.1241 0.1241)
(0.2701 0.1241 0.1241)
(0.2847 0.1241 0.1241)
(0.2993 0.1241 0.1241)
(0.3139 0.1241 0.1241)
(0.3285 0.1241 0.1241)
(0.3431 0.1241 0.1241)
(0.3577 0.1241 0.1241)
(0.3723 0.1241 0.1241)
(0.3869 0.1241 0.1241)
(0.4015 0.1241 0.1241)
(0.4161 0.1241 0.1241)
(0.4307 0.1241 0.1241)
(0.4453 0.1241 0.1241)
(0.4599 0.1241 0.1241)
(0.4745 0.1241 0.1241)
(0.4891 0.1241 0.1241)
(0.5037 0.1241 0.1241)
(0.5183 0.1241 0.1241)
(0.5329 0.1241 0.1241)
(0.5475 0.1241 0.1241)
(0.5621 0.1241 0.1241)
(0.5767 0.1241 0.1241)
(0.0073 0.1387 0.1241)
(0.0219 0.1387 0.1241)
(0.0365 0.1387 0.1241)
(0.0511 0.1387 0.1241)
(0.0657 0.1387 0.1241)
(0.0803 0.1387 0.1241)
(0.0949 0.1387 0.1241)
(0.1095 0.1387 0.1241)
(0.1241 0.1387 0.1241)
(0.1387 0.1387 0.1241)
(0.1533 0.1387 0.1241)
(0.1679 0.1387 0.1241)
(0.1825 0.1387 0.1241)
(0.1971 0.1387 0.1241)
(0.2117 0.1387 0.1241)
(0.2263 0.1387 0.1241)
(0.2409 0.1387 0.1241)
(0.2555 0.1387 0.1241)
(0.2701 0.1387 0.1241)
(0.2847 0.1387 0.1241)
(0.2993 0.1387 0.1241)
(0.3139 0.1387 0.1241)
(0.3285 0.1387 0.1241)
(0.3431 0.1387 0.1241)
(0.3577 0.1387 0.1241)
(0.3723 0.1387 0.1241)
(0.3869 0.1387 0.1241)
(0.4015 0.1387 0.1241)
(0.4161 0.1387 0.1241)
(0.4307 0.1387 0.1241)
(0.4453 0.1387 0.1241)
(0.4599 0.1387 0.1241)
(0.4745 0.1387 0.1241)
(0.4891 0.1387 0.1241)
(0.5037 0.1387 0.1241)
(0.5183 0.1387 0.1241)
(0.5329 0.1387 0.1241)
(0.5475 0.1387 0.1241)
(0.5621 0.1387 0.1241)
(0.5767 0.1387 0.1241)
(0.0073 0.1533 0.1241)
(0.0219 0.1533 0.1241)
(0.0365 0.1533 0.1241)
(0.0511 0.1533 0.1241)
(0.0657 0.1533 0.1241)
(0.0803 0.1533 0.1241)
(0.0949 0.1533 0.1241)
(0.1095 0.1533 0.1241)
(0.1241 0.1533 0.1241)
(0.1387 0.1533 0.1241)
(0.1533 0.1533 0.1241)
(0.1679 0.1533 0.1241)
(0.1825 0.1533 0.1241)
(0.1971 0.1533 0.1241)
(0.2117 0.1533 0.1241)
(0.2263 0.1533 0.1241)
(0.2409 0.1533 0.1241)
(0.2555 0.1533 0.1241)
(0.2701 0.1533 0.1241)
(0.2847 0.1533 0.1241)
(0.2993 0.1533 0.1241)
(0.3139 0.1533 0.1241)
(0.3285 0.1533 0.1241)
(0.3431 0.1533 0.1241)
(0.3577 0.1533 0.1241)
(0.3723 0.1533 0.1241)
(0.3869 0.1533 0.1241)
(0.4015 0.1533 0.1241)
(0.4161 0.1533 0.1241)
(0.4307 0.1533 0.1241)
(0.4453 0.1533 0.1241)
(0.4599 0.1533 0.1241)
(0.4745 0.1533 0.1241)
(0.4891 0.1533 0.1241)
(0.5037 0.1533 0.1241)
(0.5183 0.1533 0.1241)
(0.5329 0.1533 0.1241)
(0.5475 0.1533 0.1241)
(0.5621 0.1533 0.1241)
(0.5767 0.1533 0.1241)
(0.0073 0.1679 0.1241)
(0.0219 0.1679 0.1241)
(0.0365 0.1679 0.1241)
(0.0511 0.1679 0.1241)
(0.0657 0.1679 0.1241)
(0.0803 0.1679 0.1241)
(0.0949 0.1679 0.1241)
(0.1095 0.1679 0.1241)
(0.1241 0.1679 0.1241)
(0.1387 0.1679 0.1241)
(0.1533 0.1679 0.1241)
(0.1679 0.1679 0.1241)
(0.1825 0.1679 0.1241)
(0.1971 0.1679 0.1241)
(0.2117 0.1679 0.1241)
(0.2263 0.1679 0.1241)
(0.2409 0.1679 0.1241)
(0.2555 0.1679 0.1241)
(0.2701 0.1679 0.1241)
(0.2847 0.1679 0.1241)
(0.2993 0.1679 0.1241)
(0.3139 0.1679 0.1241)
(0.3285 0.1679 0.1241)
(0.3431 0.1679 0.1241)
(0.3577 0.1679 0.1241)
(0.3723 0.1679 0.1241)
(0.3869 0.1679 0.1241)
(0.4015 0.1679 0.1241)
(0.4161 0.1679 0.1241)
(0.4307 0.1679 0.1241)
(0.4453 0.1679 0.1241)
(0.4599 0.1679 0.1241)
(0.4745 0.1679 0.1241)
(0.4891 0.1679 0.1241)
(0.5037 0.1679 0.1241)
(0.5183 0.1679 0.1241)
(0.5329 0.1679 0.1241)
(0.5475 0.1679 0.1241)
(0.5621 0.1679 0.1241)
(0.5767 0.1679 0.1241)
(0.0073 0.1825 0.1241)
(0.0219 0.1825 0.1241)
(0.0365 0.1825 0.1241)
(0.0511 0.1825 0.1241)
(0.0657 0.1825 0.1241)
(0.0803 0.1825 0.1241)
(0.0949 0.1825 0.1241)
(0.1095 0.1825 0.1241)
(0.1241 0.1825 0.1241)
(0.1387 0.1825 0.1241)
(0.1533 0.1825 0.1241)
(0.1679 0.1825 0.1241)
(0.1825 0.1825 0.1241)
(0.1971 0.1825 0.1241)
(0.2117 0.1825 0.1241)
(0.2263 0.1825 0.1241)
(0.2409 0.1825 0.1241)
(0.2555 0.1825 0.1241)
(0.2701 0.1825 0.1241)
(0.2847 0.1825 0.1241)
(0.2993 0.1825 0.1241)
(0.3139 0.1825 0.1241)
(0.3285 0.1825 0.1241)
(0.3431 0.1825 0.1241)
(0.3577 0.1825 0.1241)
(0.3723 0.1825 0.1241)
(0.3869 0.1825 0.1241)
(0.4015 0.1825 0.1241)
(0.4161 0.1825 0.1241)
(0.4307 0.1825 0.1241)
(0.4453 0.1825 0.1241)
(0.4599 0.1825 0.1241)
(0.4745 0.1825 0.1241)
(0.4891 0.1825 0.1241)
(0.5037 0.1825 0.1241)
(0.5183 0.1825 0.1241)
(0.5329 0.1825 0.1241)
(0.5475 0.1825 0.1241)
(0.5621 0.1825 0.1241)
(0.5767 0.1825 0.1241)
(0.0073 0.1971 0.1241)
(0.0219 0.1971 0.1241)
(0.0365 0.1971 0.1241)
(0.0511 0.1971 0.1241)
(0.0657 0.1971 0.1241)
(0.0803 0.1971 0.1241)
(0.0949 0.1971 0.1241)
(0.1095 0.1971 0.1241)
(0.1241 0.1971 0.1241)
(0.1387 0.1971 0.1241)
(0.1533 0.1971 0.1241)
(0.1679 0.1971 0.1241)
(0.1825 0.1971 0.1241)
(0.1971 0.1971 0.1241)
(0.2117 0.1971 0.1241)
(0.2263 0.1971 0.1241)
(0.2409 0.1971 0.1241)
(0.2555 0.1971 0.1241)
(0.2701 0.1971 0.1241)
(0.2847 0.1971 0.1241)
(0.2993 0.1971 0.1241)
(0.3139 0.1971 0.1241)
(0.3285 0.1971 0.1241)
(0.3431 0.1971 0.1241)
(0.3577 0.1971 0.1241)
(0.3723 0.1971 0.1241)
(0.3869 0.1971 0.1241)
(0.4015 0.1971 0.1241)
(0.4161 0.1971 0.1241)
(0.4307 0.1971 0.1241)
(0.4453 0.1971 0.1241)
(0.4599 0.1971 0.1241)
(0.4745 0.1971 0.1241)
(0.4891 0.1971 0.1241)
(0.5037 0.1971 0.1241)
(0.5183 0.1971 0.1241)
(0.5329 0.1971 0.1241)
(0.5475 0.1971 0.1241)
(0.5621 0.1971 0.1241)
(0.5767 0.1971 0.1241)
(0.0073 0.2117 0.1241)
(0.0219 0.2117 0.1241)
(0.0365 0.2117 0.1241)
(0.0511 0.2117 0.1241)
(0.0657 0.2117 0.1241)
(0.0803 0.2117 0.1241)
(0.0949 0.2117 0.1241)
(0.1095 0.2117 0.1241)
(0.1241 0.2117 0.1241)
(0.1387 0.2117 0.1241)
(0.1533 0.2117 0.1241)
(0.1679 0.2117 0.1241)
(0.1825 0.2117 0.1241)
(0.1971 0.2117 0.1241)
(0.2117 0.2117 0.1241)
(0.2263 0.2117 0.1241)
(0.2409 0.2117 0.1241)
(0.2555 0.2117 0.1241)
(0.2701 0.2117 0.1241)
(0.2847 0.2117 0.1241)
(0.2993 0.2117 0.1241)
(0.3139 0.2117 0.1241)
(0.3285 0.2117 0.1241)
(0.3431 0.2117 0.1241)
(0.3577 0.2117 0.1241)
(0.3723 0.2117 0.1241)
(0.3869 0.2117 0.1241)
(0.4015 0.2117 0.1241)
(0.4161 0.2117 0.1241)
(0.4307 0.2117 0.1241)
(0.4453 0.2117 0.1241)
(0.4599 0.2117 0.1241)
(0.4745 0.2117 0.1241)
(0.4891 0.2117 0.1241)
(0.5037 0.2117 0.1241)
(0.5183 0.2117 0.1241)
(0.5329 0.2117 0.1241)
(0.5475 0.2117 0.1241)
(0.5621 0.2117 0.1241)
(0.5767 0.2117 0.1241)
(0.0073 0.2263 0.1241)
(0.0219 0.2263 0.1241)
(0.0365 0.2263 0.1241)
(0.0511 0.2263 0.1241)
(0.0657 0.2263 0.1241)
(0.0803 0.2263 0.1241)
(0.0949 0.2263 0.1241)
(0.1095 0.2263 0.1241)
(0.1241 0.2263 0.1241)
(0.1387 0.2263 0.1241)
(0.1533 0.2263 0.1241)
(0.1679 0.2263 0.1241)
(0.1825 0.2263 0.1241)
(0.1971 0.2263 0.1241)
(0.2117 0.2263 0.1241)
(0.2263 0.2263 0.1241)
(0.2409 0.2263 0.1241)
(0.2555 0.2263 0.1241)
(0.2701 0.2263 0.1241)
(0.2847 0.2263 0.1241)
(0.2993 0.2263 0.1241)
(0.3139 0.2263 0.1241)
(0.3285 0.2263 0.1241)
(0.3431 0.2263 0.1241)
(0.3577 0.2263 0.1241)
(0.3723 0.2263 0.1241)
(0.3869 0.2263 0.1241)
(0.4015 0.2263 0.1241)
(0.4161 0.2263 0.1241)
(0.4307 0.2263 0.1241)
(0.4453 0.2263 0.1241)
(0.4599 0.2263 0.1241)
(0.4745 0.2263 0.1241)
(0.4891 0.2263 0.1241)
(0.5037 0.2263 0.1241)
(0.5183 0.2263 0.1241)
(0.5329 0.2263 0.1241)
(0.5475 0.2263 0.1241)
(0.5621 0.2263 0.1241)
(0.5767 0.2263 0.1241)
(0.0073 0.2409 0.1241)
(0.0219 0.2409 0.1241)
(0.0365 0.2409 0.1241)
(0.0511 0.2409 0.1241)
(0.0657 0.2409 0.1241)
(0.0803 0.2409 0.1241)
(0.0949 0.2409 0.1241)
(0.1095 0.2409 0.1241)
(0.1241 0.2409 0.1241)
(0.1387 0.2409 0.1241)
(0.1533 0.2409 0.1241)
(0.1679 0.2409 0.1241)
(0.1825 0.2409 0.1241)
(0.1971 0.2409 0.1241)
(0.2117 0.2409 0.1241)
(0.2263 0.2409 0.1241)
(0.2409 0.2409 0.1241)
(0.2555 0.2409 0.1241)
(0.2701 0.2409 0.1241)
(0.2847 0.2409 0.1241)
(0.2993 0.2409 0.1241)
(0.3139 0.2409 0.1241)
(0.3285 0.2409 0.1241)
(0.3431 0.2409 0.1241)
(0.3577 0.2409 0.1241)
(0.3723 0.2409 0.1241)
(0.3869 0.2409 0.1241)
(0.4015 0.2409 0.1241)
(0.4161 0.2409 0.1241)
(0.4307 0.2409 0.1241)
(0.4453 0.2409 0.1241)
(0.4599 0.2409 0.1241)
(0.4745 0.2409 0.1241)
(0.4891 0.2409 0.1241)
(0.5037 0.2409 0.1241)
(0.5183 0.2409 0.1241)
(0.5329 0.2409 0.1241)
(0.5475 0.2409 0.1241)
(0.5621 0.2409 0.1241)
(0.5767 0.2409 0.1241)
(0.0073 0.2555 0.1241)
(0.0219 0.2555 0.1241)
(0.0365 0.2555 0.1241)
(0.0511 0.2555 0.1241)
(0.0657 0.2555 0.1241)
(0.0803 0.2555 0.1241)
(0.0949 0.2555 0.1241)
(0.1095 0.2555 0.1241)
(0.1241 0.2555 0.1241)
(0.1387 0.2555 0.1241)
(0.1533 0.2555 0.1241)
(0.1679 0.2555 0.1241)
(0.1825 0.2555 0.1241)
(0.1971 0.2555 0.1241)
(0.2117 0.2555 0.1241)
(0.2263 0.2555 0.1241)
(0.2409 0.2555 0.1241)
(0.2555 0.2555 0.1241)
(0.2701 0.2555 0.1241)
(0.2847 0.2555 0.1241)
(0.2993 0.2555 0.1241)
(0.3139 0.2555 0.1241)
(0.3285 0.2555 0.1241)
(0.3431 0.2555 0.1241)
(0.3577 0.2555 0.1241)
(0.3723 0.2555 0.1241)
(0.3869 0.2555 0.1241)
(0.4015 0.2555 0.1241)
(0.4161 0.2555 0.1241)
(0.4307 0.2555 0.1241)
(0.4453 0.2555 0.1241)
(0.4599 0.2555 0.1241)
(0.4745 0.2555 0.1241)
(0.4891 0.2555 0.1241)
(0.5037 0.2555 0.1241)
(0.5183 0.2555 0.1241)
(0.5329 0.2555 0.1241)
(0.5475 0.2555 0.1241)
(0.5621 0.2555 0.1241)
(0.5767 0.2555 0.1241)
(0.0073 0.2701 0.1241)
(0.0219 0.2701 0.1241)
(0.0365 0.2701 0.1241)
(0.0511 0.2701 0.1241)
(0.0657 0.2701 0.1241)
(0.0803 0.2701 0.1241)
(0.0949 0.2701 0.1241)
(0.1095 0.2701 0.1241)
(0.1241 0.2701 0.1241)
(0.1387 0.2701 0.1241)
(0.1533 0.2701 0.1241)
(0.1679 0.2701 0.1241)
(0.1825 0.2701 0.1241)
(0.1971 0.2701 0.1241)
(0.2117 0.2701 0.1241)
(0.2263 0.2701 0.1241)
(0.2409 0.2701 0.1241)
(0.2555 0.2701 0.1241)
(0.2701 0.2701 0.1241)
(0.2847 0.2701 0.1241)
(0.2993 0.2701 0.1241)
(0.3139 0.2701 0.1241)
(0.3285 0.2701 0.1241)
(0.3431 0.2701 0.1241)
(0.3577 0.2701 0.1241)
(0.3723 0.2701 0.1241)
(0.3869 0.2701 0.1241)
(0.4015 0.2701 0.1241)
(0.4161 0.2701 0.1241)
(0.4307 0.2701 0.1241)
(0.4453 0.2701 0.1241)
(0.4599 0.2701 0.1241)
(0.4745 0.2701 0.1241)
(0.4891 0.2701 0.1241)
(0.5037 0.2701 0.1241)
(0.5183 0.2701 0.1241)
(0.5329 0.2701 0.1241)
(0.5475 0.2701 0.1241)
(0.5621 0.2701 0.1241)
(0.5767 0.2701 0.1241)
(0.0073 0.2847 0.1241)
(0.0219 0.2847 0.1241)
(0.0365 0.2847 0.1241)
(0.0511 0.2847 0.1241)
(0.0657 0.2847 0.1241)
(0.0803 0.2847 0.1241)
(0.0949 0.2847 0.1241)
(0.1095 0.2847 0.1241)
(0.1241 0.2847 0.1241)
(0.1387 0.2847 0.1241)
(0.1533 0.2847 0.1241)
(0.1679 0.2847 0.1241)
(0.1825 0.2847 0.1241)
(0.1971 0.2847 0.1241)
(0.2117 0.2847 0.1241)
(0.2263 0.2847 0.1241)
(0.2409 0.2847 0.1241)
(0.2555 0.2847 0.1241)
(0.2701 0.2847 0.1241)
(0.2847 0.2847 0.1241)
(0.2993 0.2847 0.1241)
(0.3139 0.2847 0.1241)
(0.3285 0.2847 0.1241)
(0.3431 0.2847 0.1241)
(0.3577 0.2847 0.1241)
(0.3723 0.2847 0.1241)
(0.3869 0.2847 0.1241)
(0.4015 0.2847 0.1241)
(0.4161 0.2847 0.1241)
(0.4307 0.2847 0.1241)
(0.4453 0.2847 0.1241)
(0.4599 0.2847 0.1241)
(0.4745 0.2847 0.1241)
(0.4891 0.2847 0.1241)
(0.5037 0.2847 0.1241)
(0.5183 0.2847 0.1241)
(0.5329 0.2847 0.1241)
(0.5475 0.2847 0.1241)
(0.5621 0.2847 0.1241)
(0.5767 0.2847 0.1241)
(0.0073 0.2993 0.1241)
(0.0219 0.2993 0.1241)
(0.0365 0.2993 0.1241)
(0.0511 0.2993 0.1241)
(0.0657 0.2993 0.1241)
(0.0803 0.2993 0.1241)
(0.0949 0.2993 0.1241)
(0.1095 0.2993 0.1241)
(0.1241 0.2993 0.1241)
(0.1387 0.2993 0.1241)
(0.1533 0.2993 0.1241)
(0.1679 0.2993 0.1241)
(0.1825 0.2993 0.1241)
(0.1971 0.2993 0.1241)
(0.2117 0.2993 0.1241)
(0.2263 0.2993 0.1241)
(0.2409 0.2993 0.1241)
(0.2555 0.2993 0.1241)
(0.2701 0.2993 0.1241)
(0.2847 0.2993 0.1241)
(0.2993 0.2993 0.1241)
(0.3139 0.2993 0.1241)
(0.3285 0.2993 0.1241)
(0.3431 0.2993 0.1241)
(0.3577 0.2993 0.1241)
(0.3723 0.2993 0.1241)
(0.3869 0.2993 0.1241)
(0.4015 0.2993 0.1241)
(0.4161 0.2993 0.1241)
(0.4307 0.2993 0.1241)
(0.4453 0.2993 0.1241)
(0.4599 0.2993 0.1241)
(0.4745 0.2993 0.1241)
(0.4891 0.2993 0.1241)
(0.5037 0.2993 0.1241)
(0.5183 0.2993 0.1241)
(0.5329 0.2993 0.1241)
(0.5475 0.2993 0.1241)
(0.5621 0.2993 0.1241)
(0.5767 0.2993 0.1241)
(0.0073 0.3139 0.1241)
(0.0219 0.3139 0.1241)
(0.0365 0.3139 0.1241)
(0.0511 0.3139 0.1241)
(0.0657 0.3139 0.1241)
(0.0803 0.3139 0.1241)
(0.0949 0.3139 0.1241)
(0.1095 0.3139 0.1241)
(0.1241 0.3139 0.1241)
(0.1387 0.3139 0.1241)
(0.1533 0.3139 0.1241)
(0.1679 0.3139 0.1241)
(0.1825 0.3139 0.1241)
(0.1971 0.3139 0.1241)
(0.2117 0.3139 0.1241)
(0.2263 0.3139 0.1241)
(0.2409 0.3139 0.1241)
(0.2555 0.3139 0.1241)
(0.2701 0.3139 0.1241)
(0.2847 0.3139 0.1241)
(0.2993 0.3139 0.1241)
(0.3139 0.3139 0.1241)
(0.3285 0.3139 0.1241)
(0.3431 0.3139 0.1241)
(0.3577 0.3139 0.1241)
(0.3723 0.3139 0.1241)
(0.3869 0.3139 0.1241)
(0.4015 0.3139 0.1241)
(0.4161 0.3139 0.1241)
(0.4307 0.3139 0.1241)
(0.4453 0.3139 0.1241)
(0.4599 0.3139 0.1241)
(0.4745 0.3139 0.1241)
(0.4891 0.3139 0.1241)
(0.5037 0.3139 0.1241)
(0.5183 0.3139 0.1241)
(0.5329 0.3139 0.1241)
(0.5475 0.3139 0.1241)
(0.5621 0.3139 0.1241)
(0.5767 0.3139 0.1241)
(0.0073 0.3285 0.1241)
(0.0219 0.3285 0.1241)
(0.0365 0.3285 0.1241)
(0.0511 0.3285 0.1241)
(0.0657 0.3285 0.1241)
(0.0803 0.3285 0.1241)
(0.0949 0.3285 0.1241)
(0.1095 0.3285 0.1241)
(0.1241 0.3285 0.1241)
(0.1387 0.3285 0.1241)
(0.1533 0.3285 0.1241)
(0.1679 0.3285 0.1241)
(0.1825 0.3285 0.1241)
(0.1971 0.3285 0.1241)
(0.2117 0.3285 0.1241)
(0.2263 0.3285 0.1241)
(0.2409 0.3285 0.1241)
(0.2555 0.3285 0.1241)
(0.2701 0.3285 0.1241)
(0.2847 0.3285 0.1241)
(0.2993 0.3285 0.1241)
(0.3139 0.3285 0.1241)
(0.3285 0.3285 0.1241)
(0.3431 0.3285 0.1241)
(0.3577 0.3285 0.1241)
(0.3723 0.3285 0.1241)
(0.3869 0.3285 0.1241)
(0.4015 0.3285 0.1241)
(0.4161 0.3285 0.1241)
(0.4307 0.3285 0.1241)
(0.4453 0.3285 0.1241)
(0.4599 0.3285 0.1241)
(0.4745 0.3285 0.1241)
(0.4891 0.3285 0.1241)
(0.5037 0.3285 0.1241)
(0.5183 0.3285 0.1241)
(0.5329 0.3285 0.1241)
(0.5475 0.3285 0.1241)
(0.5621 0.3285 0.1241)
(0.5767 0.3285 0.1241)
(0.0073 0.3431 0.1241)
(0.0219 0.3431 0.1241)
(0.0365 0.3431 0.1241)
(0.0511 0.3431 0.1241)
(0.0657 0.3431 0.1241)
(0.0803 0.3431 0.1241)
(0.0949 0.3431 0.1241)
(0.1095 0.3431 0.1241)
(0.1241 0.3431 0.1241)
(0.1387 0.3431 0.1241)
(0.1533 0.3431 0.1241)
(0.1679 0.3431 0.1241)
(0.1825 0.3431 0.1241)
(0.1971 0.3431 0.1241)
(0.2117 0.3431 0.1241)
(0.2263 0.3431 0.1241)
(0.2409 0.3431 0.1241)
(0.2555 0.3431 0.1241)
(0.2701 0.3431 0.1241)
(0.2847 0.3431 0.1241)
(0.2993 0.3431 0.1241)
(0.3139 0.3431 0.1241)
(0.3285 0.3431 0.1241)
(0.3431 0.3431 0.1241)
(0.3577 0.3431 0.1241)
(0.3723 0.3431 0.1241)
(0.3869 0.3431 0.1241)
(0.4015 0.3431 0.1241)
(0.4161 0.3431 0.1241)
(0.4307 0.3431 0.1241)
(0.4453 0.3431 0.1241)
(0.4599 0.3431 0.1241)
(0.4745 0.3431 0.1241)
(0.4891 0.3431 0.1241)
(0.5037 0.3431 0.1241)
(0.5183 0.3431 0.1241)
(0.5329 0.3431 0.1241)
(0.5475 0.3431 0.1241)
(0.5621 0.3431 0.1241)
(0.5767 0.3431 0.1241)
(0.0073 0.3577 0.1241)
(0.0219 0.3577 0.1241)
(0.0365 0.3577 0.1241)
(0.0511 0.3577 0.1241)
(0.0657 0.3577 0.1241)
(0.0803 0.3577 0.1241)
(0.0949 0.3577 0.1241)
(0.1095 0.3577 0.1241)
(0.1241 0.3577 0.1241)
(0.1387 0.3577 0.1241)
(0.1533 0.3577 0.1241)
(0.1679 0.3577 0.1241)
(0.1825 0.3577 0.1241)
(0.1971 0.3577 0.1241)
(0.2117 0.3577 0.1241)
(0.2263 0.3577 0.1241)
(0.2409 0.3577 0.1241)
(0.2555 0.3577 0.1241)
(0.2701 0.3577 0.1241)
(0.2847 0.3577 0.1241)
(0.2993 0.3577 0.1241)
(0.3139 0.3577 0.1241)
(0.3285 0.3577 0.1241)
(0.3431 0.3577 0.1241)
(0.3577 0.3577 0.1241)
(0.3723 0.3577 0.1241)
(0.3869 0.3577 0.1241)
(0.4015 0.3577 0.1241)
(0.4161 0.3577 0.1241)
(0.4307 0.3577 0.1241)
(0.4453 0.3577 0.1241)
(0.4599 0.3577 0.1241)
(0.4745 0.3577 0.1241)
(0.4891 0.3577 0.1241)
(0.5037 0.3577 0.1241)
(0.5183 0.3577 0.1241)
(0.5329 0.3577 0.1241)
(0.5475 0.3577 0.1241)
(0.5621 0.3577 0.1241)
(0.5767 0.3577 0.1241)
(0.0073 0.3723 0.1241)
(0.0219 0.3723 0.1241)
(0.0365 0.3723 0.1241)
(0.0511 0.3723 0.1241)
(0.0657 0.3723 0.1241)
(0.0803 0.3723 0.1241)
(0.0949 0.3723 0.1241)
(0.1095 0.3723 0.1241)
(0.1241 0.3723 0.1241)
(0.1387 0.3723 0.1241)
(0.1533 0.3723 0.1241)
(0.1679 0.3723 0.1241)
(0.1825 0.3723 0.1241)
(0.1971 0.3723 0.1241)
(0.2117 0.3723 0.1241)
(0.2263 0.3723 0.1241)
(0.2409 0.3723 0.1241)
(0.2555 0.3723 0.1241)
(0.2701 0.3723 0.1241)
(0.2847 0.3723 0.1241)
(0.2993 0.3723 0.1241)
(0.3139 0.3723 0.1241)
(0.3285 0.3723 0.1241)
(0.3431 0.3723 0.1241)
(0.3577 0.3723 0.1241)
(0.3723 0.3723 0.1241)
(0.3869 0.3723 0.1241)
(0.4015 0.3723 0.1241)
(0.4161 0.3723 0.1241)
(0.4307 0.3723 0.1241)
(0.4453 0.3723 0.1241)
(0.4599 0.3723 0.1241)
(0.4745 0.3723 0.1241)
(0.4891 0.3723 0.1241)
(0.5037 0.3723 0.1241)
(0.5183 0.3723 0.1241)
(0.5329 0.3723 0.1241)
(0.5475 0.3723 0.1241)
(0.5621 0.3723 0.1241)
(0.5767 0.3723 0.1241)
(0.0073 0.3869 0.1241)
(0.0219 0.3869 0.1241)
(0.0365 0.3869 0.1241)
(0.0511 0.3869 0.1241)
(0.0657 0.3869 0.1241)
(0.0803 0.3869 0.1241)
(0.0949 0.3869 0.1241)
(0.1095 0.3869 0.1241)
(0.1241 0.3869 0.1241)
(0.1387 0.3869 0.1241)
(0.1533 0.3869 0.1241)
(0.1679 0.3869 0.1241)
(0.1825 0.3869 0.1241)
(0.1971 0.3869 0.1241)
(0.2117 0.3869 0.1241)
(0.2263 0.3869 0.1241)
(0.2409 0.3869 0.1241)
(0.2555 0.3869 0.1241)
(0.2701 0.3869 0.1241)
(0.2847 0.3869 0.1241)
(0.2993 0.3869 0.1241)
(0.3139 0.3869 0.1241)
(0.3285 0.3869 0.1241)
(0.3431 0.3869 0.1241)
(0.3577 0.3869 0.1241)
(0.3723 0.3869 0.1241)
(0.3869 0.3869 0.1241)
(0.4015 0.3869 0.1241)
(0.4161 0.3869 0.1241)
(0.4307 0.3869 0.1241)
(0.4453 0.3869 0.1241)
(0.4599 0.3869 0.1241)
(0.4745 0.3869 0.1241)
(0.4891 0.3869 0.1241)
(0.5037 0.3869 0.1241)
(0.5183 0.3869 0.1241)
(0.5329 0.3869 0.1241)
(0.5475 0.3869 0.1241)
(0.5621 0.3869 0.1241)
(0.5767 0.3869 0.1241)
(0.0073 0.4015 0.1241)
(0.0219 0.4015 0.1241)
(0.0365 0.4015 0.1241)
(0.0511 0.4015 0.1241)
(0.0657 0.4015 0.1241)
(0.0803 0.4015 0.1241)
(0.0949 0.4015 0.1241)
(0.1095 0.4015 0.1241)
(0.1241 0.4015 0.1241)
(0.1387 0.4015 0.1241)
(0.1533 0.4015 0.1241)
(0.1679 0.4015 0.1241)
(0.1825 0.4015 0.1241)
(0.1971 0.4015 0.1241)
(0.2117 0.4015 0.1241)
(0.2263 0.4015 0.1241)
(0.2409 0.4015 0.1241)
(0.2555 0.4015 0.1241)
(0.2701 0.4015 0.1241)
(0.2847 0.4015 0.1241)
(0.2993 0.4015 0.1241)
(0.3139 0.4015 0.1241)
(0.3285 0.4015 0.1241)
(0.3431 0.4015 0.1241)
(0.3577 0.4015 0.1241)
(0.3723 0.4015 0.1241)
(0.3869 0.4015 0.1241)
(0.4015 0.4015 0.1241)
(0.4161 0.4015 0.1241)
(0.4307 0.4015 0.1241)
(0.4453 0.4015 0.1241)
(0.4599 0.4015 0.1241)
(0.4745 0.4015 0.1241)
(0.4891 0.4015 0.1241)
(0.5037 0.4015 0.1241)
(0.5183 0.4015 0.1241)
(0.5329 0.4015 0.1241)
(0.5475 0.4015 0.1241)
(0.5621 0.4015 0.1241)
(0.5767 0.4015 0.1241)
(0.0073 0.4161 0.1241)
(0.0219 0.4161 0.1241)
(0.0365 0.4161 0.1241)
(0.0511 0.4161 0.1241)
(0.0657 0.4161 0.1241)
(0.0803 0.4161 0.1241)
(0.0949 0.4161 0.1241)
(0.1095 0.4161 0.1241)
(0.1241 0.4161 0.1241)
(0.1387 0.4161 0.1241)
(0.1533 0.4161 0.1241)
(0.1679 0.4161 0.1241)
(0.1825 0.4161 0.1241)
(0.1971 0.4161 0.1241)
(0.2117 0.4161 0.1241)
(0.2263 0.4161 0.1241)
(0.2409 0.4161 0.1241)
(0.2555 0.4161 0.1241)
(0.2701 0.4161 0.1241)
(0.2847 0.4161 0.1241)
(0.2993 0.4161 0.1241)
(0.3139 0.4161 0.1241)
(0.3285 0.4161 0.1241)
(0.3431 0.4161 0.1241)
(0.3577 0.4161 0.1241)
(0.3723 0.4161 0.1241)
(0.3869 0.4161 0.1241)
(0.4015 0.4161 0.1241)
(0.4161 0.4161 0.1241)
(0.4307 0.4161 0.1241)
(0.4453 0.4161 0.1241)
(0.4599 0.4161 0.1241)
(0.4745 0.4161 0.1241)
(0.4891 0.4161 0.1241)
(0.5037 0.4161 0.1241)
(0.5183 0.4161 0.1241)
(0.5329 0.4161 0.1241)
(0.5475 0.4161 0.1241)
(0.5621 0.4161 0.1241)
(0.5767 0.4161 0.1241)
(0.0073 0.4307 0.1241)
(0.0219 0.4307 0.1241)
(0.0365 0.4307 0.1241)
(0.0511 0.4307 0.1241)
(0.0657 0.4307 0.1241)
(0.0803 0.4307 0.1241)
(0.0949 0.4307 0.1241)
(0.1095 0.4307 0.1241)
(0.1241 0.4307 0.1241)
(0.1387 0.4307 0.1241)
(0.1533 0.4307 0.1241)
(0.1679 0.4307 0.1241)
(0.1825 0.4307 0.1241)
(0.1971 0.4307 0.1241)
(0.2117 0.4307 0.1241)
(0.2263 0.4307 0.1241)
(0.2409 0.4307 0.1241)
(0.2555 0.4307 0.1241)
(0.2701 0.4307 0.1241)
(0.2847 0.4307 0.1241)
(0.2993 0.4307 0.1241)
(0.3139 0.4307 0.1241)
(0.3285 0.4307 0.1241)
(0.3431 0.4307 0.1241)
(0.3577 0.4307 0.1241)
(0.3723 0.4307 0.1241)
(0.3869 0.4307 0.1241)
(0.4015 0.4307 0.1241)
(0.4161 0.4307 0.1241)
(0.4307 0.4307 0.1241)
(0.4453 0.4307 0.1241)
(0.4599 0.4307 0.1241)
(0.4745 0.4307 0.1241)
(0.4891 0.4307 0.1241)
(0.5037 0.4307 0.1241)
(0.5183 0.4307 0.1241)
(0.5329 0.4307 0.1241)
(0.5475 0.4307 0.1241)
(0.5621 0.4307 0.1241)
(0.5767 0.4307 0.1241)
(0.0073 0.4453 0.1241)
(0.0219 0.4453 0.1241)
(0.0365 0.4453 0.1241)
(0.0511 0.4453 0.1241)
(0.0657 0.4453 0.1241)
(0.0803 0.4453 0.1241)
(0.0949 0.4453 0.1241)
(0.1095 0.4453 0.1241)
(0.1241 0.4453 0.1241)
(0.1387 0.4453 0.1241)
(0.1533 0.4453 0.1241)
(0.1679 0.4453 0.1241)
(0.1825 0.4453 0.1241)
(0.1971 0.4453 0.1241)
(0.2117 0.4453 0.1241)
(0.2263 0.4453 0.1241)
(0.2409 0.4453 0.1241)
(0.2555 0.4453 0.1241)
(0.2701 0.4453 0.1241)
(0.2847 0.4453 0.1241)
(0.2993 0.4453 0.1241)
(0.3139 0.4453 0.1241)
(0.3285 0.4453 0.1241)
(0.3431 0.4453 0.1241)
(0.3577 0.4453 0.1241)
(0.3723 0.4453 0.1241)
(0.3869 0.4453 0.1241)
(0.4015 0.4453 0.1241)
(0.4161 0.4453 0.1241)
(0.4307 0.4453 0.1241)
(0.4453 0.4453 0.1241)
(0.4599 0.4453 0.1241)
(0.4745 0.4453 0.1241)
(0.4891 0.4453 0.1241)
(0.5037 0.4453 0.1241)
(0.5183 0.4453 0.1241)
(0.5329 0.4453 0.1241)
(0.5475 0.4453 0.1241)
(0.5621 0.4453 0.1241)
(0.5767 0.4453 0.1241)
(0.0073 0.4599 0.1241)
(0.0219 0.4599 0.1241)
(0.0365 0.4599 0.1241)
(0.0511 0.4599 0.1241)
(0.0657 0.4599 0.1241)
(0.0803 0.4599 0.1241)
(0.0949 0.4599 0.1241)
(0.1095 0.4599 0.1241)
(0.1241 0.4599 0.1241)
(0.1387 0.4599 0.1241)
(0.1533 0.4599 0.1241)
(0.1679 0.4599 0.1241)
(0.1825 0.4599 0.1241)
(0.1971 0.4599 0.1241)
(0.2117 0.4599 0.1241)
(0.2263 0.4599 0.1241)
(0.2409 0.4599 0.1241)
(0.2555 0.4599 0.1241)
(0.2701 0.4599 0.1241)
(0.2847 0.4599 0.1241)
(0.2993 0.4599 0.1241)
(0.3139 0.4599 0.1241)
(0.3285 0.4599 0.1241)
(0.3431 0.4599 0.1241)
(0.3577 0.4599 0.1241)
(0.3723 0.4599 0.1241)
(0.3869 0.4599 0.1241)
(0.4015 0.4599 0.1241)
(0.4161 0.4599 0.1241)
(0.4307 0.4599 0.1241)
(0.4453 0.4599 0.1241)
(0.4599 0.4599 0.1241)
(0.4745 0.4599 0.1241)
(0.4891 0.4599 0.1241)
(0.5037 0.4599 0.1241)
(0.5183 0.4599 0.1241)
(0.5329 0.4599 0.1241)
(0.5475 0.4599 0.1241)
(0.5621 0.4599 0.1241)
(0.5767 0.4599 0.1241)
(0.0073 0.4745 0.1241)
(0.0219 0.4745 0.1241)
(0.0365 0.4745 0.1241)
(0.0511 0.4745 0.1241)
(0.0657 0.4745 0.1241)
(0.0803 0.4745 0.1241)
(0.0949 0.4745 0.1241)
(0.1095 0.4745 0.1241)
(0.1241 0.4745 0.1241)
(0.1387 0.4745 0.1241)
(0.1533 0.4745 0.1241)
(0.1679 0.4745 0.1241)
(0.1825 0.4745 0.1241)
(0.1971 0.4745 0.1241)
(0.2117 0.4745 0.1241)
(0.2263 0.4745 0.1241)
(0.2409 0.4745 0.1241)
(0.2555 0.4745 0.1241)
(0.2701 0.4745 0.1241)
(0.2847 0.4745 0.1241)
(0.2993 0.4745 0.1241)
(0.3139 0.4745 0.1241)
(0.3285 0.4745 0.1241)
(0.3431 0.4745 0.1241)
(0.3577 0.4745 0.1241)
(0.3723 0.4745 0.1241)
(0.3869 0.4745 0.1241)
(0.4015 0.4745 0.1241)
(0.4161 0.4745 0.1241)
(0.4307 0.4745 0.1241)
(0.4453 0.4745 0.1241)
(0.4599 0.4745 0.1241)
(0.4745 0.4745 0.1241)
(0.4891 0.4745 0.1241)
(0.5037 0.4745 0.1241)
(0.5183 0.4745 0.1241)
(0.5329 0.4745 0.1241)
(0.5475 0.4745 0.1241)
(0.5621 0.4745 0.1241)
(0.5767 0.4745 0.1241)
(0.0073 0.4891 0.1241)
(0.0219 0.4891 0.1241)
(0.0365 0.4891 0.1241)
(0.0511 0.4891 0.1241)
(0.0657 0.4891 0.1241)
(0.0803 0.4891 0.1241)
(0.0949 0.4891 0.1241)
(0.1095 0.4891 0.1241)
(0.1241 0.4891 0.1241)
(0.1387 0.4891 0.1241)
(0.1533 0.4891 0.1241)
(0.1679 0.4891 0.1241)
(0.1825 0.4891 0.1241)
(0.1971 0.4891 0.1241)
(0.2117 0.4891 0.1241)
(0.2263 0.4891 0.1241)
(0.2409 0.4891 0.1241)
(0.2555 0.4891 0.1241)
(0.2701 0.4891 0.1241)
(0.2847 0.4891 0.1241)
(0.2993 0.4891 0.1241)
(0.3139 0.4891 0.1241)
(0.3285 0.4891 0.1241)
(0.3431 0.4891 0.1241)
(0.3577 0.4891 0.1241)
(0.3723 0.4891 0.1241)
(0.3869 0.4891 0.1241)
(0.4015 0.4891 0.1241)
(0.4161 0.4891 0.1241)
(0.4307 0.4891 0.1241)
(0.4453 0.4891 0.1241)
(0.4599 0.4891 0.1241)
(0.4745 0.4891 0.1241)
(0.4891 0.4891 0.1241)
(0.5037 0.4891 0.1241)
(0.5183 0.4891 0.1241)
(0.5329 0.4891 0.1241)
(0.5475 0.4891 0.1241)
(0.5621 0.4891 0.1241)
(0.5767 0.4891 0.1241)
(0.0073 0.5037 0.1241)
(0.0219 0.5037 0.1241)
(0.0365 0.5037 0.1241)
(0.0511 0.5037 0.1241)
(0.0657 0.5037 0.1241)
(0.0803 0.5037 0.1241)
(0.0949 0.5037 0.1241)
(0.1095 0.5037 0.1241)
(0.1241 0.5037 0.1241)
(0.1387 0.5037 0.1241)
(0.1533 0.5037 0.1241)
(0.1679 0.5037 0.1241)
(0.1825 0.5037 0.1241)
(0.1971 0.5037 0.1241)
(0.2117 0.5037 0.1241)
(0.2263 0.5037 0.1241)
(0.2409 0.5037 0.1241)
(0.2555 0.5037 0.1241)
(0.2701 0.5037 0.1241)
(0.2847 0.5037 0.1241)
(0.2993 0.5037 0.1241)
(0.3139 0.5037 0.1241)
(0.3285 0.5037 0.1241)
(0.3431 0.5037 0.1241)
(0.3577 0.5037 0.1241)
(0.3723 0.5037 0.1241)
(0.3869 0.5037 0.1241)
(0.4015 0.5037 0.1241)
(0.4161 0.5037 0.1241)
(0.4307 0.5037 0.1241)
(0.4453 0.5037 0.1241)
(0.4599 0.5037 0.1241)
(0.4745 0.5037 0.1241)
(0.4891 0.5037 0.1241)
(0.5037 0.5037 0.1241)
(0.5183 0.5037 0.1241)
(0.5329 0.5037 0.1241)
(0.5475 0.5037 0.1241)
(0.5621 0.5037 0.1241)
(0.5767 0.5037 0.1241)
(0.0073 0.5183 0.1241)
(0.0219 0.5183 0.1241)
(0.0365 0.5183 0.1241)
(0.0511 0.5183 0.1241)
(0.0657 0.5183 0.1241)
(0.0803 0.5183 0.1241)
(0.0949 0.5183 0.1241)
(0.1095 0.5183 0.1241)
(0.1241 0.5183 0.1241)
(0.1387 0.5183 0.1241)
(0.1533 0.5183 0.1241)
(0.1679 0.5183 0.1241)
(0.1825 0.5183 0.1241)
(0.1971 0.5183 0.1241)
(0.2117 0.5183 0.1241)
(0.2263 0.5183 0.1241)
(0.2409 0.5183 0.1241)
(0.2555 0.5183 0.1241)
(0.2701 0.5183 0.1241)
(0.2847 0.5183 0.1241)
(0.2993 0.5183 0.1241)
(0.3139 0.5183 0.1241)
(0.3285 0.5183 0.1241)
(0.3431 0.5183 0.1241)
(0.3577 0.5183 0.1241)
(0.3723 0.5183 0.1241)
(0.3869 0.5183 0.1241)
(0.4015 0.5183 0.1241)
(0.4161 0.5183 0.1241)
(0.4307 0.5183 0.1241)
(0.4453 0.5183 0.1241)
(0.4599 0.5183 0.1241)
(0.4745 0.5183 0.1241)
(0.4891 0.5183 0.1241)
(0.5037 0.5183 0.1241)
(0.5183 0.5183 0.1241)
(0.5329 0.5183 0.1241)
(0.5475 0.5183 0.1241)
(0.5621 0.5183 0.1241)
(0.5767 0.5183 0.1241)
(0.0073 0.5329 0.1241)
(0.0219 0.5329 0.1241)
(0.0365 0.5329 0.1241)
(0.0511 0.5329 0.1241)
(0.0657 0.5329 0.1241)
(0.0803 0.5329 0.1241)
(0.0949 0.5329 0.1241)
(0.1095 0.5329 0.1241)
(0.1241 0.5329 0.1241)
(0.1387 0.5329 0.1241)
(0.1533 0.5329 0.1241)
(0.1679 0.5329 0.1241)
(0.1825 0.5329 0.1241)
(0.1971 0.5329 0.1241)
(0.2117 0.5329 0.1241)
(0.2263 0.5329 0.1241)
(0.2409 0.5329 0.1241)
(0.2555 0.5329 0.1241)
(0.2701 0.5329 0.1241)
(0.2847 0.5329 0.1241)
(0.2993 0.5329 0.1241)
(0.3139 0.5329 0.1241)
(0.3285 0.5329 0.1241)
(0.3431 0.5329 0.1241)
(0.3577 0.5329 0.1241)
(0.3723 0.5329 0.1241)
(0.3869 0.5329 0.1241)
(0.4015 0.5329 0.1241)
(0.4161 0.5329 0.1241)
(0.4307 0.5329 0.1241)
(0.4453 0.5329 0.1241)
(0.4599 0.5329 0.1241)
(0.4745 0.5329 0.1241)
(0.4891 0.5329 0.1241)
(0.5037 0.5329 0.1241)
(0.5183 0.5329 0.1241)
(0.5329 0.5329 0.1241)
(0.5475 0.5329 0.1241)
(0.5621 0.5329 0.1241)
(0.5767 0.5329 0.1241)
(0.0073 0.5475 0.1241)
(0.0219 0.5475 0.1241)
(0.0365 0.5475 0.1241)
(0.0511 0.5475 0.1241)
(0.0657 0.5475 0.1241)
(0.0803 0.5475 0.1241)
(0.0949 0.5475 0.1241)
(0.1095 0.5475 0.1241)
(0.1241 0.5475 0.1241)
(0.1387 0.5475 0.1241)
(0.1533 0.5475 0.1241)
(0.1679 0.5475 0.1241)
(0.1825 0.5475 0.1241)
(0.1971 0.5475 0.1241)
(0.2117 0.5475 0.1241)
(0.2263 0.5475 0.1241)
(0.2409 0.5475 0.1241)
(0.2555 0.5475 0.1241)
(0.2701 0.5475 0.1241)
(0.2847 0.5475 0.1241)
(0.2993 0.5475 0.1241)
(0.3139 0.5475 0.1241)
(0.3285 0.5475 0.1241)
(0.3431 0.5475 0.1241)
(0.3577 0.5475 0.1241)
(0.3723 0.5475 0.1241)
(0.3869 0.5475 0.1241)
(0.4015 0.5475 0.1241)
(0.4161 0.5475 0.1241)
(0.4307 0.5475 0.1241)
(0.4453 0.5475 0.1241)
(0.4599 0.5475 0.1241)
(0.4745 0.5475 0.1241)
(0.4891 0.5475 0.1241)
(0.5037 0.5475 0.1241)
(0.5183 0.5475 0.1241)
(0.5329 0.5475 0.1241)
(0.5475 0.5475 0.1241)
(0.5621 0.5475 0.1241)
(0.5767 0.5475 0.1241)
(0.0073 0.5621 0.1241)
(0.0219 0.5621 0.1241)
(0.0365 0.5621 0.1241)
(0.0511 0.5621 0.1241)
(0.0657 0.5621 0.1241)
(0.0803 0.5621 0.1241)
(0.0949 0.5621 0.1241)
(0.1095 0.5621 0.1241)
(0.1241 0.5621 0.1241)
(0.1387 0.5621 0.1241)
(0.1533 0.5621 0.1241)
(0.1679 0.5621 0.1241)
(0.1825 0.5621 0.1241)
(0.1971 0.5621 0.1241)
(0.2117 0.5621 0.1241)
(0.2263 0.5621 0.1241)
(0.2409 0.5621 0.1241)
(0.2555 0.5621 0.1241)
(0.2701 0.5621 0.1241)
(0.2847 0.5621 0.1241)
(0.2993 0.5621 0.1241)
(0.3139 0.5621 0.1241)
(0.3285 0.5621 0.1241)
(0.3431 0.5621 0.1241)
(0.3577 0.5621 0.1241)
(0.3723 0.5621 0.1241)
(0.3869 0.5621 0.1241)
(0.4015 0.5621 0.1241)
(0.4161 0.5621 0.1241)
(0.4307 0.5621 0.1241)
(0.4453 0.5621 0.1241)
(0.4599 0.5621 0.1241)
(0.4745 0.5621 0.1241)
(0.4891 0.5621 0.1241)
(0.5037 0.5621 0.1241)
(0.5183 0.5621 0.1241)
(0.5329 0.5621 0.1241)
(0.5475 0.5621 0.1241)
(0.5621 0.5621 0.1241)
(0.5767 0.5621 0.1241)
(0.0073 0.5767 0.1241)
(0.0219 0.5767 0.1241)
(0.0365 0.5767 0.1241)
(0.0511 0.5767 0.1241)
(0.0657 0.5767 0.1241)
(0.0803 0.5767 0.1241)
(0.0949 0.5767 0.1241)
(0.1095 0.5767 0.1241)
(0.1241 0.5767 0.1241)
(0.1387 0.5767 0.1241)
(0.1533 0.5767 0.1241)
(0.1679 0.5767 0.1241)
(0.1825 0.5767 0.1241)
(0.1971 0.5767 0.1241)
(0.2117 0.5767 0.1241)
(0.2263 0.5767 0.1241)
(0.2409 0.5767 0.1241)
(0.2555 0.5767 0.1241)
(0.2701 0.5767 0.1241)
(0.2847 0.5767 0.1241)
(0.2993 0.5767 0.1241)
(0.3139 0.5767 0.1241)
(0.3285 0.5767 0.1241)
(0.3431 0.5767 0.1241)
(0.3577 0.5767 0.1241)
(0.3723 0.5767 0.1241)
(0.3869 0.5767 0.1241)
(0.4015 0.5767 0.1241)
(0.4161 0.5767 0.1241)
(0.4307 0.5767 0.1241)
(0.4453 0.5767 0.1241)
(0.4599 0.5767 0.1241)
(0.4745 0.5767 0.1241)
(0.4891 0.5767 0.1241)
(0.5037 0.5767 0.1241)
(0.5183 0.5767 0.1241)
(0.5329 0.5767 0.1241)
(0.5475 0.5767 0.1241)
(0.5621 0.5767 0.1241)
(0.5767 0.5767 0.1241)
(0.0073 0.0073 0.1387)
(0.0219 0.0073 0.1387)
(0.0365 0.0073 0.1387)
(0.0511 0.0073 0.1387)
(0.0657 0.0073 0.1387)
(0.0803 0.0073 0.1387)
(0.0949 0.0073 0.1387)
(0.1095 0.0073 0.1387)
(0.1241 0.0073 0.1387)
(0.1387 0.0073 0.1387)
(0.1533 0.0073 0.1387)
(0.1679 0.0073 0.1387)
(0.1825 0.0073 0.1387)
(0.1971 0.0073 0.1387)
(0.2117 0.0073 0.1387)
(0.2263 0.0073 0.1387)
(0.2409 0.0073 0.1387)
(0.2555 0.0073 0.1387)
(0.2701 0.0073 0.1387)
(0.2847 0.0073 0.1387)
(0.2993 0.0073 0.1387)
(0.3139 0.0073 0.1387)
(0.3285 0.0073 0.1387)
(0.3431 0.0073 0.1387)
(0.3577 0.0073 0.1387)
(0.3723 0.0073 0.1387)
(0.3869 0.0073 0.1387)
(0.4015 0.0073 0.1387)
(0.4161 0.0073 0.1387)
(0.4307 0.0073 0.1387)
(0.4453 0.0073 0.1387)
(0.4599 0.0073 0.1387)
(0.4745 0.0073 0.1387)
(0.4891 0.0073 0.1387)
(0.5037 0.0073 0.1387)
(0.5183 0.0073 0.1387)
(0.5329 0.0073 0.1387)
(0.5475 0.0073 0.1387)
(0.5621 0.0073 0.1387)
(0.5767 0.0073 0.1387)
(0.0073 0.0219 0.1387)
(0.0219 0.0219 0.1387)
(0.0365 0.0219 0.1387)
(0.0511 0.0219 0.1387)
(0.0657 0.0219 0.1387)
(0.0803 0.0219 0.1387)
(0.0949 0.0219 0.1387)
(0.1095 0.0219 0.1387)
(0.1241 0.0219 0.1387)
(0.1387 0.0219 0.1387)
(0.1533 0.0219 0.1387)
(0.1679 0.0219 0.1387)
(0.1825 0.0219 0.1387)
(0.1971 0.0219 0.1387)
(0.2117 0.0219 0.1387)
(0.2263 0.0219 0.1387)
(0.2409 0.0219 0.1387)
(0.2555 0.0219 0.1387)
(0.2701 0.0219 0.1387)
(0.2847 0.0219 0.1387)
(0.2993 0.0219 0.1387)
(0.3139 0.0219 0.1387)
(0.3285 0.0219 0.1387)
(0.3431 0.0219 0.1387)
(0.3577 0.0219 0.1387)
(0.3723 0.0219 0.1387)
(0.3869 0.0219 0.1387)
(0.4015 0.0219 0.1387)
(0.4161 0.0219 0.1387)
(0.4307 0.0219 0.1387)
(0.4453 0.0219 0.1387)
(0.4599 0.0219 0.1387)
(0.4745 0.0219 0.1387)
(0.4891 0.0219 0.1387)
(0.5037 0.0219 0.1387)
(0.5183 0.0219 0.1387)
(0.5329 0.0219 0.1387)
(0.5475 0.0219 0.1387)
(0.5621 0.0219 0.1387)
(0.5767 0.0219 0.1387)
(0.0073 0.0365 0.1387)
(0.0219 0.0365 0.1387)
(0.0365 0.0365 0.1387)
(0.0511 0.0365 0.1387)
(0.0657 0.0365 0.1387)
(0.0803 0.0365 0.1387)
(0.0949 0.0365 0.1387)
(0.1095 0.0365 0.1387)
(0.1241 0.0365 0.1387)
(0.1387 0.0365 0.1387)
(0.1533 0.0365 0.1387)
(0.1679 0.0365 0.1387)
(0.1825 0.0365 0.1387)
(0.1971 0.0365 0.1387)
(0.2117 0.0365 0.1387)
(0.2263 0.0365 0.1387)
(0.2409 0.0365 0.1387)
(0.2555 0.0365 0.1387)
(0.2701 0.0365 0.1387)
(0.2847 0.0365 0.1387)
(0.2993 0.0365 0.1387)
(0.3139 0.0365 0.1387)
(0.3285 0.0365 0.1387)
(0.3431 0.0365 0.1387)
(0.3577 0.0365 0.1387)
(0.3723 0.0365 0.1387)
(0.3869 0.0365 0.1387)
(0.4015 0.0365 0.1387)
(0.4161 0.0365 0.1387)
(0.4307 0.0365 0.1387)
(0.4453 0.0365 0.1387)
(0.4599 0.0365 0.1387)
(0.4745 0.0365 0.1387)
(0.4891 0.0365 0.1387)
(0.5037 0.0365 0.1387)
(0.5183 0.0365 0.1387)
(0.5329 0.0365 0.1387)
(0.5475 0.0365 0.1387)
(0.5621 0.0365 0.1387)
(0.5767 0.0365 0.1387)
(0.0073 0.0511 0.1387)
(0.0219 0.0511 0.1387)
(0.0365 0.0511 0.1387)
(0.0511 0.0511 0.1387)
(0.0657 0.0511 0.1387)
(0.0803 0.0511 0.1387)
(0.0949 0.0511 0.1387)
(0.1095 0.0511 0.1387)
(0.1241 0.0511 0.1387)
(0.1387 0.0511 0.1387)
(0.1533 0.0511 0.1387)
(0.1679 0.0511 0.1387)
(0.1825 0.0511 0.1387)
(0.1971 0.0511 0.1387)
(0.2117 0.0511 0.1387)
(0.2263 0.0511 0.1387)
(0.2409 0.0511 0.1387)
(0.2555 0.0511 0.1387)
(0.2701 0.0511 0.1387)
(0.2847 0.0511 0.1387)
(0.2993 0.0511 0.1387)
(0.3139 0.0511 0.1387)
(0.3285 0.0511 0.1387)
(0.3431 0.0511 0.1387)
(0.3577 0.0511 0.1387)
(0.3723 0.0511 0.1387)
(0.3869 0.0511 0.1387)
(0.4015 0.0511 0.1387)
(0.4161 0.0511 0.1387)
(0.4307 0.0511 0.1387)
(0.4453 0.0511 0.1387)
(0.4599 0.0511 0.1387)
(0.4745 0.0511 0.1387)
(0.4891 0.0511 0.1387)
(0.5037 0.0511 0.1387)
(0.5183 0.0511 0.1387)
(0.5329 0.0511 0.1387)
(0.5475 0.0511 0.1387)
(0.5621 0.0511 0.1387)
(0.5767 0.0511 0.1387)
(0.0073 0.0657 0.1387)
(0.0219 0.0657 0.1387)
(0.0365 0.0657 0.1387)
(0.0511 0.0657 0.1387)
(0.0657 0.0657 0.1387)
(0.0803 0.0657 0.1387)
(0.0949 0.0657 0.1387)
(0.1095 0.0657 0.1387)
(0.1241 0.0657 0.1387)
(0.1387 0.0657 0.1387)
(0.1533 0.0657 0.1387)
(0.1679 0.0657 0.1387)
(0.1825 0.0657 0.1387)
(0.1971 0.0657 0.1387)
(0.2117 0.0657 0.1387)
(0.2263 0.0657 0.1387)
(0.2409 0.0657 0.1387)
(0.2555 0.0657 0.1387)
(0.2701 0.0657 0.1387)
(0.2847 0.0657 0.1387)
(0.2993 0.0657 0.1387)
(0.3139 0.0657 0.1387)
(0.3285 0.0657 0.1387)
(0.3431 0.0657 0.1387)
(0.3577 0.0657 0.1387)
(0.3723 0.0657 0.1387)
(0.3869 0.0657 0.1387)
(0.4015 0.0657 0.1387)
(0.4161 0.0657 0.1387)
(0.4307 0.0657 0.1387)
(0.4453 0.0657 0.1387)
(0.4599 0.0657 0.1387)
(0.4745 0.0657 0.1387)
(0.4891 0.0657 0.1387)
(0.5037 0.0657 0.1387)
(0.5183 0.0657 0.1387)
(0.5329 0.0657 0.1387)
(0.5475 0.0657 0.1387)
(0.5621 0.0657 0.1387)
(0.5767 0.0657 0.1387)
(0.0073 0.0803 0.1387)
(0.0219 0.0803 0.1387)
(0.0365 0.0803 0.1387)
(0.0511 0.0803 0.1387)
(0.0657 0.0803 0.1387)
(0.0803 0.0803 0.1387)
(0.0949 0.0803 0.1387)
(0.1095 0.0803 0.1387)
(0.1241 0.0803 0.1387)
(0.1387 0.0803 0.1387)
(0.1533 0.0803 0.1387)
(0.1679 0.0803 0.1387)
(0.1825 0.0803 0.1387)
(0.1971 0.0803 0.1387)
(0.2117 0.0803 0.1387)
(0.2263 0.0803 0.1387)
(0.2409 0.0803 0.1387)
(0.2555 0.0803 0.1387)
(0.2701 0.0803 0.1387)
(0.2847 0.0803 0.1387)
(0.2993 0.0803 0.1387)
(0.3139 0.0803 0.1387)
(0.3285 0.0803 0.1387)
(0.3431 0.0803 0.1387)
(0.3577 0.0803 0.1387)
(0.3723 0.0803 0.1387)
(0.3869 0.0803 0.1387)
(0.4015 0.0803 0.1387)
(0.4161 0.0803 0.1387)
(0.4307 0.0803 0.1387)
(0.4453 0.0803 0.1387)
(0.4599 0.0803 0.1387)
(0.4745 0.0803 0.1387)
(0.4891 0.0803 0.1387)
(0.5037 0.0803 0.1387)
(0.5183 0.0803 0.1387)
(0.5329 0.0803 0.1387)
(0.5475 0.0803 0.1387)
(0.5621 0.0803 0.1387)
(0.5767 0.0803 0.1387)
(0.0073 0.0949 0.1387)
(0.0219 0.0949 0.1387)
(0.0365 0.0949 0.1387)
(0.0511 0.0949 0.1387)
(0.0657 0.0949 0.1387)
(0.0803 0.0949 0.1387)
(0.0949 0.0949 0.1387)
(0.1095 0.0949 0.1387)
(0.1241 0.0949 0.1387)
(0.1387 0.0949 0.1387)
(0.1533 0.0949 0.1387)
(0.1679 0.0949 0.1387)
(0.1825 0.0949 0.1387)
(0.1971 0.0949 0.1387)
(0.2117 0.0949 0.1387)
(0.2263 0.0949 0.1387)
(0.2409 0.0949 0.1387)
(0.2555 0.0949 0.1387)
(0.2701 0.0949 0.1387)
(0.2847 0.0949 0.1387)
(0.2993 0.0949 0.1387)
(0.3139 0.0949 0.1387)
(0.3285 0.0949 0.1387)
(0.3431 0.0949 0.1387)
(0.3577 0.0949 0.1387)
(0.3723 0.0949 0.1387)
(0.3869 0.0949 0.1387)
(0.4015 0.0949 0.1387)
(0.4161 0.0949 0.1387)
(0.4307 0.0949 0.1387)
(0.4453 0.0949 0.1387)
(0.4599 0.0949 0.1387)
(0.4745 0.0949 0.1387)
(0.4891 0.0949 0.1387)
(0.5037 0.0949 0.1387)
(0.5183 0.0949 0.1387)
(0.5329 0.0949 0.1387)
(0.5475 0.0949 0.1387)
(0.5621 0.0949 0.1387)
(0.5767 0.0949 0.1387)
(0.0073 0.1095 0.1387)
(0.0219 0.1095 0.1387)
(0.0365 0.1095 0.1387)
(0.0511 0.1095 0.1387)
(0.0657 0.1095 0.1387)
(0.0803 0.1095 0.1387)
(0.0949 0.1095 0.1387)
(0.1095 0.1095 0.1387)
(0.1241 0.1095 0.1387)
(0.1387 0.1095 0.1387)
(0.1533 0.1095 0.1387)
(0.1679 0.1095 0.1387)
(0.1825 0.1095 0.1387)
(0.1971 0.1095 0.1387)
(0.2117 0.1095 0.1387)
(0.2263 0.1095 0.1387)
(0.2409 0.1095 0.1387)
(0.2555 0.1095 0.1387)
(0.2701 0.1095 0.1387)
(0.2847 0.1095 0.1387)
(0.2993 0.1095 0.1387)
(0.3139 0.1095 0.1387)
(0.3285 0.1095 0.1387)
(0.3431 0.1095 0.1387)
(0.3577 0.1095 0.1387)
(0.3723 0.1095 0.1387)
(0.3869 0.1095 0.1387)
(0.4015 0.1095 0.1387)
(0.4161 0.1095 0.1387)
(0.4307 0.1095 0.1387)
(0.4453 0.1095 0.1387)
(0.4599 0.1095 0.1387)
(0.4745 0.1095 0.1387)
(0.4891 0.1095 0.1387)
(0.5037 0.1095 0.1387)
(0.5183 0.1095 0.1387)
(0.5329 0.1095 0.1387)
(0.5475 0.1095 0.1387)
(0.5621 0.1095 0.1387)
(0.5767 0.1095 0.1387)
(0.0073 0.1241 0.1387)
(0.0219 0.1241 0.1387)
(0.0365 0.1241 0.1387)
(0.0511 0.1241 0.1387)
(0.0657 0.1241 0.1387)
(0.0803 0.1241 0.1387)
(0.0949 0.1241 0.1387)
(0.1095 0.1241 0.1387)
(0.1241 0.1241 0.1387)
(0.1387 0.1241 0.1387)
(0.1533 0.1241 0.1387)
(0.1679 0.1241 0.1387)
(0.1825 0.1241 0.1387)
(0.1971 0.1241 0.1387)
(0.2117 0.1241 0.1387)
(0.2263 0.1241 0.1387)
(0.2409 0.1241 0.1387)
(0.2555 0.1241 0.1387)
(0.2701 0.1241 0.1387)
(0.2847 0.1241 0.1387)
(0.2993 0.1241 0.1387)
(0.3139 0.1241 0.1387)
(0.3285 0.1241 0.1387)
(0.3431 0.1241 0.1387)
(0.3577 0.1241 0.1387)
(0.3723 0.1241 0.1387)
(0.3869 0.1241 0.1387)
(0.4015 0.1241 0.1387)
(0.4161 0.1241 0.1387)
(0.4307 0.1241 0.1387)
(0.4453 0.1241 0.1387)
(0.4599 0.1241 0.1387)
(0.4745 0.1241 0.1387)
(0.4891 0.1241 0.1387)
(0.5037 0.1241 0.1387)
(0.5183 0.1241 0.1387)
(0.5329 0.1241 0.1387)
(0.5475 0.1241 0.1387)
(0.5621 0.1241 0.1387)
(0.5767 0.1241 0.1387)
(0.0073 0.1387 0.1387)
(0.0219 0.1387 0.1387)
(0.0365 0.1387 0.1387)
(0.0511 0.1387 0.1387)
(0.0657 0.1387 0.1387)
(0.0803 0.1387 0.1387)
(0.0949 0.1387 0.1387)
(0.1095 0.1387 0.1387)
(0.1241 0.1387 0.1387)
(0.1387 0.1387 0.1387)
(0.1533 0.1387 0.1387)
(0.1679 0.1387 0.1387)
(0.1825 0.1387 0.1387)
(0.1971 0.1387 0.1387)
(0.2117 0.1387 0.1387)
(0.2263 0.1387 0.1387)
(0.2409 0.1387 0.1387)
(0.2555 0.1387 0.1387)
(0.2701 0.1387 0.1387)
(0.2847 0.1387 0.1387)
(0.2993 0.1387 0.1387)
(0.3139 0.1387 0.1387)
(0.3285 0.1387 0.1387)
(0.3431 0.1387 0.1387)
(0.3577 0.1387 0.1387)
(0.3723 0.1387 0.1387)
(0.3869 0.1387 0.1387)
(0.4015 0.1387 0.1387)
(0.4161 0.1387 0.1387)
(0.4307 0.1387 0.1387)
(0.4453 0.1387 0.1387)
(0.4599 0.1387 0.1387)
(0.4745 0.1387 0.1387)
(0.4891 0.1387 0.1387)
(0.5037 0.1387 0.1387)
(0.5183 0.1387 0.1387)
(0.5329 0.1387 0.1387)
(0.5475 0.1387 0.1387)
(0.5621 0.1387 0.1387)
(0.5767 0.1387 0.1387)
(0.0073 0.1533 0.1387)
(0.0219 0.1533 0.1387)
(0.0365 0.1533 0.1387)
(0.0511 0.1533 0.1387)
(0.0657 0.1533 0.1387)
(0.0803 0.1533 0.1387)
(0.0949 0.1533 0.1387)
(0.1095 0.1533 0.1387)
(0.1241 0.1533 0.1387)
(0.1387 0.1533 0.1387)
(0.1533 0.1533 0.1387)
(0.1679 0.1533 0.1387)
(0.1825 0.1533 0.1387)
(0.1971 0.1533 0.1387)
(0.2117 0.1533 0.1387)
(0.2263 0.1533 0.1387)
(0.2409 0.1533 0.1387)
(0.2555 0.1533 0.1387)
(0.2701 0.1533 0.1387)
(0.2847 0.1533 0.1387)
(0.2993 0.1533 0.1387)
(0.3139 0.1533 0.1387)
(0.3285 0.1533 0.1387)
(0.3431 0.1533 0.1387)
(0.3577 0.1533 0.1387)
(0.3723 0.1533 0.1387)
(0.3869 0.1533 0.1387)
(0.4015 0.1533 0.1387)
(0.4161 0.1533 0.1387)
(0.4307 0.1533 0.1387)
(0.4453 0.1533 0.1387)
(0.4599 0.1533 0.1387)
(0.4745 0.1533 0.1387)
(0.4891 0.1533 0.1387)
(0.5037 0.1533 0.1387)
(0.5183 0.1533 0.1387)
(0.5329 0.1533 0.1387)
(0.5475 0.1533 0.1387)
(0.5621 0.1533 0.1387)
(0.5767 0.1533 0.1387)
(0.0073 0.1679 0.1387)
(0.0219 0.1679 0.1387)
(0.0365 0.1679 0.1387)
(0.0511 0.1679 0.1387)
(0.0657 0.1679 0.1387)
(0.0803 0.1679 0.1387)
(0.0949 0.1679 0.1387)
(0.1095 0.1679 0.1387)
(0.1241 0.1679 0.1387)
(0.1387 0.1679 0.1387)
(0.1533 0.1679 0.1387)
(0.1679 0.1679 0.1387)
(0.1825 0.1679 0.1387)
(0.1971 0.1679 0.1387)
(0.2117 0.1679 0.1387)
(0.2263 0.1679 0.1387)
(0.2409 0.1679 0.1387)
(0.2555 0.1679 0.1387)
(0.2701 0.1679 0.1387)
(0.2847 0.1679 0.1387)
(0.2993 0.1679 0.1387)
(0.3139 0.1679 0.1387)
(0.3285 0.1679 0.1387)
(0.3431 0.1679 0.1387)
(0.3577 0.1679 0.1387)
(0.3723 0.1679 0.1387)
(0.3869 0.1679 0.1387)
(0.4015 0.1679 0.1387)
(0.4161 0.1679 0.1387)
(0.4307 0.1679 0.1387)
(0.4453 0.1679 0.1387)
(0.4599 0.1679 0.1387)
(0.4745 0.1679 0.1387)
(0.4891 0.1679 0.1387)
(0.5037 0.1679 0.1387)
(0.5183 0.1679 0.1387)
(0.5329 0.1679 0.1387)
(0.5475 0.1679 0.1387)
(0.5621 0.1679 0.1387)
(0.5767 0.1679 0.1387)
(0.0073 0.1825 0.1387)
(0.0219 0.1825 0.1387)
(0.0365 0.1825 0.1387)
(0.0511 0.1825 0.1387)
(0.0657 0.1825 0.1387)
(0.0803 0.1825 0.1387)
(0.0949 0.1825 0.1387)
(0.1095 0.1825 0.1387)
(0.1241 0.1825 0.1387)
(0.1387 0.1825 0.1387)
(0.1533 0.1825 0.1387)
(0.1679 0.1825 0.1387)
(0.1825 0.1825 0.1387)
(0.1971 0.1825 0.1387)
(0.2117 0.1825 0.1387)
(0.2263 0.1825 0.1387)
(0.2409 0.1825 0.1387)
(0.2555 0.1825 0.1387)
(0.2701 0.1825 0.1387)
(0.2847 0.1825 0.1387)
(0.2993 0.1825 0.1387)
(0.3139 0.1825 0.1387)
(0.3285 0.1825 0.1387)
(0.3431 0.1825 0.1387)
(0.3577 0.1825 0.1387)
(0.3723 0.1825 0.1387)
(0.3869 0.1825 0.1387)
(0.4015 0.1825 0.1387)
(0.4161 0.1825 0.1387)
(0.4307 0.1825 0.1387)
(0.4453 0.1825 0.1387)
(0.4599 0.1825 0.1387)
(0.4745 0.1825 0.1387)
(0.4891 0.1825 0.1387)
(0.5037 0.1825 0.1387)
(0.5183 0.1825 0.1387)
(0.5329 0.1825 0.1387)
(0.5475 0.1825 0.1387)
(0.5621 0.1825 0.1387)
(0.5767 0.1825 0.1387)
(0.0073 0.1971 0.1387)
(0.0219 0.1971 0.1387)
(0.0365 0.1971 0.1387)
(0.0511 0.1971 0.1387)
(0.0657 0.1971 0.1387)
(0.0803 0.1971 0.1387)
(0.0949 0.1971 0.1387)
(0.1095 0.1971 0.1387)
(0.1241 0.1971 0.1387)
(0.1387 0.1971 0.1387)
(0.1533 0.1971 0.1387)
(0.1679 0.1971 0.1387)
(0.1825 0.1971 0.1387)
(0.1971 0.1971 0.1387)
(0.2117 0.1971 0.1387)
(0.2263 0.1971 0.1387)
(0.2409 0.1971 0.1387)
(0.2555 0.1971 0.1387)
(0.2701 0.1971 0.1387)
(0.2847 0.1971 0.1387)
(0.2993 0.1971 0.1387)
(0.3139 0.1971 0.1387)
(0.3285 0.1971 0.1387)
(0.3431 0.1971 0.1387)
(0.3577 0.1971 0.1387)
(0.3723 0.1971 0.1387)
(0.3869 0.1971 0.1387)
(0.4015 0.1971 0.1387)
(0.4161 0.1971 0.1387)
(0.4307 0.1971 0.1387)
(0.4453 0.1971 0.1387)
(0.4599 0.1971 0.1387)
(0.4745 0.1971 0.1387)
(0.4891 0.1971 0.1387)
(0.5037 0.1971 0.1387)
(0.5183 0.1971 0.1387)
(0.5329 0.1971 0.1387)
(0.5475 0.1971 0.1387)
(0.5621 0.1971 0.1387)
(0.5767 0.1971 0.1387)
(0.0073 0.2117 0.1387)
(0.0219 0.2117 0.1387)
(0.0365 0.2117 0.1387)
(0.0511 0.2117 0.1387)
(0.0657 0.2117 0.1387)
(0.0803 0.2117 0.1387)
(0.0949 0.2117 0.1387)
(0.1095 0.2117 0.1387)
(0.1241 0.2117 0.1387)
(0.1387 0.2117 0.1387)
(0.1533 0.2117 0.1387)
(0.1679 0.2117 0.1387)
(0.1825 0.2117 0.1387)
(0.1971 0.2117 0.1387)
(0.2117 0.2117 0.1387)
(0.2263 0.2117 0.1387)
(0.2409 0.2117 0.1387)
(0.2555 0.2117 0.1387)
(0.2701 0.2117 0.1387)
(0.2847 0.2117 0.1387)
(0.2993 0.2117 0.1387)
(0.3139 0.2117 0.1387)
(0.3285 0.2117 0.1387)
(0.3431 0.2117 0.1387)
(0.3577 0.2117 0.1387)
(0.3723 0.2117 0.1387)
(0.3869 0.2117 0.1387)
(0.4015 0.2117 0.1387)
(0.4161 0.2117 0.1387)
(0.4307 0.2117 0.1387)
(0.4453 0.2117 0.1387)
(0.4599 0.2117 0.1387)
(0.4745 0.2117 0.1387)
(0.4891 0.2117 0.1387)
(0.5037 0.2117 0.1387)
(0.5183 0.2117 0.1387)
(0.5329 0.2117 0.1387)
(0.5475 0.2117 0.1387)
(0.5621 0.2117 0.1387)
(0.5767 0.2117 0.1387)
(0.0073 0.2263 0.1387)
(0.0219 0.2263 0.1387)
(0.0365 0.2263 0.1387)
(0.0511 0.2263 0.1387)
(0.0657 0.2263 0.1387)
(0.0803 0.2263 0.1387)
(0.0949 0.2263 0.1387)
(0.1095 0.2263 0.1387)
(0.1241 0.2263 0.1387)
(0.1387 0.2263 0.1387)
(0.1533 0.2263 0.1387)
(0.1679 0.2263 0.1387)
(0.1825 0.2263 0.1387)
(0.1971 0.2263 0.1387)
(0.2117 0.2263 0.1387)
(0.2263 0.2263 0.1387)
(0.2409 0.2263 0.1387)
(0.2555 0.2263 0.1387)
(0.2701 0.2263 0.1387)
(0.2847 0.2263 0.1387)
(0.2993 0.2263 0.1387)
(0.3139 0.2263 0.1387)
(0.3285 0.2263 0.1387)
(0.3431 0.2263 0.1387)
(0.3577 0.2263 0.1387)
(0.3723 0.2263 0.1387)
(0.3869 0.2263 0.1387)
(0.4015 0.2263 0.1387)
(0.4161 0.2263 0.1387)
(0.4307 0.2263 0.1387)
(0.4453 0.2263 0.1387)
(0.4599 0.2263 0.1387)
(0.4745 0.2263 0.1387)
(0.4891 0.2263 0.1387)
(0.5037 0.2263 0.1387)
(0.5183 0.2263 0.1387)
(0.5329 0.2263 0.1387)
(0.5475 0.2263 0.1387)
(0.5621 0.2263 0.1387)
(0.5767 0.2263 0.1387)
(0.0073 0.2409 0.1387)
(0.0219 0.2409 0.1387)
(0.0365 0.2409 0.1387)
(0.0511 0.2409 0.1387)
(0.0657 0.2409 0.1387)
(0.0803 0.2409 0.1387)
(0.0949 0.2409 0.1387)
(0.1095 0.2409 0.1387)
(0.1241 0.2409 0.1387)
(0.1387 0.2409 0.1387)
(0.1533 0.2409 0.1387)
(0.1679 0.2409 0.1387)
(0.1825 0.2409 0.1387)
(0.1971 0.2409 0.1387)
(0.2117 0.2409 0.1387)
(0.2263 0.2409 0.1387)
(0.2409 0.2409 0.1387)
(0.2555 0.2409 0.1387)
(0.2701 0.2409 0.1387)
(0.2847 0.2409 0.1387)
(0.2993 0.2409 0.1387)
(0.3139 0.2409 0.1387)
(0.3285 0.2409 0.1387)
(0.3431 0.2409 0.1387)
(0.3577 0.2409 0.1387)
(0.3723 0.2409 0.1387)
(0.3869 0.2409 0.1387)
(0.4015 0.2409 0.1387)
(0.4161 0.2409 0.1387)
(0.4307 0.2409 0.1387)
(0.4453 0.2409 0.1387)
(0.4599 0.2409 0.1387)
(0.4745 0.2409 0.1387)
(0.4891 0.2409 0.1387)
(0.5037 0.2409 0.1387)
(0.5183 0.2409 0.1387)
(0.5329 0.2409 0.1387)
(0.5475 0.2409 0.1387)
(0.5621 0.2409 0.1387)
(0.5767 0.2409 0.1387)
(0.0073 0.2555 0.1387)
(0.0219 0.2555 0.1387)
(0.0365 0.2555 0.1387)
(0.0511 0.2555 0.1387)
(0.0657 0.2555 0.1387)
(0.0803 0.2555 0.1387)
(0.0949 0.2555 0.1387)
(0.1095 0.2555 0.1387)
(0.1241 0.2555 0.1387)
(0.1387 0.2555 0.1387)
(0.1533 0.2555 0.1387)
(0.1679 0.2555 0.1387)
(0.1825 0.2555 0.1387)
(0.1971 0.2555 0.1387)
(0.2117 0.2555 0.1387)
(0.2263 0.2555 0.1387)
(0.2409 0.2555 0.1387)
(0.2555 0.2555 0.1387)
(0.2701 0.2555 0.1387)
(0.2847 0.2555 0.1387)
(0.2993 0.2555 0.1387)
(0.3139 0.2555 0.1387)
(0.3285 0.2555 0.1387)
(0.3431 0.2555 0.1387)
(0.3577 0.2555 0.1387)
(0.3723 0.2555 0.1387)
(0.3869 0.2555 0.1387)
(0.4015 0.2555 0.1387)
(0.4161 0.2555 0.1387)
(0.4307 0.2555 0.1387)
(0.4453 0.2555 0.1387)
(0.4599 0.2555 0.1387)
(0.4745 0.2555 0.1387)
(0.4891 0.2555 0.1387)
(0.5037 0.2555 0.1387)
(0.5183 0.2555 0.1387)
(0.5329 0.2555 0.1387)
(0.5475 0.2555 0.1387)
(0.5621 0.2555 0.1387)
(0.5767 0.2555 0.1387)
(0.0073 0.2701 0.1387)
(0.0219 0.2701 0.1387)
(0.0365 0.2701 0.1387)
(0.0511 0.2701 0.1387)
(0.0657 0.2701 0.1387)
(0.0803 0.2701 0.1387)
(0.0949 0.2701 0.1387)
(0.1095 0.2701 0.1387)
(0.1241 0.2701 0.1387)
(0.1387 0.2701 0.1387)
(0.1533 0.2701 0.1387)
(0.1679 0.2701 0.1387)
(0.1825 0.2701 0.1387)
(0.1971 0.2701 0.1387)
(0.2117 0.2701 0.1387)
(0.2263 0.2701 0.1387)
(0.2409 0.2701 0.1387)
(0.2555 0.2701 0.1387)
(0.2701 0.2701 0.1387)
(0.2847 0.2701 0.1387)
(0.2993 0.2701 0.1387)
(0.3139 0.2701 0.1387)
(0.3285 0.2701 0.1387)
(0.3431 0.2701 0.1387)
(0.3577 0.2701 0.1387)
(0.3723 0.2701 0.1387)
(0.3869 0.2701 0.1387)
(0.4015 0.2701 0.1387)
(0.4161 0.2701 0.1387)
(0.4307 0.2701 0.1387)
(0.4453 0.2701 0.1387)
(0.4599 0.2701 0.1387)
(0.4745 0.2701 0.1387)
(0.4891 0.2701 0.1387)
(0.5037 0.2701 0.1387)
(0.5183 0.2701 0.1387)
(0.5329 0.2701 0.1387)
(0.5475 0.2701 0.1387)
(0.5621 0.2701 0.1387)
(0.5767 0.2701 0.1387)
(0.0073 0.2847 0.1387)
(0.0219 0.2847 0.1387)
(0.0365 0.2847 0.1387)
(0.0511 0.2847 0.1387)
(0.0657 0.2847 0.1387)
(0.0803 0.2847 0.1387)
(0.0949 0.2847 0.1387)
(0.1095 0.2847 0.1387)
(0.1241 0.2847 0.1387)
(0.1387 0.2847 0.1387)
(0.1533 0.2847 0.1387)
(0.1679 0.2847 0.1387)
(0.1825 0.2847 0.1387)
(0.1971 0.2847 0.1387)
(0.2117 0.2847 0.1387)
(0.2263 0.2847 0.1387)
(0.2409 0.2847 0.1387)
(0.2555 0.2847 0.1387)
(0.2701 0.2847 0.1387)
(0.2847 0.2847 0.1387)
(0.2993 0.2847 0.1387)
(0.3139 0.2847 0.1387)
(0.3285 0.2847 0.1387)
(0.3431 0.2847 0.1387)
(0.3577 0.2847 0.1387)
(0.3723 0.2847 0.1387)
(0.3869 0.2847 0.1387)
(0.4015 0.2847 0.1387)
(0.4161 0.2847 0.1387)
(0.4307 0.2847 0.1387)
(0.4453 0.2847 0.1387)
(0.4599 0.2847 0.1387)
(0.4745 0.2847 0.1387)
(0.4891 0.2847 0.1387)
(0.5037 0.2847 0.1387)
(0.5183 0.2847 0.1387)
(0.5329 0.2847 0.1387)
(0.5475 0.2847 0.1387)
(0.5621 0.2847 0.1387)
(0.5767 0.2847 0.1387)
(0.0073 0.2993 0.1387)
(0.0219 0.2993 0.1387)
(0.0365 0.2993 0.1387)
(0.0511 0.2993 0.1387)
(0.0657 0.2993 0.1387)
(0.0803 0.2993 0.1387)
(0.0949 0.2993 0.1387)
(0.1095 0.2993 0.1387)
(0.1241 0.2993 0.1387)
(0.1387 0.2993 0.1387)
(0.1533 0.2993 0.1387)
(0.1679 0.2993 0.1387)
(0.1825 0.2993 0.1387)
(0.1971 0.2993 0.1387)
(0.2117 0.2993 0.1387)
(0.2263 0.2993 0.1387)
(0.2409 0.2993 0.1387)
(0.2555 0.2993 0.1387)
(0.2701 0.2993 0.1387)
(0.2847 0.2993 0.1387)
(0.2993 0.2993 0.1387)
(0.3139 0.2993 0.1387)
(0.3285 0.2993 0.1387)
(0.3431 0.2993 0.1387)
(0.3577 0.2993 0.1387)
(0.3723 0.2993 0.1387)
(0.3869 0.2993 0.1387)
(0.4015 0.2993 0.1387)
(0.4161 0.2993 0.1387)
(0.4307 0.2993 0.1387)
(0.4453 0.2993 0.1387)
(0.4599 0.2993 0.1387)
(0.4745 0.2993 0.1387)
(0.4891 0.2993 0.1387)
(0.5037 0.2993 0.1387)
(0.5183 0.2993 0.1387)
(0.5329 0.2993 0.1387)
(0.5475 0.2993 0.1387)
(0.5621 0.2993 0.1387)
(0.5767 0.2993 0.1387)
(0.0073 0.3139 0.1387)
(0.0219 0.3139 0.1387)
(0.0365 0.3139 0.1387)
(0.0511 0.3139 0.1387)
(0.0657 0.3139 0.1387)
(0.0803 0.3139 0.1387)
(0.0949 0.3139 0.1387)
(0.1095 0.3139 0.1387)
(0.1241 0.3139 0.1387)
(0.1387 0.3139 0.1387)
(0.1533 0.3139 0.1387)
(0.1679 0.3139 0.1387)
(0.1825 0.3139 0.1387)
(0.1971 0.3139 0.1387)
(0.2117 0.3139 0.1387)
(0.2263 0.3139 0.1387)
(0.2409 0.3139 0.1387)
(0.2555 0.3139 0.1387)
(0.2701 0.3139 0.1387)
(0.2847 0.3139 0.1387)
(0.2993 0.3139 0.1387)
(0.3139 0.3139 0.1387)
(0.3285 0.3139 0.1387)
(0.3431 0.3139 0.1387)
(0.3577 0.3139 0.1387)
(0.3723 0.3139 0.1387)
(0.3869 0.3139 0.1387)
(0.4015 0.3139 0.1387)
(0.4161 0.3139 0.1387)
(0.4307 0.3139 0.1387)
(0.4453 0.3139 0.1387)
(0.4599 0.3139 0.1387)
(0.4745 0.3139 0.1387)
(0.4891 0.3139 0.1387)
(0.5037 0.3139 0.1387)
(0.5183 0.3139 0.1387)
(0.5329 0.3139 0.1387)
(0.5475 0.3139 0.1387)
(0.5621 0.3139 0.1387)
(0.5767 0.3139 0.1387)
(0.0073 0.3285 0.1387)
(0.0219 0.3285 0.1387)
(0.0365 0.3285 0.1387)
(0.0511 0.3285 0.1387)
(0.0657 0.3285 0.1387)
(0.0803 0.3285 0.1387)
(0.0949 0.3285 0.1387)
(0.1095 0.3285 0.1387)
(0.1241 0.3285 0.1387)
(0.1387 0.3285 0.1387)
(0.1533 0.3285 0.1387)
(0.1679 0.3285 0.1387)
(0.1825 0.3285 0.1387)
(0.1971 0.3285 0.1387)
(0.2117 0.3285 0.1387)
(0.2263 0.3285 0.1387)
(0.2409 0.3285 0.1387)
(0.2555 0.3285 0.1387)
(0.2701 0.3285 0.1387)
(0.2847 0.3285 0.1387)
(0.2993 0.3285 0.1387)
(0.3139 0.3285 0.1387)
(0.3285 0.3285 0.1387)
(0.3431 0.3285 0.1387)
(0.3577 0.3285 0.1387)
(0.3723 0.3285 0.1387)
(0.3869 0.3285 0.1387)
(0.4015 0.3285 0.1387)
(0.4161 0.3285 0.1387)
(0.4307 0.3285 0.1387)
(0.4453 0.3285 0.1387)
(0.4599 0.3285 0.1387)
(0.4745 0.3285 0.1387)
(0.4891 0.3285 0.1387)
(0.5037 0.3285 0.1387)
(0.5183 0.3285 0.1387)
(0.5329 0.3285 0.1387)
(0.5475 0.3285 0.1387)
(0.5621 0.3285 0.1387)
(0.5767 0.3285 0.1387)
(0.0073 0.3431 0.1387)
(0.0219 0.3431 0.1387)
(0.0365 0.3431 0.1387)
(0.0511 0.3431 0.1387)
(0.0657 0.3431 0.1387)
(0.0803 0.3431 0.1387)
(0.0949 0.3431 0.1387)
(0.1095 0.3431 0.1387)
(0.1241 0.3431 0.1387)
(0.1387 0.3431 0.1387)
(0.1533 0.3431 0.1387)
(0.1679 0.3431 0.1387)
(0.1825 0.3431 0.1387)
(0.1971 0.3431 0.1387)
(0.2117 0.3431 0.1387)
(0.2263 0.3431 0.1387)
(0.2409 0.3431 0.1387)
(0.2555 0.3431 0.1387)
(0.2701 0.3431 0.1387)
(0.2847 0.3431 0.1387)
(0.2993 0.3431 0.1387)
(0.3139 0.3431 0.1387)
(0.3285 0.3431 0.1387)
(0.3431 0.3431 0.1387)
(0.3577 0.3431 0.1387)
(0.3723 0.3431 0.1387)
(0.3869 0.3431 0.1387)
(0.4015 0.3431 0.1387)
(0.4161 0.3431 0.1387)
(0.4307 0.3431 0.1387)
(0.4453 0.3431 0.1387)
(0.4599 0.3431 0.1387)
(0.4745 0.3431 0.1387)
(0.4891 0.3431 0.1387)
(0.5037 0.3431 0.1387)
(0.5183 0.3431 0.1387)
(0.5329 0.3431 0.1387)
(0.5475 0.3431 0.1387)
(0.5621 0.3431 0.1387)
(0.5767 0.3431 0.1387)
(0.0073 0.3577 0.1387)
(0.0219 0.3577 0.1387)
(0.0365 0.3577 0.1387)
(0.0511 0.3577 0.1387)
(0.0657 0.3577 0.1387)
(0.0803 0.3577 0.1387)
(0.0949 0.3577 0.1387)
(0.1095 0.3577 0.1387)
(0.1241 0.3577 0.1387)
(0.1387 0.3577 0.1387)
(0.1533 0.3577 0.1387)
(0.1679 0.3577 0.1387)
(0.1825 0.3577 0.1387)
(0.1971 0.3577 0.1387)
(0.2117 0.3577 0.1387)
(0.2263 0.3577 0.1387)
(0.2409 0.3577 0.1387)
(0.2555 0.3577 0.1387)
(0.2701 0.3577 0.1387)
(0.2847 0.3577 0.1387)
(0.2993 0.3577 0.1387)
(0.3139 0.3577 0.1387)
(0.3285 0.3577 0.1387)
(0.3431 0.3577 0.1387)
(0.3577 0.3577 0.1387)
(0.3723 0.3577 0.1387)
(0.3869 0.3577 0.1387)
(0.4015 0.3577 0.1387)
(0.4161 0.3577 0.1387)
(0.4307 0.3577 0.1387)
(0.4453 0.3577 0.1387)
(0.4599 0.3577 0.1387)
(0.4745 0.3577 0.1387)
(0.4891 0.3577 0.1387)
(0.5037 0.3577 0.1387)
(0.5183 0.3577 0.1387)
(0.5329 0.3577 0.1387)
(0.5475 0.3577 0.1387)
(0.5621 0.3577 0.1387)
(0.5767 0.3577 0.1387)
(0.0073 0.3723 0.1387)
(0.0219 0.3723 0.1387)
(0.0365 0.3723 0.1387)
(0.0511 0.3723 0.1387)
(0.0657 0.3723 0.1387)
(0.0803 0.3723 0.1387)
(0.0949 0.3723 0.1387)
(0.1095 0.3723 0.1387)
(0.1241 0.3723 0.1387)
(0.1387 0.3723 0.1387)
(0.1533 0.3723 0.1387)
(0.1679 0.3723 0.1387)
(0.1825 0.3723 0.1387)
(0.1971 0.3723 0.1387)
(0.2117 0.3723 0.1387)
(0.2263 0.3723 0.1387)
(0.2409 0.3723 0.1387)
(0.2555 0.3723 0.1387)
(0.2701 0.3723 0.1387)
(0.2847 0.3723 0.1387)
(0.2993 0.3723 0.1387)
(0.3139 0.3723 0.1387)
(0.3285 0.3723 0.1387)
(0.3431 0.3723 0.1387)
(0.3577 0.3723 0.1387)
(0.3723 0.3723 0.1387)
(0.3869 0.3723 0.1387)
(0.4015 0.3723 0.1387)
(0.4161 0.3723 0.1387)
(0.4307 0.3723 0.1387)
(0.4453 0.3723 0.1387)
(0.4599 0.3723 0.1387)
(0.4745 0.3723 0.1387)
(0.4891 0.3723 0.1387)
(0.5037 0.3723 0.1387)
(0.5183 0.3723 0.1387)
(0.5329 0.3723 0.1387)
(0.5475 0.3723 0.1387)
(0.5621 0.3723 0.1387)
(0.5767 0.3723 0.1387)
(0.0073 0.3869 0.1387)
(0.0219 0.3869 0.1387)
(0.0365 0.3869 0.1387)
(0.0511 0.3869 0.1387)
(0.0657 0.3869 0.1387)
(0.0803 0.3869 0.1387)
(0.0949 0.3869 0.1387)
(0.1095 0.3869 0.1387)
(0.1241 0.3869 0.1387)
(0.1387 0.3869 0.1387)
(0.1533 0.3869 0.1387)
(0.1679 0.3869 0.1387)
(0.1825 0.3869 0.1387)
(0.1971 0.3869 0.1387)
(0.2117 0.3869 0.1387)
(0.2263 0.3869 0.1387)
(0.2409 0.3869 0.1387)
(0.2555 0.3869 0.1387)
(0.2701 0.3869 0.1387)
(0.2847 0.3869 0.1387)
(0.2993 0.3869 0.1387)
(0.3139 0.3869 0.1387)
(0.3285 0.3869 0.1387)
(0.3431 0.3869 0.1387)
(0.3577 0.3869 0.1387)
(0.3723 0.3869 0.1387)
(0.3869 0.3869 0.1387)
(0.4015 0.3869 0.1387)
(0.4161 0.3869 0.1387)
(0.4307 0.3869 0.1387)
(0.4453 0.3869 0.1387)
(0.4599 0.3869 0.1387)
(0.4745 0.3869 0.1387)
(0.4891 0.3869 0.1387)
(0.5037 0.3869 0.1387)
(0.5183 0.3869 0.1387)
(0.5329 0.3869 0.1387)
(0.5475 0.3869 0.1387)
(0.5621 0.3869 0.1387)
(0.5767 0.3869 0.1387)
(0.0073 0.4015 0.1387)
(0.0219 0.4015 0.1387)
(0.0365 0.4015 0.1387)
(0.0511 0.4015 0.1387)
(0.0657 0.4015 0.1387)
(0.0803 0.4015 0.1387)
(0.0949 0.4015 0.1387)
(0.1095 0.4015 0.1387)
(0.1241 0.4015 0.1387)
(0.1387 0.4015 0.1387)
(0.1533 0.4015 0.1387)
(0.1679 0.4015 0.1387)
(0.1825 0.4015 0.1387)
(0.1971 0.4015 0.1387)
(0.2117 0.4015 0.1387)
(0.2263 0.4015 0.1387)
(0.2409 0.4015 0.1387)
(0.2555 0.4015 0.1387)
(0.2701 0.4015 0.1387)
(0.2847 0.4015 0.1387)
(0.2993 0.4015 0.1387)
(0.3139 0.4015 0.1387)
(0.3285 0.4015 0.1387)
(0.3431 0.4015 0.1387)
(0.3577 0.4015 0.1387)
(0.3723 0.4015 0.1387)
(0.3869 0.4015 0.1387)
(0.4015 0.4015 0.1387)
(0.4161 0.4015 0.1387)
(0.4307 0.4015 0.1387)
(0.4453 0.4015 0.1387)
(0.4599 0.4015 0.1387)
(0.4745 0.4015 0.1387)
(0.4891 0.4015 0.1387)
(0.5037 0.4015 0.1387)
(0.5183 0.4015 0.1387)
(0.5329 0.4015 0.1387)
(0.5475 0.4015 0.1387)
(0.5621 0.4015 0.1387)
(0.5767 0.4015 0.1387)
(0.0073 0.4161 0.1387)
(0.0219 0.4161 0.1387)
(0.0365 0.4161 0.1387)
(0.0511 0.4161 0.1387)
(0.0657 0.4161 0.1387)
(0.0803 0.4161 0.1387)
(0.0949 0.4161 0.1387)
(0.1095 0.4161 0.1387)
(0.1241 0.4161 0.1387)
(0.1387 0.4161 0.1387)
(0.1533 0.4161 0.1387)
(0.1679 0.4161 0.1387)
(0.1825 0.4161 0.1387)
(0.1971 0.4161 0.1387)
(0.2117 0.4161 0.1387)
(0.2263 0.4161 0.1387)
(0.2409 0.4161 0.1387)
(0.2555 0.4161 0.1387)
(0.2701 0.4161 0.1387)
(0.2847 0.4161 0.1387)
(0.2993 0.4161 0.1387)
(0.3139 0.4161 0.1387)
(0.3285 0.4161 0.1387)
(0.3431 0.4161 0.1387)
(0.3577 0.4161 0.1387)
(0.3723 0.4161 0.1387)
(0.3869 0.4161 0.1387)
(0.4015 0.4161 0.1387)
(0.4161 0.4161 0.1387)
(0.4307 0.4161 0.1387)
(0.4453 0.4161 0.1387)
(0.4599 0.4161 0.1387)
(0.4745 0.4161 0.1387)
(0.4891 0.4161 0.1387)
(0.5037 0.4161 0.1387)
(0.5183 0.4161 0.1387)
(0.5329 0.4161 0.1387)
(0.5475 0.4161 0.1387)
(0.5621 0.4161 0.1387)
(0.5767 0.4161 0.1387)
(0.0073 0.4307 0.1387)
(0.0219 0.4307 0.1387)
(0.0365 0.4307 0.1387)
(0.0511 0.4307 0.1387)
(0.0657 0.4307 0.1387)
(0.0803 0.4307 0.1387)
(0.0949 0.4307 0.1387)
(0.1095 0.4307 0.1387)
(0.1241 0.4307 0.1387)
(0.1387 0.4307 0.1387)
(0.1533 0.4307 0.1387)
(0.1679 0.4307 0.1387)
(0.1825 0.4307 0.1387)
(0.1971 0.4307 0.1387)
(0.2117 0.4307 0.1387)
(0.2263 0.4307 0.1387)
(0.2409 0.4307 0.1387)
(0.2555 0.4307 0.1387)
(0.2701 0.4307 0.1387)
(0.2847 0.4307 0.1387)
(0.2993 0.4307 0.1387)
(0.3139 0.4307 0.1387)
(0.3285 0.4307 0.1387)
(0.3431 0.4307 0.1387)
(0.3577 0.4307 0.1387)
(0.3723 0.4307 0.1387)
(0.3869 0.4307 0.1387)
(0.4015 0.4307 0.1387)
(0.4161 0.4307 0.1387)
(0.4307 0.4307 0.1387)
(0.4453 0.4307 0.1387)
(0.4599 0.4307 0.1387)
(0.4745 0.4307 0.1387)
(0.4891 0.4307 0.1387)
(0.5037 0.4307 0.1387)
(0.5183 0.4307 0.1387)
(0.5329 0.4307 0.1387)
(0.5475 0.4307 0.1387)
(0.5621 0.4307 0.1387)
(0.5767 0.4307 0.1387)
(0.0073 0.4453 0.1387)
(0.0219 0.4453 0.1387)
(0.0365 0.4453 0.1387)
(0.0511 0.4453 0.1387)
(0.0657 0.4453 0.1387)
(0.0803 0.4453 0.1387)
(0.0949 0.4453 0.1387)
(0.1095 0.4453 0.1387)
(0.1241 0.4453 0.1387)
(0.1387 0.4453 0.1387)
(0.1533 0.4453 0.1387)
(0.1679 0.4453 0.1387)
(0.1825 0.4453 0.1387)
(0.1971 0.4453 0.1387)
(0.2117 0.4453 0.1387)
(0.2263 0.4453 0.1387)
(0.2409 0.4453 0.1387)
(0.2555 0.4453 0.1387)
(0.2701 0.4453 0.1387)
(0.2847 0.4453 0.1387)
(0.2993 0.4453 0.1387)
(0.3139 0.4453 0.1387)
(0.3285 0.4453 0.1387)
(0.3431 0.4453 0.1387)
(0.3577 0.4453 0.1387)
(0.3723 0.4453 0.1387)
(0.3869 0.4453 0.1387)
(0.4015 0.4453 0.1387)
(0.4161 0.4453 0.1387)
(0.4307 0.4453 0.1387)
(0.4453 0.4453 0.1387)
(0.4599 0.4453 0.1387)
(0.4745 0.4453 0.1387)
(0.4891 0.4453 0.1387)
(0.5037 0.4453 0.1387)
(0.5183 0.4453 0.1387)
(0.5329 0.4453 0.1387)
(0.5475 0.4453 0.1387)
(0.5621 0.4453 0.1387)
(0.5767 0.4453 0.1387)
(0.0073 0.4599 0.1387)
(0.0219 0.4599 0.1387)
(0.0365 0.4599 0.1387)
(0.0511 0.4599 0.1387)
(0.0657 0.4599 0.1387)
(0.0803 0.4599 0.1387)
(0.0949 0.4599 0.1387)
(0.1095 0.4599 0.1387)
(0.1241 0.4599 0.1387)
(0.1387 0.4599 0.1387)
(0.1533 0.4599 0.1387)
(0.1679 0.4599 0.1387)
(0.1825 0.4599 0.1387)
(0.1971 0.4599 0.1387)
(0.2117 0.4599 0.1387)
(0.2263 0.4599 0.1387)
(0.2409 0.4599 0.1387)
(0.2555 0.4599 0.1387)
(0.2701 0.4599 0.1387)
(0.2847 0.4599 0.1387)
(0.2993 0.4599 0.1387)
(0.3139 0.4599 0.1387)
(0.3285 0.4599 0.1387)
(0.3431 0.4599 0.1387)
(0.3577 0.4599 0.1387)
(0.3723 0.4599 0.1387)
(0.3869 0.4599 0.1387)
(0.4015 0.4599 0.1387)
(0.4161 0.4599 0.1387)
(0.4307 0.4599 0.1387)
(0.4453 0.4599 0.1387)
(0.4599 0.4599 0.1387)
(0.4745 0.4599 0.1387)
(0.4891 0.4599 0.1387)
(0.5037 0.4599 0.1387)
(0.5183 0.4599 0.1387)
(0.5329 0.4599 0.1387)
(0.5475 0.4599 0.1387)
(0.5621 0.4599 0.1387)
(0.5767 0.4599 0.1387)
(0.0073 0.4745 0.1387)
(0.0219 0.4745 0.1387)
(0.0365 0.4745 0.1387)
(0.0511 0.4745 0.1387)
(0.0657 0.4745 0.1387)
(0.0803 0.4745 0.1387)
(0.0949 0.4745 0.1387)
(0.1095 0.4745 0.1387)
(0.1241 0.4745 0.1387)
(0.1387 0.4745 0.1387)
(0.1533 0.4745 0.1387)
(0.1679 0.4745 0.1387)
(0.1825 0.4745 0.1387)
(0.1971 0.4745 0.1387)
(0.2117 0.4745 0.1387)
(0.2263 0.4745 0.1387)
(0.2409 0.4745 0.1387)
(0.2555 0.4745 0.1387)
(0.2701 0.4745 0.1387)
(0.2847 0.4745 0.1387)
(0.2993 0.4745 0.1387)
(0.3139 0.4745 0.1387)
(0.3285 0.4745 0.1387)
(0.3431 0.4745 0.1387)
(0.3577 0.4745 0.1387)
(0.3723 0.4745 0.1387)
(0.3869 0.4745 0.1387)
(0.4015 0.4745 0.1387)
(0.4161 0.4745 0.1387)
(0.4307 0.4745 0.1387)
(0.4453 0.4745 0.1387)
(0.4599 0.4745 0.1387)
(0.4745 0.4745 0.1387)
(0.4891 0.4745 0.1387)
(0.5037 0.4745 0.1387)
(0.5183 0.4745 0.1387)
(0.5329 0.4745 0.1387)
(0.5475 0.4745 0.1387)
(0.5621 0.4745 0.1387)
(0.5767 0.4745 0.1387)
(0.0073 0.4891 0.1387)
(0.0219 0.4891 0.1387)
(0.0365 0.4891 0.1387)
(0.0511 0.4891 0.1387)
(0.0657 0.4891 0.1387)
(0.0803 0.4891 0.1387)
(0.0949 0.4891 0.1387)
(0.1095 0.4891 0.1387)
(0.1241 0.4891 0.1387)
(0.1387 0.4891 0.1387)
(0.1533 0.4891 0.1387)
(0.1679 0.4891 0.1387)
(0.1825 0.4891 0.1387)
(0.1971 0.4891 0.1387)
(0.2117 0.4891 0.1387)
(0.2263 0.4891 0.1387)
(0.2409 0.4891 0.1387)
(0.2555 0.4891 0.1387)
(0.2701 0.4891 0.1387)
(0.2847 0.4891 0.1387)
(0.2993 0.4891 0.1387)
(0.3139 0.4891 0.1387)
(0.3285 0.4891 0.1387)
(0.3431 0.4891 0.1387)
(0.3577 0.4891 0.1387)
(0.3723 0.4891 0.1387)
(0.3869 0.4891 0.1387)
(0.4015 0.4891 0.1387)
(0.4161 0.4891 0.1387)
(0.4307 0.4891 0.1387)
(0.4453 0.4891 0.1387)
(0.4599 0.4891 0.1387)
(0.4745 0.4891 0.1387)
(0.4891 0.4891 0.1387)
(0.5037 0.4891 0.1387)
(0.5183 0.4891 0.1387)
(0.5329 0.4891 0.1387)
(0.5475 0.4891 0.1387)
(0.5621 0.4891 0.1387)
(0.5767 0.4891 0.1387)
(0.0073 0.5037 0.1387)
(0.0219 0.5037 0.1387)
(0.0365 0.5037 0.1387)
(0.0511 0.5037 0.1387)
(0.0657 0.5037 0.1387)
(0.0803 0.5037 0.1387)
(0.0949 0.5037 0.1387)
(0.1095 0.5037 0.1387)
(0.1241 0.5037 0.1387)
(0.1387 0.5037 0.1387)
(0.1533 0.5037 0.1387)
(0.1679 0.5037 0.1387)
(0.1825 0.5037 0.1387)
(0.1971 0.5037 0.1387)
(0.2117 0.5037 0.1387)
(0.2263 0.5037 0.1387)
(0.2409 0.5037 0.1387)
(0.2555 0.5037 0.1387)
(0.2701 0.5037 0.1387)
(0.2847 0.5037 0.1387)
(0.2993 0.5037 0.1387)
(0.3139 0.5037 0.1387)
(0.3285 0.5037 0.1387)
(0.3431 0.5037 0.1387)
(0.3577 0.5037 0.1387)
(0.3723 0.5037 0.1387)
(0.3869 0.5037 0.1387)
(0.4015 0.5037 0.1387)
(0.4161 0.5037 0.1387)
(0.4307 0.5037 0.1387)
(0.4453 0.5037 0.1387)
(0.4599 0.5037 0.1387)
(0.4745 0.5037 0.1387)
(0.4891 0.5037 0.1387)
(0.5037 0.5037 0.1387)
(0.5183 0.5037 0.1387)
(0.5329 0.5037 0.1387)
(0.5475 0.5037 0.1387)
(0.5621 0.5037 0.1387)
(0.5767 0.5037 0.1387)
(0.0073 0.5183 0.1387)
(0.0219 0.5183 0.1387)
(0.0365 0.5183 0.1387)
(0.0511 0.5183 0.1387)
(0.0657 0.5183 0.1387)
(0.0803 0.5183 0.1387)
(0.0949 0.5183 0.1387)
(0.1095 0.5183 0.1387)
(0.1241 0.5183 0.1387)
(0.1387 0.5183 0.1387)
(0.1533 0.5183 0.1387)
(0.1679 0.5183 0.1387)
(0.1825 0.5183 0.1387)
(0.1971 0.5183 0.1387)
(0.2117 0.5183 0.1387)
(0.2263 0.5183 0.1387)
(0.2409 0.5183 0.1387)
(0.2555 0.5183 0.1387)
(0.2701 0.5183 0.1387)
(0.2847 0.5183 0.1387)
(0.2993 0.5183 0.1387)
(0.3139 0.5183 0.1387)
(0.3285 0.5183 0.1387)
(0.3431 0.5183 0.1387)
(0.3577 0.5183 0.1387)
(0.3723 0.5183 0.1387)
(0.3869 0.5183 0.1387)
(0.4015 0.5183 0.1387)
(0.4161 0.5183 0.1387)
(0.4307 0.5183 0.1387)
(0.4453 0.5183 0.1387)
(0.4599 0.5183 0.1387)
(0.4745 0.5183 0.1387)
(0.4891 0.5183 0.1387)
(0.5037 0.5183 0.1387)
(0.5183 0.5183 0.1387)
(0.5329 0.5183 0.1387)
(0.5475 0.5183 0.1387)
(0.5621 0.5183 0.1387)
(0.5767 0.5183 0.1387)
(0.0073 0.5329 0.1387)
(0.0219 0.5329 0.1387)
(0.0365 0.5329 0.1387)
(0.0511 0.5329 0.1387)
(0.0657 0.5329 0.1387)
(0.0803 0.5329 0.1387)
(0.0949 0.5329 0.1387)
(0.1095 0.5329 0.1387)
(0.1241 0.5329 0.1387)
(0.1387 0.5329 0.1387)
(0.1533 0.5329 0.1387)
(0.1679 0.5329 0.1387)
(0.1825 0.5329 0.1387)
(0.1971 0.5329 0.1387)
(0.2117 0.5329 0.1387)
(0.2263 0.5329 0.1387)
(0.2409 0.5329 0.1387)
(0.2555 0.5329 0.1387)
(0.2701 0.5329 0.1387)
(0.2847 0.5329 0.1387)
(0.2993 0.5329 0.1387)
(0.3139 0.5329 0.1387)
(0.3285 0.5329 0.1387)
(0.3431 0.5329 0.1387)
(0.3577 0.5329 0.1387)
(0.3723 0.5329 0.1387)
(0.3869 0.5329 0.1387)
(0.4015 0.5329 0.1387)
(0.4161 0.5329 0.1387)
(0.4307 0.5329 0.1387)
(0.4453 0.5329 0.1387)
(0.4599 0.5329 0.1387)
(0.4745 0.5329 0.1387)
(0.4891 0.5329 0.1387)
(0.5037 0.5329 0.1387)
(0.5183 0.5329 0.1387)
(0.5329 0.5329 0.1387)
(0.5475 0.5329 0.1387)
(0.5621 0.5329 0.1387)
(0.5767 0.5329 0.1387)
(0.0073 0.5475 0.1387)
(0.0219 0.5475 0.1387)
(0.0365 0.5475 0.1387)
(0.0511 0.5475 0.1387)
(0.0657 0.5475 0.1387)
(0.0803 0.5475 0.1387)
(0.0949 0.5475 0.1387)
(0.1095 0.5475 0.1387)
(0.1241 0.5475 0.1387)
(0.1387 0.5475 0.1387)
(0.1533 0.5475 0.1387)
(0.1679 0.5475 0.1387)
(0.1825 0.5475 0.1387)
(0.1971 0.5475 0.1387)
(0.2117 0.5475 0.1387)
(0.2263 0.5475 0.1387)
(0.2409 0.5475 0.1387)
(0.2555 0.5475 0.1387)
(0.2701 0.5475 0.1387)
(0.2847 0.5475 0.1387)
(0.2993 0.5475 0.1387)
(0.3139 0.5475 0.1387)
(0.3285 0.5475 0.1387)
(0.3431 0.5475 0.1387)
(0.3577 0.5475 0.1387)
(0.3723 0.5475 0.1387)
(0.3869 0.5475 0.1387)
(0.4015 0.5475 0.1387)
(0.4161 0.5475 0.1387)
(0.4307 0.5475 0.1387)
(0.4453 0.5475 0.1387)
(0.4599 0.5475 0.1387)
(0.4745 0.5475 0.1387)
(0.4891 0.5475 0.1387)
(0.5037 0.5475 0.1387)
(0.5183 0.5475 0.1387)
(0.5329 0.5475 0.1387)
(0.5475 0.5475 0.1387)
(0.5621 0.5475 0.1387)
(0.5767 0.5475 0.1387)
(0.0073 0.5621 0.1387)
(0.0219 0.5621 0.1387)
(0.0365 0.5621 0.1387)
(0.0511 0.5621 0.1387)
(0.0657 0.5621 0.1387)
(0.0803 0.5621 0.1387)
(0.0949 0.5621 0.1387)
(0.1095 0.5621 0.1387)
(0.1241 0.5621 0.1387)
(0.1387 0.5621 0.1387)
(0.1533 0.5621 0.1387)
(0.1679 0.5621 0.1387)
(0.1825 0.5621 0.1387)
(0.1971 0.5621 0.1387)
(0.2117 0.5621 0.1387)
(0.2263 0.5621 0.1387)
(0.2409 0.5621 0.1387)
(0.2555 0.5621 0.1387)
(0.2701 0.5621 0.1387)
(0.2847 0.5621 0.1387)
(0.2993 0.5621 0.1387)
(0.3139 0.5621 0.1387)
(0.3285 0.5621 0.1387)
(0.3431 0.5621 0.1387)
(0.3577 0.5621 0.1387)
(0.3723 0.5621 0.1387)
(0.3869 0.5621 0.1387)
(0.4015 0.5621 0.1387)
(0.4161 0.5621 0.1387)
(0.4307 0.5621 0.1387)
(0.4453 0.5621 0.1387)
(0.4599 0.5621 0.1387)
(0.4745 0.5621 0.1387)
(0.4891 0.5621 0.1387)
(0.5037 0.5621 0.1387)
(0.5183 0.5621 0.1387)
(0.5329 0.5621 0.1387)
(0.5475 0.5621 0.1387)
(0.5621 0.5621 0.1387)
(0.5767 0.5621 0.1387)
(0.0073 0.5767 0.1387)
(0.0219 0.5767 0.1387)
(0.0365 0.5767 0.1387)
(0.0511 0.5767 0.1387)
(0.0657 0.5767 0.1387)
(0.0803 0.5767 0.1387)
(0.0949 0.5767 0.1387)
(0.1095 0.5767 0.1387)
(0.1241 0.5767 0.1387)
(0.1387 0.5767 0.1387)
(0.1533 0.5767 0.1387)
(0.1679 0.5767 0.1387)
(0.1825 0.5767 0.1387)
(0.1971 0.5767 0.1387)
(0.2117 0.5767 0.1387)
(0.2263 0.5767 0.1387)
(0.2409 0.5767 0.1387)
(0.2555 0.5767 0.1387)
(0.2701 0.5767 0.1387)
(0.2847 0.5767 0.1387)
(0.2993 0.5767 0.1387)
(0.3139 0.5767 0.1387)
(0.3285 0.5767 0.1387)
(0.3431 0.5767 0.1387)
(0.3577 0.5767 0.1387)
(0.3723 0.5767 0.1387)
(0.3869 0.5767 0.1387)
(0.4015 0.5767 0.1387)
(0.4161 0.5767 0.1387)
(0.4307 0.5767 0.1387)
(0.4453 0.5767 0.1387)
(0.4599 0.5767 0.1387)
(0.4745 0.5767 0.1387)
(0.4891 0.5767 0.1387)
(0.5037 0.5767 0.1387)
(0.5183 0.5767 0.1387)
(0.5329 0.5767 0.1387)
(0.5475 0.5767 0.1387)
(0.5621 0.5767 0.1387)
(0.5767 0.5767 0.1387)
)
;

boundaryField
{
    backWall
    {
        type            calculated;
        value           nonuniform List<vector> 
1600
(
(0.0073 0.0073 0.146)
(0.0073 0.0219 0.146)
(0.0073 0.0365 0.146)
(0.0073 0.0511 0.146)
(0.0073 0.0657 0.146)
(0.0073 0.0803 0.146)
(0.0073 0.0949 0.146)
(0.0073 0.1095 0.146)
(0.0073 0.1241 0.146)
(0.0073 0.1387 0.146)
(0.0073 0.1533 0.146)
(0.0073 0.1679 0.146)
(0.0073 0.1825 0.146)
(0.0073 0.1971 0.146)
(0.0073 0.2117 0.146)
(0.0073 0.2263 0.146)
(0.0073 0.2409 0.146)
(0.0073 0.2555 0.146)
(0.0073 0.2701 0.146)
(0.0073 0.2847 0.146)
(0.0073 0.2993 0.146)
(0.0073 0.3139 0.146)
(0.0073 0.3285 0.146)
(0.0073 0.3431 0.146)
(0.0073 0.3577 0.146)
(0.0073 0.3723 0.146)
(0.0073 0.3869 0.146)
(0.0073 0.4015 0.146)
(0.0073 0.4161 0.146)
(0.0073 0.4307 0.146)
(0.0073 0.4453 0.146)
(0.0073 0.4599 0.146)
(0.0073 0.4745 0.146)
(0.0073 0.4891 0.146)
(0.0073 0.5037 0.146)
(0.0073 0.5183 0.146)
(0.0073 0.5329 0.146)
(0.0073 0.5475 0.146)
(0.0073 0.5621 0.146)
(0.0073 0.5767 0.146)
(0.0219 0.0073 0.146)
(0.0219 0.0219 0.146)
(0.0219 0.0365 0.146)
(0.0219 0.0511 0.146)
(0.0219 0.0657 0.146)
(0.0219 0.0803 0.146)
(0.0219 0.0949 0.146)
(0.0219 0.1095 0.146)
(0.0219 0.1241 0.146)
(0.0219 0.1387 0.146)
(0.0219 0.1533 0.146)
(0.0219 0.1679 0.146)
(0.0219 0.1825 0.146)
(0.0219 0.1971 0.146)
(0.0219 0.2117 0.146)
(0.0219 0.2263 0.146)
(0.0219 0.2409 0.146)
(0.0219 0.2555 0.146)
(0.0219 0.2701 0.146)
(0.0219 0.2847 0.146)
(0.0219 0.2993 0.146)
(0.0219 0.3139 0.146)
(0.0219 0.3285 0.146)
(0.0219 0.3431 0.146)
(0.0219 0.3577 0.146)
(0.0219 0.3723 0.146)
(0.0219 0.3869 0.146)
(0.0219 0.4015 0.146)
(0.0219 0.4161 0.146)
(0.0219 0.4307 0.146)
(0.0219 0.4453 0.146)
(0.0219 0.4599 0.146)
(0.0219 0.4745 0.146)
(0.0219 0.4891 0.146)
(0.0219 0.5037 0.146)
(0.0219 0.5183 0.146)
(0.0219 0.5329 0.146)
(0.0219 0.5475 0.146)
(0.0219 0.5621 0.146)
(0.0219 0.5767 0.146)
(0.0365 0.0073 0.146)
(0.0365 0.0219 0.146)
(0.0365 0.0365 0.146)
(0.0365 0.0511 0.146)
(0.0365 0.0657 0.146)
(0.0365 0.0803 0.146)
(0.0365 0.0949 0.146)
(0.0365 0.1095 0.146)
(0.0365 0.1241 0.146)
(0.0365 0.1387 0.146)
(0.0365 0.1533 0.146)
(0.0365 0.1679 0.146)
(0.0365 0.1825 0.146)
(0.0365 0.1971 0.146)
(0.0365 0.2117 0.146)
(0.0365 0.2263 0.146)
(0.0365 0.2409 0.146)
(0.0365 0.2555 0.146)
(0.0365 0.2701 0.146)
(0.0365 0.2847 0.146)
(0.0365 0.2993 0.146)
(0.0365 0.3139 0.146)
(0.0365 0.3285 0.146)
(0.0365 0.3431 0.146)
(0.0365 0.3577 0.146)
(0.0365 0.3723 0.146)
(0.0365 0.3869 0.146)
(0.0365 0.4015 0.146)
(0.0365 0.4161 0.146)
(0.0365 0.4307 0.146)
(0.0365 0.4453 0.146)
(0.0365 0.4599 0.146)
(0.0365 0.4745 0.146)
(0.0365 0.4891 0.146)
(0.0365 0.5037 0.146)
(0.0365 0.5183 0.146)
(0.0365 0.5329 0.146)
(0.0365 0.5475 0.146)
(0.0365 0.5621 0.146)
(0.0365 0.5767 0.146)
(0.0511 0.0073 0.146)
(0.0511 0.0219 0.146)
(0.0511 0.0365 0.146)
(0.0511 0.0511 0.146)
(0.0511 0.0657 0.146)
(0.0511 0.0803 0.146)
(0.0511 0.0949 0.146)
(0.0511 0.1095 0.146)
(0.0511 0.1241 0.146)
(0.0511 0.1387 0.146)
(0.0511 0.1533 0.146)
(0.0511 0.1679 0.146)
(0.0511 0.1825 0.146)
(0.0511 0.1971 0.146)
(0.0511 0.2117 0.146)
(0.0511 0.2263 0.146)
(0.0511 0.2409 0.146)
(0.0511 0.2555 0.146)
(0.0511 0.2701 0.146)
(0.0511 0.2847 0.146)
(0.0511 0.2993 0.146)
(0.0511 0.3139 0.146)
(0.0511 0.3285 0.146)
(0.0511 0.3431 0.146)
(0.0511 0.3577 0.146)
(0.0511 0.3723 0.146)
(0.0511 0.3869 0.146)
(0.0511 0.4015 0.146)
(0.0511 0.4161 0.146)
(0.0511 0.4307 0.146)
(0.0511 0.4453 0.146)
(0.0511 0.4599 0.146)
(0.0511 0.4745 0.146)
(0.0511 0.4891 0.146)
(0.0511 0.5037 0.146)
(0.0511 0.5183 0.146)
(0.0511 0.5329 0.146)
(0.0511 0.5475 0.146)
(0.0511 0.5621 0.146)
(0.0511 0.5767 0.146)
(0.0657 0.0073 0.146)
(0.0657 0.0219 0.146)
(0.0657 0.0365 0.146)
(0.0657 0.0511 0.146)
(0.0657 0.0657 0.146)
(0.0657 0.0803 0.146)
(0.0657 0.0949 0.146)
(0.0657 0.1095 0.146)
(0.0657 0.1241 0.146)
(0.0657 0.1387 0.146)
(0.0657 0.1533 0.146)
(0.0657 0.1679 0.146)
(0.0657 0.1825 0.146)
(0.0657 0.1971 0.146)
(0.0657 0.2117 0.146)
(0.0657 0.2263 0.146)
(0.0657 0.2409 0.146)
(0.0657 0.2555 0.146)
(0.0657 0.2701 0.146)
(0.0657 0.2847 0.146)
(0.0657 0.2993 0.146)
(0.0657 0.3139 0.146)
(0.0657 0.3285 0.146)
(0.0657 0.3431 0.146)
(0.0657 0.3577 0.146)
(0.0657 0.3723 0.146)
(0.0657 0.3869 0.146)
(0.0657 0.4015 0.146)
(0.0657 0.4161 0.146)
(0.0657 0.4307 0.146)
(0.0657 0.4453 0.146)
(0.0657 0.4599 0.146)
(0.0657 0.4745 0.146)
(0.0657 0.4891 0.146)
(0.0657 0.5037 0.146)
(0.0657 0.5183 0.146)
(0.0657 0.5329 0.146)
(0.0657 0.5475 0.146)
(0.0657 0.5621 0.146)
(0.0657 0.5767 0.146)
(0.0803 0.0073 0.146)
(0.0803 0.0219 0.146)
(0.0803 0.0365 0.146)
(0.0803 0.0511 0.146)
(0.0803 0.0657 0.146)
(0.0803 0.0803 0.146)
(0.0803 0.0949 0.146)
(0.0803 0.1095 0.146)
(0.0803 0.1241 0.146)
(0.0803 0.1387 0.146)
(0.0803 0.1533 0.146)
(0.0803 0.1679 0.146)
(0.0803 0.1825 0.146)
(0.0803 0.1971 0.146)
(0.0803 0.2117 0.146)
(0.0803 0.2263 0.146)
(0.0803 0.2409 0.146)
(0.0803 0.2555 0.146)
(0.0803 0.2701 0.146)
(0.0803 0.2847 0.146)
(0.0803 0.2993 0.146)
(0.0803 0.3139 0.146)
(0.0803 0.3285 0.146)
(0.0803 0.3431 0.146)
(0.0803 0.3577 0.146)
(0.0803 0.3723 0.146)
(0.0803 0.3869 0.146)
(0.0803 0.4015 0.146)
(0.0803 0.4161 0.146)
(0.0803 0.4307 0.146)
(0.0803 0.4453 0.146)
(0.0803 0.4599 0.146)
(0.0803 0.4745 0.146)
(0.0803 0.4891 0.146)
(0.0803 0.5037 0.146)
(0.0803 0.5183 0.146)
(0.0803 0.5329 0.146)
(0.0803 0.5475 0.146)
(0.0803 0.5621 0.146)
(0.0803 0.5767 0.146)
(0.0949 0.0073 0.146)
(0.0949 0.0219 0.146)
(0.0949 0.0365 0.146)
(0.0949 0.0511 0.146)
(0.0949 0.0657 0.146)
(0.0949 0.0803 0.146)
(0.0949 0.0949 0.146)
(0.0949 0.1095 0.146)
(0.0949 0.1241 0.146)
(0.0949 0.1387 0.146)
(0.0949 0.1533 0.146)
(0.0949 0.1679 0.146)
(0.0949 0.1825 0.146)
(0.0949 0.1971 0.146)
(0.0949 0.2117 0.146)
(0.0949 0.2263 0.146)
(0.0949 0.2409 0.146)
(0.0949 0.2555 0.146)
(0.0949 0.2701 0.146)
(0.0949 0.2847 0.146)
(0.0949 0.2993 0.146)
(0.0949 0.3139 0.146)
(0.0949 0.3285 0.146)
(0.0949 0.3431 0.146)
(0.0949 0.3577 0.146)
(0.0949 0.3723 0.146)
(0.0949 0.3869 0.146)
(0.0949 0.4015 0.146)
(0.0949 0.4161 0.146)
(0.0949 0.4307 0.146)
(0.0949 0.4453 0.146)
(0.0949 0.4599 0.146)
(0.0949 0.4745 0.146)
(0.0949 0.4891 0.146)
(0.0949 0.5037 0.146)
(0.0949 0.5183 0.146)
(0.0949 0.5329 0.146)
(0.0949 0.5475 0.146)
(0.0949 0.5621 0.146)
(0.0949 0.5767 0.146)
(0.1095 0.0073 0.146)
(0.1095 0.0219 0.146)
(0.1095 0.0365 0.146)
(0.1095 0.0511 0.146)
(0.1095 0.0657 0.146)
(0.1095 0.0803 0.146)
(0.1095 0.0949 0.146)
(0.1095 0.1095 0.146)
(0.1095 0.1241 0.146)
(0.1095 0.1387 0.146)
(0.1095 0.1533 0.146)
(0.1095 0.1679 0.146)
(0.1095 0.1825 0.146)
(0.1095 0.1971 0.146)
(0.1095 0.2117 0.146)
(0.1095 0.2263 0.146)
(0.1095 0.2409 0.146)
(0.1095 0.2555 0.146)
(0.1095 0.2701 0.146)
(0.1095 0.2847 0.146)
(0.1095 0.2993 0.146)
(0.1095 0.3139 0.146)
(0.1095 0.3285 0.146)
(0.1095 0.3431 0.146)
(0.1095 0.3577 0.146)
(0.1095 0.3723 0.146)
(0.1095 0.3869 0.146)
(0.1095 0.4015 0.146)
(0.1095 0.4161 0.146)
(0.1095 0.4307 0.146)
(0.1095 0.4453 0.146)
(0.1095 0.4599 0.146)
(0.1095 0.4745 0.146)
(0.1095 0.4891 0.146)
(0.1095 0.5037 0.146)
(0.1095 0.5183 0.146)
(0.1095 0.5329 0.146)
(0.1095 0.5475 0.146)
(0.1095 0.5621 0.146)
(0.1095 0.5767 0.146)
(0.1241 0.0073 0.146)
(0.1241 0.0219 0.146)
(0.1241 0.0365 0.146)
(0.1241 0.0511 0.146)
(0.1241 0.0657 0.146)
(0.1241 0.0803 0.146)
(0.1241 0.0949 0.146)
(0.1241 0.1095 0.146)
(0.1241 0.1241 0.146)
(0.1241 0.1387 0.146)
(0.1241 0.1533 0.146)
(0.1241 0.1679 0.146)
(0.1241 0.1825 0.146)
(0.1241 0.1971 0.146)
(0.1241 0.2117 0.146)
(0.1241 0.2263 0.146)
(0.1241 0.2409 0.146)
(0.1241 0.2555 0.146)
(0.1241 0.2701 0.146)
(0.1241 0.2847 0.146)
(0.1241 0.2993 0.146)
(0.1241 0.3139 0.146)
(0.1241 0.3285 0.146)
(0.1241 0.3431 0.146)
(0.1241 0.3577 0.146)
(0.1241 0.3723 0.146)
(0.1241 0.3869 0.146)
(0.1241 0.4015 0.146)
(0.1241 0.4161 0.146)
(0.1241 0.4307 0.146)
(0.1241 0.4453 0.146)
(0.1241 0.4599 0.146)
(0.1241 0.4745 0.146)
(0.1241 0.4891 0.146)
(0.1241 0.5037 0.146)
(0.1241 0.5183 0.146)
(0.1241 0.5329 0.146)
(0.1241 0.5475 0.146)
(0.1241 0.5621 0.146)
(0.1241 0.5767 0.146)
(0.1387 0.0073 0.146)
(0.1387 0.0219 0.146)
(0.1387 0.0365 0.146)
(0.1387 0.0511 0.146)
(0.1387 0.0657 0.146)
(0.1387 0.0803 0.146)
(0.1387 0.0949 0.146)
(0.1387 0.1095 0.146)
(0.1387 0.1241 0.146)
(0.1387 0.1387 0.146)
(0.1387 0.1533 0.146)
(0.1387 0.1679 0.146)
(0.1387 0.1825 0.146)
(0.1387 0.1971 0.146)
(0.1387 0.2117 0.146)
(0.1387 0.2263 0.146)
(0.1387 0.2409 0.146)
(0.1387 0.2555 0.146)
(0.1387 0.2701 0.146)
(0.1387 0.2847 0.146)
(0.1387 0.2993 0.146)
(0.1387 0.3139 0.146)
(0.1387 0.3285 0.146)
(0.1387 0.3431 0.146)
(0.1387 0.3577 0.146)
(0.1387 0.3723 0.146)
(0.1387 0.3869 0.146)
(0.1387 0.4015 0.146)
(0.1387 0.4161 0.146)
(0.1387 0.4307 0.146)
(0.1387 0.4453 0.146)
(0.1387 0.4599 0.146)
(0.1387 0.4745 0.146)
(0.1387 0.4891 0.146)
(0.1387 0.5037 0.146)
(0.1387 0.5183 0.146)
(0.1387 0.5329 0.146)
(0.1387 0.5475 0.146)
(0.1387 0.5621 0.146)
(0.1387 0.5767 0.146)
(0.1533 0.0073 0.146)
(0.1533 0.0219 0.146)
(0.1533 0.0365 0.146)
(0.1533 0.0511 0.146)
(0.1533 0.0657 0.146)
(0.1533 0.0803 0.146)
(0.1533 0.0949 0.146)
(0.1533 0.1095 0.146)
(0.1533 0.1241 0.146)
(0.1533 0.1387 0.146)
(0.1533 0.1533 0.146)
(0.1533 0.1679 0.146)
(0.1533 0.1825 0.146)
(0.1533 0.1971 0.146)
(0.1533 0.2117 0.146)
(0.1533 0.2263 0.146)
(0.1533 0.2409 0.146)
(0.1533 0.2555 0.146)
(0.1533 0.2701 0.146)
(0.1533 0.2847 0.146)
(0.1533 0.2993 0.146)
(0.1533 0.3139 0.146)
(0.1533 0.3285 0.146)
(0.1533 0.3431 0.146)
(0.1533 0.3577 0.146)
(0.1533 0.3723 0.146)
(0.1533 0.3869 0.146)
(0.1533 0.4015 0.146)
(0.1533 0.4161 0.146)
(0.1533 0.4307 0.146)
(0.1533 0.4453 0.146)
(0.1533 0.4599 0.146)
(0.1533 0.4745 0.146)
(0.1533 0.4891 0.146)
(0.1533 0.5037 0.146)
(0.1533 0.5183 0.146)
(0.1533 0.5329 0.146)
(0.1533 0.5475 0.146)
(0.1533 0.5621 0.146)
(0.1533 0.5767 0.146)
(0.1679 0.0073 0.146)
(0.1679 0.0219 0.146)
(0.1679 0.0365 0.146)
(0.1679 0.0511 0.146)
(0.1679 0.0657 0.146)
(0.1679 0.0803 0.146)
(0.1679 0.0949 0.146)
(0.1679 0.1095 0.146)
(0.1679 0.1241 0.146)
(0.1679 0.1387 0.146)
(0.1679 0.1533 0.146)
(0.1679 0.1679 0.146)
(0.1679 0.1825 0.146)
(0.1679 0.1971 0.146)
(0.1679 0.2117 0.146)
(0.1679 0.2263 0.146)
(0.1679 0.2409 0.146)
(0.1679 0.2555 0.146)
(0.1679 0.2701 0.146)
(0.1679 0.2847 0.146)
(0.1679 0.2993 0.146)
(0.1679 0.3139 0.146)
(0.1679 0.3285 0.146)
(0.1679 0.3431 0.146)
(0.1679 0.3577 0.146)
(0.1679 0.3723 0.146)
(0.1679 0.3869 0.146)
(0.1679 0.4015 0.146)
(0.1679 0.4161 0.146)
(0.1679 0.4307 0.146)
(0.1679 0.4453 0.146)
(0.1679 0.4599 0.146)
(0.1679 0.4745 0.146)
(0.1679 0.4891 0.146)
(0.1679 0.5037 0.146)
(0.1679 0.5183 0.146)
(0.1679 0.5329 0.146)
(0.1679 0.5475 0.146)
(0.1679 0.5621 0.146)
(0.1679 0.5767 0.146)
(0.1825 0.0073 0.146)
(0.1825 0.0219 0.146)
(0.1825 0.0365 0.146)
(0.1825 0.0511 0.146)
(0.1825 0.0657 0.146)
(0.1825 0.0803 0.146)
(0.1825 0.0949 0.146)
(0.1825 0.1095 0.146)
(0.1825 0.1241 0.146)
(0.1825 0.1387 0.146)
(0.1825 0.1533 0.146)
(0.1825 0.1679 0.146)
(0.1825 0.1825 0.146)
(0.1825 0.1971 0.146)
(0.1825 0.2117 0.146)
(0.1825 0.2263 0.146)
(0.1825 0.2409 0.146)
(0.1825 0.2555 0.146)
(0.1825 0.2701 0.146)
(0.1825 0.2847 0.146)
(0.1825 0.2993 0.146)
(0.1825 0.3139 0.146)
(0.1825 0.3285 0.146)
(0.1825 0.3431 0.146)
(0.1825 0.3577 0.146)
(0.1825 0.3723 0.146)
(0.1825 0.3869 0.146)
(0.1825 0.4015 0.146)
(0.1825 0.4161 0.146)
(0.1825 0.4307 0.146)
(0.1825 0.4453 0.146)
(0.1825 0.4599 0.146)
(0.1825 0.4745 0.146)
(0.1825 0.4891 0.146)
(0.1825 0.5037 0.146)
(0.1825 0.5183 0.146)
(0.1825 0.5329 0.146)
(0.1825 0.5475 0.146)
(0.1825 0.5621 0.146)
(0.1825 0.5767 0.146)
(0.1971 0.0073 0.146)
(0.1971 0.0219 0.146)
(0.1971 0.0365 0.146)
(0.1971 0.0511 0.146)
(0.1971 0.0657 0.146)
(0.1971 0.0803 0.146)
(0.1971 0.0949 0.146)
(0.1971 0.1095 0.146)
(0.1971 0.1241 0.146)
(0.1971 0.1387 0.146)
(0.1971 0.1533 0.146)
(0.1971 0.1679 0.146)
(0.1971 0.1825 0.146)
(0.1971 0.1971 0.146)
(0.1971 0.2117 0.146)
(0.1971 0.2263 0.146)
(0.1971 0.2409 0.146)
(0.1971 0.2555 0.146)
(0.1971 0.2701 0.146)
(0.1971 0.2847 0.146)
(0.1971 0.2993 0.146)
(0.1971 0.3139 0.146)
(0.1971 0.3285 0.146)
(0.1971 0.3431 0.146)
(0.1971 0.3577 0.146)
(0.1971 0.3723 0.146)
(0.1971 0.3869 0.146)
(0.1971 0.4015 0.146)
(0.1971 0.4161 0.146)
(0.1971 0.4307 0.146)
(0.1971 0.4453 0.146)
(0.1971 0.4599 0.146)
(0.1971 0.4745 0.146)
(0.1971 0.4891 0.146)
(0.1971 0.5037 0.146)
(0.1971 0.5183 0.146)
(0.1971 0.5329 0.146)
(0.1971 0.5475 0.146)
(0.1971 0.5621 0.146)
(0.1971 0.5767 0.146)
(0.2117 0.0073 0.146)
(0.2117 0.0219 0.146)
(0.2117 0.0365 0.146)
(0.2117 0.0511 0.146)
(0.2117 0.0657 0.146)
(0.2117 0.0803 0.146)
(0.2117 0.0949 0.146)
(0.2117 0.1095 0.146)
(0.2117 0.1241 0.146)
(0.2117 0.1387 0.146)
(0.2117 0.1533 0.146)
(0.2117 0.1679 0.146)
(0.2117 0.1825 0.146)
(0.2117 0.1971 0.146)
(0.2117 0.2117 0.146)
(0.2117 0.2263 0.146)
(0.2117 0.2409 0.146)
(0.2117 0.2555 0.146)
(0.2117 0.2701 0.146)
(0.2117 0.2847 0.146)
(0.2117 0.2993 0.146)
(0.2117 0.3139 0.146)
(0.2117 0.3285 0.146)
(0.2117 0.3431 0.146)
(0.2117 0.3577 0.146)
(0.2117 0.3723 0.146)
(0.2117 0.3869 0.146)
(0.2117 0.4015 0.146)
(0.2117 0.4161 0.146)
(0.2117 0.4307 0.146)
(0.2117 0.4453 0.146)
(0.2117 0.4599 0.146)
(0.2117 0.4745 0.146)
(0.2117 0.4891 0.146)
(0.2117 0.5037 0.146)
(0.2117 0.5183 0.146)
(0.2117 0.5329 0.146)
(0.2117 0.5475 0.146)
(0.2117 0.5621 0.146)
(0.2117 0.5767 0.146)
(0.2263 0.0073 0.146)
(0.2263 0.0219 0.146)
(0.2263 0.0365 0.146)
(0.2263 0.0511 0.146)
(0.2263 0.0657 0.146)
(0.2263 0.0803 0.146)
(0.2263 0.0949 0.146)
(0.2263 0.1095 0.146)
(0.2263 0.1241 0.146)
(0.2263 0.1387 0.146)
(0.2263 0.1533 0.146)
(0.2263 0.1679 0.146)
(0.2263 0.1825 0.146)
(0.2263 0.1971 0.146)
(0.2263 0.2117 0.146)
(0.2263 0.2263 0.146)
(0.2263 0.2409 0.146)
(0.2263 0.2555 0.146)
(0.2263 0.2701 0.146)
(0.2263 0.2847 0.146)
(0.2263 0.2993 0.146)
(0.2263 0.3139 0.146)
(0.2263 0.3285 0.146)
(0.2263 0.3431 0.146)
(0.2263 0.3577 0.146)
(0.2263 0.3723 0.146)
(0.2263 0.3869 0.146)
(0.2263 0.4015 0.146)
(0.2263 0.4161 0.146)
(0.2263 0.4307 0.146)
(0.2263 0.4453 0.146)
(0.2263 0.4599 0.146)
(0.2263 0.4745 0.146)
(0.2263 0.4891 0.146)
(0.2263 0.5037 0.146)
(0.2263 0.5183 0.146)
(0.2263 0.5329 0.146)
(0.2263 0.5475 0.146)
(0.2263 0.5621 0.146)
(0.2263 0.5767 0.146)
(0.2409 0.0073 0.146)
(0.2409 0.0219 0.146)
(0.2409 0.0365 0.146)
(0.2409 0.0511 0.146)
(0.2409 0.0657 0.146)
(0.2409 0.0803 0.146)
(0.2409 0.0949 0.146)
(0.2409 0.1095 0.146)
(0.2409 0.1241 0.146)
(0.2409 0.1387 0.146)
(0.2409 0.1533 0.146)
(0.2409 0.1679 0.146)
(0.2409 0.1825 0.146)
(0.2409 0.1971 0.146)
(0.2409 0.2117 0.146)
(0.2409 0.2263 0.146)
(0.2409 0.2409 0.146)
(0.2409 0.2555 0.146)
(0.2409 0.2701 0.146)
(0.2409 0.2847 0.146)
(0.2409 0.2993 0.146)
(0.2409 0.3139 0.146)
(0.2409 0.3285 0.146)
(0.2409 0.3431 0.146)
(0.2409 0.3577 0.146)
(0.2409 0.3723 0.146)
(0.2409 0.3869 0.146)
(0.2409 0.4015 0.146)
(0.2409 0.4161 0.146)
(0.2409 0.4307 0.146)
(0.2409 0.4453 0.146)
(0.2409 0.4599 0.146)
(0.2409 0.4745 0.146)
(0.2409 0.4891 0.146)
(0.2409 0.5037 0.146)
(0.2409 0.5183 0.146)
(0.2409 0.5329 0.146)
(0.2409 0.5475 0.146)
(0.2409 0.5621 0.146)
(0.2409 0.5767 0.146)
(0.2555 0.0073 0.146)
(0.2555 0.0219 0.146)
(0.2555 0.0365 0.146)
(0.2555 0.0511 0.146)
(0.2555 0.0657 0.146)
(0.2555 0.0803 0.146)
(0.2555 0.0949 0.146)
(0.2555 0.1095 0.146)
(0.2555 0.1241 0.146)
(0.2555 0.1387 0.146)
(0.2555 0.1533 0.146)
(0.2555 0.1679 0.146)
(0.2555 0.1825 0.146)
(0.2555 0.1971 0.146)
(0.2555 0.2117 0.146)
(0.2555 0.2263 0.146)
(0.2555 0.2409 0.146)
(0.2555 0.2555 0.146)
(0.2555 0.2701 0.146)
(0.2555 0.2847 0.146)
(0.2555 0.2993 0.146)
(0.2555 0.3139 0.146)
(0.2555 0.3285 0.146)
(0.2555 0.3431 0.146)
(0.2555 0.3577 0.146)
(0.2555 0.3723 0.146)
(0.2555 0.3869 0.146)
(0.2555 0.4015 0.146)
(0.2555 0.4161 0.146)
(0.2555 0.4307 0.146)
(0.2555 0.4453 0.146)
(0.2555 0.4599 0.146)
(0.2555 0.4745 0.146)
(0.2555 0.4891 0.146)
(0.2555 0.5037 0.146)
(0.2555 0.5183 0.146)
(0.2555 0.5329 0.146)
(0.2555 0.5475 0.146)
(0.2555 0.5621 0.146)
(0.2555 0.5767 0.146)
(0.2701 0.0073 0.146)
(0.2701 0.0219 0.146)
(0.2701 0.0365 0.146)
(0.2701 0.0511 0.146)
(0.2701 0.0657 0.146)
(0.2701 0.0803 0.146)
(0.2701 0.0949 0.146)
(0.2701 0.1095 0.146)
(0.2701 0.1241 0.146)
(0.2701 0.1387 0.146)
(0.2701 0.1533 0.146)
(0.2701 0.1679 0.146)
(0.2701 0.1825 0.146)
(0.2701 0.1971 0.146)
(0.2701 0.2117 0.146)
(0.2701 0.2263 0.146)
(0.2701 0.2409 0.146)
(0.2701 0.2555 0.146)
(0.2701 0.2701 0.146)
(0.2701 0.2847 0.146)
(0.2701 0.2993 0.146)
(0.2701 0.3139 0.146)
(0.2701 0.3285 0.146)
(0.2701 0.3431 0.146)
(0.2701 0.3577 0.146)
(0.2701 0.3723 0.146)
(0.2701 0.3869 0.146)
(0.2701 0.4015 0.146)
(0.2701 0.4161 0.146)
(0.2701 0.4307 0.146)
(0.2701 0.4453 0.146)
(0.2701 0.4599 0.146)
(0.2701 0.4745 0.146)
(0.2701 0.4891 0.146)
(0.2701 0.5037 0.146)
(0.2701 0.5183 0.146)
(0.2701 0.5329 0.146)
(0.2701 0.5475 0.146)
(0.2701 0.5621 0.146)
(0.2701 0.5767 0.146)
(0.2847 0.0073 0.146)
(0.2847 0.0219 0.146)
(0.2847 0.0365 0.146)
(0.2847 0.0511 0.146)
(0.2847 0.0657 0.146)
(0.2847 0.0803 0.146)
(0.2847 0.0949 0.146)
(0.2847 0.1095 0.146)
(0.2847 0.1241 0.146)
(0.2847 0.1387 0.146)
(0.2847 0.1533 0.146)
(0.2847 0.1679 0.146)
(0.2847 0.1825 0.146)
(0.2847 0.1971 0.146)
(0.2847 0.2117 0.146)
(0.2847 0.2263 0.146)
(0.2847 0.2409 0.146)
(0.2847 0.2555 0.146)
(0.2847 0.2701 0.146)
(0.2847 0.2847 0.146)
(0.2847 0.2993 0.146)
(0.2847 0.3139 0.146)
(0.2847 0.3285 0.146)
(0.2847 0.3431 0.146)
(0.2847 0.3577 0.146)
(0.2847 0.3723 0.146)
(0.2847 0.3869 0.146)
(0.2847 0.4015 0.146)
(0.2847 0.4161 0.146)
(0.2847 0.4307 0.146)
(0.2847 0.4453 0.146)
(0.2847 0.4599 0.146)
(0.2847 0.4745 0.146)
(0.2847 0.4891 0.146)
(0.2847 0.5037 0.146)
(0.2847 0.5183 0.146)
(0.2847 0.5329 0.146)
(0.2847 0.5475 0.146)
(0.2847 0.5621 0.146)
(0.2847 0.5767 0.146)
(0.2993 0.0073 0.146)
(0.2993 0.0219 0.146)
(0.2993 0.0365 0.146)
(0.2993 0.0511 0.146)
(0.2993 0.0657 0.146)
(0.2993 0.0803 0.146)
(0.2993 0.0949 0.146)
(0.2993 0.1095 0.146)
(0.2993 0.1241 0.146)
(0.2993 0.1387 0.146)
(0.2993 0.1533 0.146)
(0.2993 0.1679 0.146)
(0.2993 0.1825 0.146)
(0.2993 0.1971 0.146)
(0.2993 0.2117 0.146)
(0.2993 0.2263 0.146)
(0.2993 0.2409 0.146)
(0.2993 0.2555 0.146)
(0.2993 0.2701 0.146)
(0.2993 0.2847 0.146)
(0.2993 0.2993 0.146)
(0.2993 0.3139 0.146)
(0.2993 0.3285 0.146)
(0.2993 0.3431 0.146)
(0.2993 0.3577 0.146)
(0.2993 0.3723 0.146)
(0.2993 0.3869 0.146)
(0.2993 0.4015 0.146)
(0.2993 0.4161 0.146)
(0.2993 0.4307 0.146)
(0.2993 0.4453 0.146)
(0.2993 0.4599 0.146)
(0.2993 0.4745 0.146)
(0.2993 0.4891 0.146)
(0.2993 0.5037 0.146)
(0.2993 0.5183 0.146)
(0.2993 0.5329 0.146)
(0.2993 0.5475 0.146)
(0.2993 0.5621 0.146)
(0.2993 0.5767 0.146)
(0.3139 0.0073 0.146)
(0.3139 0.0219 0.146)
(0.3139 0.0365 0.146)
(0.3139 0.0511 0.146)
(0.3139 0.0657 0.146)
(0.3139 0.0803 0.146)
(0.3139 0.0949 0.146)
(0.3139 0.1095 0.146)
(0.3139 0.1241 0.146)
(0.3139 0.1387 0.146)
(0.3139 0.1533 0.146)
(0.3139 0.1679 0.146)
(0.3139 0.1825 0.146)
(0.3139 0.1971 0.146)
(0.3139 0.2117 0.146)
(0.3139 0.2263 0.146)
(0.3139 0.2409 0.146)
(0.3139 0.2555 0.146)
(0.3139 0.2701 0.146)
(0.3139 0.2847 0.146)
(0.3139 0.2993 0.146)
(0.3139 0.3139 0.146)
(0.3139 0.3285 0.146)
(0.3139 0.3431 0.146)
(0.3139 0.3577 0.146)
(0.3139 0.3723 0.146)
(0.3139 0.3869 0.146)
(0.3139 0.4015 0.146)
(0.3139 0.4161 0.146)
(0.3139 0.4307 0.146)
(0.3139 0.4453 0.146)
(0.3139 0.4599 0.146)
(0.3139 0.4745 0.146)
(0.3139 0.4891 0.146)
(0.3139 0.5037 0.146)
(0.3139 0.5183 0.146)
(0.3139 0.5329 0.146)
(0.3139 0.5475 0.146)
(0.3139 0.5621 0.146)
(0.3139 0.5767 0.146)
(0.3285 0.0073 0.146)
(0.3285 0.0219 0.146)
(0.3285 0.0365 0.146)
(0.3285 0.0511 0.146)
(0.3285 0.0657 0.146)
(0.3285 0.0803 0.146)
(0.3285 0.0949 0.146)
(0.3285 0.1095 0.146)
(0.3285 0.1241 0.146)
(0.3285 0.1387 0.146)
(0.3285 0.1533 0.146)
(0.3285 0.1679 0.146)
(0.3285 0.1825 0.146)
(0.3285 0.1971 0.146)
(0.3285 0.2117 0.146)
(0.3285 0.2263 0.146)
(0.3285 0.2409 0.146)
(0.3285 0.2555 0.146)
(0.3285 0.2701 0.146)
(0.3285 0.2847 0.146)
(0.3285 0.2993 0.146)
(0.3285 0.3139 0.146)
(0.3285 0.3285 0.146)
(0.3285 0.3431 0.146)
(0.3285 0.3577 0.146)
(0.3285 0.3723 0.146)
(0.3285 0.3869 0.146)
(0.3285 0.4015 0.146)
(0.3285 0.4161 0.146)
(0.3285 0.4307 0.146)
(0.3285 0.4453 0.146)
(0.3285 0.4599 0.146)
(0.3285 0.4745 0.146)
(0.3285 0.4891 0.146)
(0.3285 0.5037 0.146)
(0.3285 0.5183 0.146)
(0.3285 0.5329 0.146)
(0.3285 0.5475 0.146)
(0.3285 0.5621 0.146)
(0.3285 0.5767 0.146)
(0.3431 0.0073 0.146)
(0.3431 0.0219 0.146)
(0.3431 0.0365 0.146)
(0.3431 0.0511 0.146)
(0.3431 0.0657 0.146)
(0.3431 0.0803 0.146)
(0.3431 0.0949 0.146)
(0.3431 0.1095 0.146)
(0.3431 0.1241 0.146)
(0.3431 0.1387 0.146)
(0.3431 0.1533 0.146)
(0.3431 0.1679 0.146)
(0.3431 0.1825 0.146)
(0.3431 0.1971 0.146)
(0.3431 0.2117 0.146)
(0.3431 0.2263 0.146)
(0.3431 0.2409 0.146)
(0.3431 0.2555 0.146)
(0.3431 0.2701 0.146)
(0.3431 0.2847 0.146)
(0.3431 0.2993 0.146)
(0.3431 0.3139 0.146)
(0.3431 0.3285 0.146)
(0.3431 0.3431 0.146)
(0.3431 0.3577 0.146)
(0.3431 0.3723 0.146)
(0.3431 0.3869 0.146)
(0.3431 0.4015 0.146)
(0.3431 0.4161 0.146)
(0.3431 0.4307 0.146)
(0.3431 0.4453 0.146)
(0.3431 0.4599 0.146)
(0.3431 0.4745 0.146)
(0.3431 0.4891 0.146)
(0.3431 0.5037 0.146)
(0.3431 0.5183 0.146)
(0.3431 0.5329 0.146)
(0.3431 0.5475 0.146)
(0.3431 0.5621 0.146)
(0.3431 0.5767 0.146)
(0.3577 0.0073 0.146)
(0.3577 0.0219 0.146)
(0.3577 0.0365 0.146)
(0.3577 0.0511 0.146)
(0.3577 0.0657 0.146)
(0.3577 0.0803 0.146)
(0.3577 0.0949 0.146)
(0.3577 0.1095 0.146)
(0.3577 0.1241 0.146)
(0.3577 0.1387 0.146)
(0.3577 0.1533 0.146)
(0.3577 0.1679 0.146)
(0.3577 0.1825 0.146)
(0.3577 0.1971 0.146)
(0.3577 0.2117 0.146)
(0.3577 0.2263 0.146)
(0.3577 0.2409 0.146)
(0.3577 0.2555 0.146)
(0.3577 0.2701 0.146)
(0.3577 0.2847 0.146)
(0.3577 0.2993 0.146)
(0.3577 0.3139 0.146)
(0.3577 0.3285 0.146)
(0.3577 0.3431 0.146)
(0.3577 0.3577 0.146)
(0.3577 0.3723 0.146)
(0.3577 0.3869 0.146)
(0.3577 0.4015 0.146)
(0.3577 0.4161 0.146)
(0.3577 0.4307 0.146)
(0.3577 0.4453 0.146)
(0.3577 0.4599 0.146)
(0.3577 0.4745 0.146)
(0.3577 0.4891 0.146)
(0.3577 0.5037 0.146)
(0.3577 0.5183 0.146)
(0.3577 0.5329 0.146)
(0.3577 0.5475 0.146)
(0.3577 0.5621 0.146)
(0.3577 0.5767 0.146)
(0.3723 0.0073 0.146)
(0.3723 0.0219 0.146)
(0.3723 0.0365 0.146)
(0.3723 0.0511 0.146)
(0.3723 0.0657 0.146)
(0.3723 0.0803 0.146)
(0.3723 0.0949 0.146)
(0.3723 0.1095 0.146)
(0.3723 0.1241 0.146)
(0.3723 0.1387 0.146)
(0.3723 0.1533 0.146)
(0.3723 0.1679 0.146)
(0.3723 0.1825 0.146)
(0.3723 0.1971 0.146)
(0.3723 0.2117 0.146)
(0.3723 0.2263 0.146)
(0.3723 0.2409 0.146)
(0.3723 0.2555 0.146)
(0.3723 0.2701 0.146)
(0.3723 0.2847 0.146)
(0.3723 0.2993 0.146)
(0.3723 0.3139 0.146)
(0.3723 0.3285 0.146)
(0.3723 0.3431 0.146)
(0.3723 0.3577 0.146)
(0.3723 0.3723 0.146)
(0.3723 0.3869 0.146)
(0.3723 0.4015 0.146)
(0.3723 0.4161 0.146)
(0.3723 0.4307 0.146)
(0.3723 0.4453 0.146)
(0.3723 0.4599 0.146)
(0.3723 0.4745 0.146)
(0.3723 0.4891 0.146)
(0.3723 0.5037 0.146)
(0.3723 0.5183 0.146)
(0.3723 0.5329 0.146)
(0.3723 0.5475 0.146)
(0.3723 0.5621 0.146)
(0.3723 0.5767 0.146)
(0.3869 0.0073 0.146)
(0.3869 0.0219 0.146)
(0.3869 0.0365 0.146)
(0.3869 0.0511 0.146)
(0.3869 0.0657 0.146)
(0.3869 0.0803 0.146)
(0.3869 0.0949 0.146)
(0.3869 0.1095 0.146)
(0.3869 0.1241 0.146)
(0.3869 0.1387 0.146)
(0.3869 0.1533 0.146)
(0.3869 0.1679 0.146)
(0.3869 0.1825 0.146)
(0.3869 0.1971 0.146)
(0.3869 0.2117 0.146)
(0.3869 0.2263 0.146)
(0.3869 0.2409 0.146)
(0.3869 0.2555 0.146)
(0.3869 0.2701 0.146)
(0.3869 0.2847 0.146)
(0.3869 0.2993 0.146)
(0.3869 0.3139 0.146)
(0.3869 0.3285 0.146)
(0.3869 0.3431 0.146)
(0.3869 0.3577 0.146)
(0.3869 0.3723 0.146)
(0.3869 0.3869 0.146)
(0.3869 0.4015 0.146)
(0.3869 0.4161 0.146)
(0.3869 0.4307 0.146)
(0.3869 0.4453 0.146)
(0.3869 0.4599 0.146)
(0.3869 0.4745 0.146)
(0.3869 0.4891 0.146)
(0.3869 0.5037 0.146)
(0.3869 0.5183 0.146)
(0.3869 0.5329 0.146)
(0.3869 0.5475 0.146)
(0.3869 0.5621 0.146)
(0.3869 0.5767 0.146)
(0.4015 0.0073 0.146)
(0.4015 0.0219 0.146)
(0.4015 0.0365 0.146)
(0.4015 0.0511 0.146)
(0.4015 0.0657 0.146)
(0.4015 0.0803 0.146)
(0.4015 0.0949 0.146)
(0.4015 0.1095 0.146)
(0.4015 0.1241 0.146)
(0.4015 0.1387 0.146)
(0.4015 0.1533 0.146)
(0.4015 0.1679 0.146)
(0.4015 0.1825 0.146)
(0.4015 0.1971 0.146)
(0.4015 0.2117 0.146)
(0.4015 0.2263 0.146)
(0.4015 0.2409 0.146)
(0.4015 0.2555 0.146)
(0.4015 0.2701 0.146)
(0.4015 0.2847 0.146)
(0.4015 0.2993 0.146)
(0.4015 0.3139 0.146)
(0.4015 0.3285 0.146)
(0.4015 0.3431 0.146)
(0.4015 0.3577 0.146)
(0.4015 0.3723 0.146)
(0.4015 0.3869 0.146)
(0.4015 0.4015 0.146)
(0.4015 0.4161 0.146)
(0.4015 0.4307 0.146)
(0.4015 0.4453 0.146)
(0.4015 0.4599 0.146)
(0.4015 0.4745 0.146)
(0.4015 0.4891 0.146)
(0.4015 0.5037 0.146)
(0.4015 0.5183 0.146)
(0.4015 0.5329 0.146)
(0.4015 0.5475 0.146)
(0.4015 0.5621 0.146)
(0.4015 0.5767 0.146)
(0.4161 0.0073 0.146)
(0.4161 0.0219 0.146)
(0.4161 0.0365 0.146)
(0.4161 0.0511 0.146)
(0.4161 0.0657 0.146)
(0.4161 0.0803 0.146)
(0.4161 0.0949 0.146)
(0.4161 0.1095 0.146)
(0.4161 0.1241 0.146)
(0.4161 0.1387 0.146)
(0.4161 0.1533 0.146)
(0.4161 0.1679 0.146)
(0.4161 0.1825 0.146)
(0.4161 0.1971 0.146)
(0.4161 0.2117 0.146)
(0.4161 0.2263 0.146)
(0.4161 0.2409 0.146)
(0.4161 0.2555 0.146)
(0.4161 0.2701 0.146)
(0.4161 0.2847 0.146)
(0.4161 0.2993 0.146)
(0.4161 0.3139 0.146)
(0.4161 0.3285 0.146)
(0.4161 0.3431 0.146)
(0.4161 0.3577 0.146)
(0.4161 0.3723 0.146)
(0.4161 0.3869 0.146)
(0.4161 0.4015 0.146)
(0.4161 0.4161 0.146)
(0.4161 0.4307 0.146)
(0.4161 0.4453 0.146)
(0.4161 0.4599 0.146)
(0.4161 0.4745 0.146)
(0.4161 0.4891 0.146)
(0.4161 0.5037 0.146)
(0.4161 0.5183 0.146)
(0.4161 0.5329 0.146)
(0.4161 0.5475 0.146)
(0.4161 0.5621 0.146)
(0.4161 0.5767 0.146)
(0.4307 0.0073 0.146)
(0.4307 0.0219 0.146)
(0.4307 0.0365 0.146)
(0.4307 0.0511 0.146)
(0.4307 0.0657 0.146)
(0.4307 0.0803 0.146)
(0.4307 0.0949 0.146)
(0.4307 0.1095 0.146)
(0.4307 0.1241 0.146)
(0.4307 0.1387 0.146)
(0.4307 0.1533 0.146)
(0.4307 0.1679 0.146)
(0.4307 0.1825 0.146)
(0.4307 0.1971 0.146)
(0.4307 0.2117 0.146)
(0.4307 0.2263 0.146)
(0.4307 0.2409 0.146)
(0.4307 0.2555 0.146)
(0.4307 0.2701 0.146)
(0.4307 0.2847 0.146)
(0.4307 0.2993 0.146)
(0.4307 0.3139 0.146)
(0.4307 0.3285 0.146)
(0.4307 0.3431 0.146)
(0.4307 0.3577 0.146)
(0.4307 0.3723 0.146)
(0.4307 0.3869 0.146)
(0.4307 0.4015 0.146)
(0.4307 0.4161 0.146)
(0.4307 0.4307 0.146)
(0.4307 0.4453 0.146)
(0.4307 0.4599 0.146)
(0.4307 0.4745 0.146)
(0.4307 0.4891 0.146)
(0.4307 0.5037 0.146)
(0.4307 0.5183 0.146)
(0.4307 0.5329 0.146)
(0.4307 0.5475 0.146)
(0.4307 0.5621 0.146)
(0.4307 0.5767 0.146)
(0.4453 0.0073 0.146)
(0.4453 0.0219 0.146)
(0.4453 0.0365 0.146)
(0.4453 0.0511 0.146)
(0.4453 0.0657 0.146)
(0.4453 0.0803 0.146)
(0.4453 0.0949 0.146)
(0.4453 0.1095 0.146)
(0.4453 0.1241 0.146)
(0.4453 0.1387 0.146)
(0.4453 0.1533 0.146)
(0.4453 0.1679 0.146)
(0.4453 0.1825 0.146)
(0.4453 0.1971 0.146)
(0.4453 0.2117 0.146)
(0.4453 0.2263 0.146)
(0.4453 0.2409 0.146)
(0.4453 0.2555 0.146)
(0.4453 0.2701 0.146)
(0.4453 0.2847 0.146)
(0.4453 0.2993 0.146)
(0.4453 0.3139 0.146)
(0.4453 0.3285 0.146)
(0.4453 0.3431 0.146)
(0.4453 0.3577 0.146)
(0.4453 0.3723 0.146)
(0.4453 0.3869 0.146)
(0.4453 0.4015 0.146)
(0.4453 0.4161 0.146)
(0.4453 0.4307 0.146)
(0.4453 0.4453 0.146)
(0.4453 0.4599 0.146)
(0.4453 0.4745 0.146)
(0.4453 0.4891 0.146)
(0.4453 0.5037 0.146)
(0.4453 0.5183 0.146)
(0.4453 0.5329 0.146)
(0.4453 0.5475 0.146)
(0.4453 0.5621 0.146)
(0.4453 0.5767 0.146)
(0.4599 0.0073 0.146)
(0.4599 0.0219 0.146)
(0.4599 0.0365 0.146)
(0.4599 0.0511 0.146)
(0.4599 0.0657 0.146)
(0.4599 0.0803 0.146)
(0.4599 0.0949 0.146)
(0.4599 0.1095 0.146)
(0.4599 0.1241 0.146)
(0.4599 0.1387 0.146)
(0.4599 0.1533 0.146)
(0.4599 0.1679 0.146)
(0.4599 0.1825 0.146)
(0.4599 0.1971 0.146)
(0.4599 0.2117 0.146)
(0.4599 0.2263 0.146)
(0.4599 0.2409 0.146)
(0.4599 0.2555 0.146)
(0.4599 0.2701 0.146)
(0.4599 0.2847 0.146)
(0.4599 0.2993 0.146)
(0.4599 0.3139 0.146)
(0.4599 0.3285 0.146)
(0.4599 0.3431 0.146)
(0.4599 0.3577 0.146)
(0.4599 0.3723 0.146)
(0.4599 0.3869 0.146)
(0.4599 0.4015 0.146)
(0.4599 0.4161 0.146)
(0.4599 0.4307 0.146)
(0.4599 0.4453 0.146)
(0.4599 0.4599 0.146)
(0.4599 0.4745 0.146)
(0.4599 0.4891 0.146)
(0.4599 0.5037 0.146)
(0.4599 0.5183 0.146)
(0.4599 0.5329 0.146)
(0.4599 0.5475 0.146)
(0.4599 0.5621 0.146)
(0.4599 0.5767 0.146)
(0.4745 0.0073 0.146)
(0.4745 0.0219 0.146)
(0.4745 0.0365 0.146)
(0.4745 0.0511 0.146)
(0.4745 0.0657 0.146)
(0.4745 0.0803 0.146)
(0.4745 0.0949 0.146)
(0.4745 0.1095 0.146)
(0.4745 0.1241 0.146)
(0.4745 0.1387 0.146)
(0.4745 0.1533 0.146)
(0.4745 0.1679 0.146)
(0.4745 0.1825 0.146)
(0.4745 0.1971 0.146)
(0.4745 0.2117 0.146)
(0.4745 0.2263 0.146)
(0.4745 0.2409 0.146)
(0.4745 0.2555 0.146)
(0.4745 0.2701 0.146)
(0.4745 0.2847 0.146)
(0.4745 0.2993 0.146)
(0.4745 0.3139 0.146)
(0.4745 0.3285 0.146)
(0.4745 0.3431 0.146)
(0.4745 0.3577 0.146)
(0.4745 0.3723 0.146)
(0.4745 0.3869 0.146)
(0.4745 0.4015 0.146)
(0.4745 0.4161 0.146)
(0.4745 0.4307 0.146)
(0.4745 0.4453 0.146)
(0.4745 0.4599 0.146)
(0.4745 0.4745 0.146)
(0.4745 0.4891 0.146)
(0.4745 0.5037 0.146)
(0.4745 0.5183 0.146)
(0.4745 0.5329 0.146)
(0.4745 0.5475 0.146)
(0.4745 0.5621 0.146)
(0.4745 0.5767 0.146)
(0.4891 0.0073 0.146)
(0.4891 0.0219 0.146)
(0.4891 0.0365 0.146)
(0.4891 0.0511 0.146)
(0.4891 0.0657 0.146)
(0.4891 0.0803 0.146)
(0.4891 0.0949 0.146)
(0.4891 0.1095 0.146)
(0.4891 0.1241 0.146)
(0.4891 0.1387 0.146)
(0.4891 0.1533 0.146)
(0.4891 0.1679 0.146)
(0.4891 0.1825 0.146)
(0.4891 0.1971 0.146)
(0.4891 0.2117 0.146)
(0.4891 0.2263 0.146)
(0.4891 0.2409 0.146)
(0.4891 0.2555 0.146)
(0.4891 0.2701 0.146)
(0.4891 0.2847 0.146)
(0.4891 0.2993 0.146)
(0.4891 0.3139 0.146)
(0.4891 0.3285 0.146)
(0.4891 0.3431 0.146)
(0.4891 0.3577 0.146)
(0.4891 0.3723 0.146)
(0.4891 0.3869 0.146)
(0.4891 0.4015 0.146)
(0.4891 0.4161 0.146)
(0.4891 0.4307 0.146)
(0.4891 0.4453 0.146)
(0.4891 0.4599 0.146)
(0.4891 0.4745 0.146)
(0.4891 0.4891 0.146)
(0.4891 0.5037 0.146)
(0.4891 0.5183 0.146)
(0.4891 0.5329 0.146)
(0.4891 0.5475 0.146)
(0.4891 0.5621 0.146)
(0.4891 0.5767 0.146)
(0.5037 0.0073 0.146)
(0.5037 0.0219 0.146)
(0.5037 0.0365 0.146)
(0.5037 0.0511 0.146)
(0.5037 0.0657 0.146)
(0.5037 0.0803 0.146)
(0.5037 0.0949 0.146)
(0.5037 0.1095 0.146)
(0.5037 0.1241 0.146)
(0.5037 0.1387 0.146)
(0.5037 0.1533 0.146)
(0.5037 0.1679 0.146)
(0.5037 0.1825 0.146)
(0.5037 0.1971 0.146)
(0.5037 0.2117 0.146)
(0.5037 0.2263 0.146)
(0.5037 0.2409 0.146)
(0.5037 0.2555 0.146)
(0.5037 0.2701 0.146)
(0.5037 0.2847 0.146)
(0.5037 0.2993 0.146)
(0.5037 0.3139 0.146)
(0.5037 0.3285 0.146)
(0.5037 0.3431 0.146)
(0.5037 0.3577 0.146)
(0.5037 0.3723 0.146)
(0.5037 0.3869 0.146)
(0.5037 0.4015 0.146)
(0.5037 0.4161 0.146)
(0.5037 0.4307 0.146)
(0.5037 0.4453 0.146)
(0.5037 0.4599 0.146)
(0.5037 0.4745 0.146)
(0.5037 0.4891 0.146)
(0.5037 0.5037 0.146)
(0.5037 0.5183 0.146)
(0.5037 0.5329 0.146)
(0.5037 0.5475 0.146)
(0.5037 0.5621 0.146)
(0.5037 0.5767 0.146)
(0.5183 0.0073 0.146)
(0.5183 0.0219 0.146)
(0.5183 0.0365 0.146)
(0.5183 0.0511 0.146)
(0.5183 0.0657 0.146)
(0.5183 0.0803 0.146)
(0.5183 0.0949 0.146)
(0.5183 0.1095 0.146)
(0.5183 0.1241 0.146)
(0.5183 0.1387 0.146)
(0.5183 0.1533 0.146)
(0.5183 0.1679 0.146)
(0.5183 0.1825 0.146)
(0.5183 0.1971 0.146)
(0.5183 0.2117 0.146)
(0.5183 0.2263 0.146)
(0.5183 0.2409 0.146)
(0.5183 0.2555 0.146)
(0.5183 0.2701 0.146)
(0.5183 0.2847 0.146)
(0.5183 0.2993 0.146)
(0.5183 0.3139 0.146)
(0.5183 0.3285 0.146)
(0.5183 0.3431 0.146)
(0.5183 0.3577 0.146)
(0.5183 0.3723 0.146)
(0.5183 0.3869 0.146)
(0.5183 0.4015 0.146)
(0.5183 0.4161 0.146)
(0.5183 0.4307 0.146)
(0.5183 0.4453 0.146)
(0.5183 0.4599 0.146)
(0.5183 0.4745 0.146)
(0.5183 0.4891 0.146)
(0.5183 0.5037 0.146)
(0.5183 0.5183 0.146)
(0.5183 0.5329 0.146)
(0.5183 0.5475 0.146)
(0.5183 0.5621 0.146)
(0.5183 0.5767 0.146)
(0.5329 0.0073 0.146)
(0.5329 0.0219 0.146)
(0.5329 0.0365 0.146)
(0.5329 0.0511 0.146)
(0.5329 0.0657 0.146)
(0.5329 0.0803 0.146)
(0.5329 0.0949 0.146)
(0.5329 0.1095 0.146)
(0.5329 0.1241 0.146)
(0.5329 0.1387 0.146)
(0.5329 0.1533 0.146)
(0.5329 0.1679 0.146)
(0.5329 0.1825 0.146)
(0.5329 0.1971 0.146)
(0.5329 0.2117 0.146)
(0.5329 0.2263 0.146)
(0.5329 0.2409 0.146)
(0.5329 0.2555 0.146)
(0.5329 0.2701 0.146)
(0.5329 0.2847 0.146)
(0.5329 0.2993 0.146)
(0.5329 0.3139 0.146)
(0.5329 0.3285 0.146)
(0.5329 0.3431 0.146)
(0.5329 0.3577 0.146)
(0.5329 0.3723 0.146)
(0.5329 0.3869 0.146)
(0.5329 0.4015 0.146)
(0.5329 0.4161 0.146)
(0.5329 0.4307 0.146)
(0.5329 0.4453 0.146)
(0.5329 0.4599 0.146)
(0.5329 0.4745 0.146)
(0.5329 0.4891 0.146)
(0.5329 0.5037 0.146)
(0.5329 0.5183 0.146)
(0.5329 0.5329 0.146)
(0.5329 0.5475 0.146)
(0.5329 0.5621 0.146)
(0.5329 0.5767 0.146)
(0.5475 0.0073 0.146)
(0.5475 0.0219 0.146)
(0.5475 0.0365 0.146)
(0.5475 0.0511 0.146)
(0.5475 0.0657 0.146)
(0.5475 0.0803 0.146)
(0.5475 0.0949 0.146)
(0.5475 0.1095 0.146)
(0.5475 0.1241 0.146)
(0.5475 0.1387 0.146)
(0.5475 0.1533 0.146)
(0.5475 0.1679 0.146)
(0.5475 0.1825 0.146)
(0.5475 0.1971 0.146)
(0.5475 0.2117 0.146)
(0.5475 0.2263 0.146)
(0.5475 0.2409 0.146)
(0.5475 0.2555 0.146)
(0.5475 0.2701 0.146)
(0.5475 0.2847 0.146)
(0.5475 0.2993 0.146)
(0.5475 0.3139 0.146)
(0.5475 0.3285 0.146)
(0.5475 0.3431 0.146)
(0.5475 0.3577 0.146)
(0.5475 0.3723 0.146)
(0.5475 0.3869 0.146)
(0.5475 0.4015 0.146)
(0.5475 0.4161 0.146)
(0.5475 0.4307 0.146)
(0.5475 0.4453 0.146)
(0.5475 0.4599 0.146)
(0.5475 0.4745 0.146)
(0.5475 0.4891 0.146)
(0.5475 0.5037 0.146)
(0.5475 0.5183 0.146)
(0.5475 0.5329 0.146)
(0.5475 0.5475 0.146)
(0.5475 0.5621 0.146)
(0.5475 0.5767 0.146)
(0.5621 0.0073 0.146)
(0.5621 0.0219 0.146)
(0.5621 0.0365 0.146)
(0.5621 0.0511 0.146)
(0.5621 0.0657 0.146)
(0.5621 0.0803 0.146)
(0.5621 0.0949 0.146)
(0.5621 0.1095 0.146)
(0.5621 0.1241 0.146)
(0.5621 0.1387 0.146)
(0.5621 0.1533 0.146)
(0.5621 0.1679 0.146)
(0.5621 0.1825 0.146)
(0.5621 0.1971 0.146)
(0.5621 0.2117 0.146)
(0.5621 0.2263 0.146)
(0.5621 0.2409 0.146)
(0.5621 0.2555 0.146)
(0.5621 0.2701 0.146)
(0.5621 0.2847 0.146)
(0.5621 0.2993 0.146)
(0.5621 0.3139 0.146)
(0.5621 0.3285 0.146)
(0.5621 0.3431 0.146)
(0.5621 0.3577 0.146)
(0.5621 0.3723 0.146)
(0.5621 0.3869 0.146)
(0.5621 0.4015 0.146)
(0.5621 0.4161 0.146)
(0.5621 0.4307 0.146)
(0.5621 0.4453 0.146)
(0.5621 0.4599 0.146)
(0.5621 0.4745 0.146)
(0.5621 0.4891 0.146)
(0.5621 0.5037 0.146)
(0.5621 0.5183 0.146)
(0.5621 0.5329 0.146)
(0.5621 0.5475 0.146)
(0.5621 0.5621 0.146)
(0.5621 0.5767 0.146)
(0.5767 0.0073 0.146)
(0.5767 0.0219 0.146)
(0.5767 0.0365 0.146)
(0.5767 0.0511 0.146)
(0.5767 0.0657 0.146)
(0.5767 0.0803 0.146)
(0.5767 0.0949 0.146)
(0.5767 0.1095 0.146)
(0.5767 0.1241 0.146)
(0.5767 0.1387 0.146)
(0.5767 0.1533 0.146)
(0.5767 0.1679 0.146)
(0.5767 0.1825 0.146)
(0.5767 0.1971 0.146)
(0.5767 0.2117 0.146)
(0.5767 0.2263 0.146)
(0.5767 0.2409 0.146)
(0.5767 0.2555 0.146)
(0.5767 0.2701 0.146)
(0.5767 0.2847 0.146)
(0.5767 0.2993 0.146)
(0.5767 0.3139 0.146)
(0.5767 0.3285 0.146)
(0.5767 0.3431 0.146)
(0.5767 0.3577 0.146)
(0.5767 0.3723 0.146)
(0.5767 0.3869 0.146)
(0.5767 0.4015 0.146)
(0.5767 0.4161 0.146)
(0.5767 0.4307 0.146)
(0.5767 0.4453 0.146)
(0.5767 0.4599 0.146)
(0.5767 0.4745 0.146)
(0.5767 0.4891 0.146)
(0.5767 0.5037 0.146)
(0.5767 0.5183 0.146)
(0.5767 0.5329 0.146)
(0.5767 0.5475 0.146)
(0.5767 0.5621 0.146)
(0.5767 0.5767 0.146)
)
;
    }
    frontWall
    {
        type            calculated;
        value           nonuniform List<vector> 
1600
(
(0.0073 0.0073 0)
(0.0073 0.0219 0)
(0.0073 0.0365 0)
(0.0073 0.0511 0)
(0.0073 0.0657 0)
(0.0073 0.0803 0)
(0.0073 0.0949 0)
(0.0073 0.1095 0)
(0.0073 0.1241 0)
(0.0073 0.1387 0)
(0.0073 0.1533 0)
(0.0073 0.1679 0)
(0.0073 0.1825 0)
(0.0073 0.1971 0)
(0.0073 0.2117 0)
(0.0073 0.2263 0)
(0.0073 0.2409 0)
(0.0073 0.2555 0)
(0.0073 0.2701 0)
(0.0073 0.2847 0)
(0.0073 0.2993 0)
(0.0073 0.3139 0)
(0.0073 0.3285 0)
(0.0073 0.3431 0)
(0.0073 0.3577 0)
(0.0073 0.3723 0)
(0.0073 0.3869 0)
(0.0073 0.4015 0)
(0.0073 0.4161 0)
(0.0073 0.4307 0)
(0.0073 0.4453 0)
(0.0073 0.4599 0)
(0.0073 0.4745 0)
(0.0073 0.4891 0)
(0.0073 0.5037 0)
(0.0073 0.5183 0)
(0.0073 0.5329 0)
(0.0073 0.5475 0)
(0.0073 0.5621 0)
(0.0073 0.5767 0)
(0.0219 0.0073 0)
(0.0219 0.0219 0)
(0.0219 0.0365 0)
(0.0219 0.0511 0)
(0.0219 0.0657 0)
(0.0219 0.0803 0)
(0.0219 0.0949 0)
(0.0219 0.1095 0)
(0.0219 0.1241 0)
(0.0219 0.1387 0)
(0.0219 0.1533 0)
(0.0219 0.1679 0)
(0.0219 0.1825 0)
(0.0219 0.1971 0)
(0.0219 0.2117 0)
(0.0219 0.2263 0)
(0.0219 0.2409 0)
(0.0219 0.2555 0)
(0.0219 0.2701 0)
(0.0219 0.2847 0)
(0.0219 0.2993 0)
(0.0219 0.3139 0)
(0.0219 0.3285 0)
(0.0219 0.3431 0)
(0.0219 0.3577 0)
(0.0219 0.3723 0)
(0.0219 0.3869 0)
(0.0219 0.4015 0)
(0.0219 0.4161 0)
(0.0219 0.4307 0)
(0.0219 0.4453 0)
(0.0219 0.4599 0)
(0.0219 0.4745 0)
(0.0219 0.4891 0)
(0.0219 0.5037 0)
(0.0219 0.5183 0)
(0.0219 0.5329 0)
(0.0219 0.5475 0)
(0.0219 0.5621 0)
(0.0219 0.5767 0)
(0.0365 0.0073 0)
(0.0365 0.0219 0)
(0.0365 0.0365 0)
(0.0365 0.0511 0)
(0.0365 0.0657 0)
(0.0365 0.0803 0)
(0.0365 0.0949 0)
(0.0365 0.1095 0)
(0.0365 0.1241 0)
(0.0365 0.1387 0)
(0.0365 0.1533 0)
(0.0365 0.1679 0)
(0.0365 0.1825 0)
(0.0365 0.1971 0)
(0.0365 0.2117 0)
(0.0365 0.2263 0)
(0.0365 0.2409 0)
(0.0365 0.2555 0)
(0.0365 0.2701 0)
(0.0365 0.2847 0)
(0.0365 0.2993 0)
(0.0365 0.3139 0)
(0.0365 0.3285 0)
(0.0365 0.3431 0)
(0.0365 0.3577 0)
(0.0365 0.3723 0)
(0.0365 0.3869 0)
(0.0365 0.4015 0)
(0.0365 0.4161 0)
(0.0365 0.4307 0)
(0.0365 0.4453 0)
(0.0365 0.4599 0)
(0.0365 0.4745 0)
(0.0365 0.4891 0)
(0.0365 0.5037 0)
(0.0365 0.5183 0)
(0.0365 0.5329 0)
(0.0365 0.5475 0)
(0.0365 0.5621 0)
(0.0365 0.5767 0)
(0.0511 0.0073 0)
(0.0511 0.0219 0)
(0.0511 0.0365 0)
(0.0511 0.0511 0)
(0.0511 0.0657 0)
(0.0511 0.0803 0)
(0.0511 0.0949 0)
(0.0511 0.1095 0)
(0.0511 0.1241 0)
(0.0511 0.1387 0)
(0.0511 0.1533 0)
(0.0511 0.1679 0)
(0.0511 0.1825 0)
(0.0511 0.1971 0)
(0.0511 0.2117 0)
(0.0511 0.2263 0)
(0.0511 0.2409 0)
(0.0511 0.2555 0)
(0.0511 0.2701 0)
(0.0511 0.2847 0)
(0.0511 0.2993 0)
(0.0511 0.3139 0)
(0.0511 0.3285 0)
(0.0511 0.3431 0)
(0.0511 0.3577 0)
(0.0511 0.3723 0)
(0.0511 0.3869 0)
(0.0511 0.4015 0)
(0.0511 0.4161 0)
(0.0511 0.4307 0)
(0.0511 0.4453 0)
(0.0511 0.4599 0)
(0.0511 0.4745 0)
(0.0511 0.4891 0)
(0.0511 0.5037 0)
(0.0511 0.5183 0)
(0.0511 0.5329 0)
(0.0511 0.5475 0)
(0.0511 0.5621 0)
(0.0511 0.5767 0)
(0.0657 0.0073 0)
(0.0657 0.0219 0)
(0.0657 0.0365 0)
(0.0657 0.0511 0)
(0.0657 0.0657 0)
(0.0657 0.0803 0)
(0.0657 0.0949 0)
(0.0657 0.1095 0)
(0.0657 0.1241 0)
(0.0657 0.1387 0)
(0.0657 0.1533 0)
(0.0657 0.1679 0)
(0.0657 0.1825 0)
(0.0657 0.1971 0)
(0.0657 0.2117 0)
(0.0657 0.2263 0)
(0.0657 0.2409 0)
(0.0657 0.2555 0)
(0.0657 0.2701 0)
(0.0657 0.2847 0)
(0.0657 0.2993 0)
(0.0657 0.3139 0)
(0.0657 0.3285 0)
(0.0657 0.3431 0)
(0.0657 0.3577 0)
(0.0657 0.3723 0)
(0.0657 0.3869 0)
(0.0657 0.4015 0)
(0.0657 0.4161 0)
(0.0657 0.4307 0)
(0.0657 0.4453 0)
(0.0657 0.4599 0)
(0.0657 0.4745 0)
(0.0657 0.4891 0)
(0.0657 0.5037 0)
(0.0657 0.5183 0)
(0.0657 0.5329 0)
(0.0657 0.5475 0)
(0.0657 0.5621 0)
(0.0657 0.5767 0)
(0.0803 0.0073 0)
(0.0803 0.0219 0)
(0.0803 0.0365 0)
(0.0803 0.0511 0)
(0.0803 0.0657 0)
(0.0803 0.0803 0)
(0.0803 0.0949 0)
(0.0803 0.1095 0)
(0.0803 0.1241 0)
(0.0803 0.1387 0)
(0.0803 0.1533 0)
(0.0803 0.1679 0)
(0.0803 0.1825 0)
(0.0803 0.1971 0)
(0.0803 0.2117 0)
(0.0803 0.2263 0)
(0.0803 0.2409 0)
(0.0803 0.2555 0)
(0.0803 0.2701 0)
(0.0803 0.2847 0)
(0.0803 0.2993 0)
(0.0803 0.3139 0)
(0.0803 0.3285 0)
(0.0803 0.3431 0)
(0.0803 0.3577 0)
(0.0803 0.3723 0)
(0.0803 0.3869 0)
(0.0803 0.4015 0)
(0.0803 0.4161 0)
(0.0803 0.4307 0)
(0.0803 0.4453 0)
(0.0803 0.4599 0)
(0.0803 0.4745 0)
(0.0803 0.4891 0)
(0.0803 0.5037 0)
(0.0803 0.5183 0)
(0.0803 0.5329 0)
(0.0803 0.5475 0)
(0.0803 0.5621 0)
(0.0803 0.5767 0)
(0.0949 0.0073 0)
(0.0949 0.0219 0)
(0.0949 0.0365 0)
(0.0949 0.0511 0)
(0.0949 0.0657 0)
(0.0949 0.0803 0)
(0.0949 0.0949 0)
(0.0949 0.1095 0)
(0.0949 0.1241 0)
(0.0949 0.1387 0)
(0.0949 0.1533 0)
(0.0949 0.1679 0)
(0.0949 0.1825 0)
(0.0949 0.1971 0)
(0.0949 0.2117 0)
(0.0949 0.2263 0)
(0.0949 0.2409 0)
(0.0949 0.2555 0)
(0.0949 0.2701 0)
(0.0949 0.2847 0)
(0.0949 0.2993 0)
(0.0949 0.3139 0)
(0.0949 0.3285 0)
(0.0949 0.3431 0)
(0.0949 0.3577 0)
(0.0949 0.3723 0)
(0.0949 0.3869 0)
(0.0949 0.4015 0)
(0.0949 0.4161 0)
(0.0949 0.4307 0)
(0.0949 0.4453 0)
(0.0949 0.4599 0)
(0.0949 0.4745 0)
(0.0949 0.4891 0)
(0.0949 0.5037 0)
(0.0949 0.5183 0)
(0.0949 0.5329 0)
(0.0949 0.5475 0)
(0.0949 0.5621 0)
(0.0949 0.5767 0)
(0.1095 0.0073 0)
(0.1095 0.0219 0)
(0.1095 0.0365 0)
(0.1095 0.0511 0)
(0.1095 0.0657 0)
(0.1095 0.0803 0)
(0.1095 0.0949 0)
(0.1095 0.1095 0)
(0.1095 0.1241 0)
(0.1095 0.1387 0)
(0.1095 0.1533 0)
(0.1095 0.1679 0)
(0.1095 0.1825 0)
(0.1095 0.1971 0)
(0.1095 0.2117 0)
(0.1095 0.2263 0)
(0.1095 0.2409 0)
(0.1095 0.2555 0)
(0.1095 0.2701 0)
(0.1095 0.2847 0)
(0.1095 0.2993 0)
(0.1095 0.3139 0)
(0.1095 0.3285 0)
(0.1095 0.3431 0)
(0.1095 0.3577 0)
(0.1095 0.3723 0)
(0.1095 0.3869 0)
(0.1095 0.4015 0)
(0.1095 0.4161 0)
(0.1095 0.4307 0)
(0.1095 0.4453 0)
(0.1095 0.4599 0)
(0.1095 0.4745 0)
(0.1095 0.4891 0)
(0.1095 0.5037 0)
(0.1095 0.5183 0)
(0.1095 0.5329 0)
(0.1095 0.5475 0)
(0.1095 0.5621 0)
(0.1095 0.5767 0)
(0.1241 0.0073 0)
(0.1241 0.0219 0)
(0.1241 0.0365 0)
(0.1241 0.0511 0)
(0.1241 0.0657 0)
(0.1241 0.0803 0)
(0.1241 0.0949 0)
(0.1241 0.1095 0)
(0.1241 0.1241 0)
(0.1241 0.1387 0)
(0.1241 0.1533 0)
(0.1241 0.1679 0)
(0.1241 0.1825 0)
(0.1241 0.1971 0)
(0.1241 0.2117 0)
(0.1241 0.2263 0)
(0.1241 0.2409 0)
(0.1241 0.2555 0)
(0.1241 0.2701 0)
(0.1241 0.2847 0)
(0.1241 0.2993 0)
(0.1241 0.3139 0)
(0.1241 0.3285 0)
(0.1241 0.3431 0)
(0.1241 0.3577 0)
(0.1241 0.3723 0)
(0.1241 0.3869 0)
(0.1241 0.4015 0)
(0.1241 0.4161 0)
(0.1241 0.4307 0)
(0.1241 0.4453 0)
(0.1241 0.4599 0)
(0.1241 0.4745 0)
(0.1241 0.4891 0)
(0.1241 0.5037 0)
(0.1241 0.5183 0)
(0.1241 0.5329 0)
(0.1241 0.5475 0)
(0.1241 0.5621 0)
(0.1241 0.5767 0)
(0.1387 0.0073 0)
(0.1387 0.0219 0)
(0.1387 0.0365 0)
(0.1387 0.0511 0)
(0.1387 0.0657 0)
(0.1387 0.0803 0)
(0.1387 0.0949 0)
(0.1387 0.1095 0)
(0.1387 0.1241 0)
(0.1387 0.1387 0)
(0.1387 0.1533 0)
(0.1387 0.1679 0)
(0.1387 0.1825 0)
(0.1387 0.1971 0)
(0.1387 0.2117 0)
(0.1387 0.2263 0)
(0.1387 0.2409 0)
(0.1387 0.2555 0)
(0.1387 0.2701 0)
(0.1387 0.2847 0)
(0.1387 0.2993 0)
(0.1387 0.3139 0)
(0.1387 0.3285 0)
(0.1387 0.3431 0)
(0.1387 0.3577 0)
(0.1387 0.3723 0)
(0.1387 0.3869 0)
(0.1387 0.4015 0)
(0.1387 0.4161 0)
(0.1387 0.4307 0)
(0.1387 0.4453 0)
(0.1387 0.4599 0)
(0.1387 0.4745 0)
(0.1387 0.4891 0)
(0.1387 0.5037 0)
(0.1387 0.5183 0)
(0.1387 0.5329 0)
(0.1387 0.5475 0)
(0.1387 0.5621 0)
(0.1387 0.5767 0)
(0.1533 0.0073 0)
(0.1533 0.0219 0)
(0.1533 0.0365 0)
(0.1533 0.0511 0)
(0.1533 0.0657 0)
(0.1533 0.0803 0)
(0.1533 0.0949 0)
(0.1533 0.1095 0)
(0.1533 0.1241 0)
(0.1533 0.1387 0)
(0.1533 0.1533 0)
(0.1533 0.1679 0)
(0.1533 0.1825 0)
(0.1533 0.1971 0)
(0.1533 0.2117 0)
(0.1533 0.2263 0)
(0.1533 0.2409 0)
(0.1533 0.2555 0)
(0.1533 0.2701 0)
(0.1533 0.2847 0)
(0.1533 0.2993 0)
(0.1533 0.3139 0)
(0.1533 0.3285 0)
(0.1533 0.3431 0)
(0.1533 0.3577 0)
(0.1533 0.3723 0)
(0.1533 0.3869 0)
(0.1533 0.4015 0)
(0.1533 0.4161 0)
(0.1533 0.4307 0)
(0.1533 0.4453 0)
(0.1533 0.4599 0)
(0.1533 0.4745 0)
(0.1533 0.4891 0)
(0.1533 0.5037 0)
(0.1533 0.5183 0)
(0.1533 0.5329 0)
(0.1533 0.5475 0)
(0.1533 0.5621 0)
(0.1533 0.5767 0)
(0.1679 0.0073 0)
(0.1679 0.0219 0)
(0.1679 0.0365 0)
(0.1679 0.0511 0)
(0.1679 0.0657 0)
(0.1679 0.0803 0)
(0.1679 0.0949 0)
(0.1679 0.1095 0)
(0.1679 0.1241 0)
(0.1679 0.1387 0)
(0.1679 0.1533 0)
(0.1679 0.1679 0)
(0.1679 0.1825 0)
(0.1679 0.1971 0)
(0.1679 0.2117 0)
(0.1679 0.2263 0)
(0.1679 0.2409 0)
(0.1679 0.2555 0)
(0.1679 0.2701 0)
(0.1679 0.2847 0)
(0.1679 0.2993 0)
(0.1679 0.3139 0)
(0.1679 0.3285 0)
(0.1679 0.3431 0)
(0.1679 0.3577 0)
(0.1679 0.3723 0)
(0.1679 0.3869 0)
(0.1679 0.4015 0)
(0.1679 0.4161 0)
(0.1679 0.4307 0)
(0.1679 0.4453 0)
(0.1679 0.4599 0)
(0.1679 0.4745 0)
(0.1679 0.4891 0)
(0.1679 0.5037 0)
(0.1679 0.5183 0)
(0.1679 0.5329 0)
(0.1679 0.5475 0)
(0.1679 0.5621 0)
(0.1679 0.5767 0)
(0.1825 0.0073 0)
(0.1825 0.0219 0)
(0.1825 0.0365 0)
(0.1825 0.0511 0)
(0.1825 0.0657 0)
(0.1825 0.0803 0)
(0.1825 0.0949 0)
(0.1825 0.1095 0)
(0.1825 0.1241 0)
(0.1825 0.1387 0)
(0.1825 0.1533 0)
(0.1825 0.1679 0)
(0.1825 0.1825 0)
(0.1825 0.1971 0)
(0.1825 0.2117 0)
(0.1825 0.2263 0)
(0.1825 0.2409 0)
(0.1825 0.2555 0)
(0.1825 0.2701 0)
(0.1825 0.2847 0)
(0.1825 0.2993 0)
(0.1825 0.3139 0)
(0.1825 0.3285 0)
(0.1825 0.3431 0)
(0.1825 0.3577 0)
(0.1825 0.3723 0)
(0.1825 0.3869 0)
(0.1825 0.4015 0)
(0.1825 0.4161 0)
(0.1825 0.4307 0)
(0.1825 0.4453 0)
(0.1825 0.4599 0)
(0.1825 0.4745 0)
(0.1825 0.4891 0)
(0.1825 0.5037 0)
(0.1825 0.5183 0)
(0.1825 0.5329 0)
(0.1825 0.5475 0)
(0.1825 0.5621 0)
(0.1825 0.5767 0)
(0.1971 0.0073 0)
(0.1971 0.0219 0)
(0.1971 0.0365 0)
(0.1971 0.0511 0)
(0.1971 0.0657 0)
(0.1971 0.0803 0)
(0.1971 0.0949 0)
(0.1971 0.1095 0)
(0.1971 0.1241 0)
(0.1971 0.1387 0)
(0.1971 0.1533 0)
(0.1971 0.1679 0)
(0.1971 0.1825 0)
(0.1971 0.1971 0)
(0.1971 0.2117 0)
(0.1971 0.2263 0)
(0.1971 0.2409 0)
(0.1971 0.2555 0)
(0.1971 0.2701 0)
(0.1971 0.2847 0)
(0.1971 0.2993 0)
(0.1971 0.3139 0)
(0.1971 0.3285 0)
(0.1971 0.3431 0)
(0.1971 0.3577 0)
(0.1971 0.3723 0)
(0.1971 0.3869 0)
(0.1971 0.4015 0)
(0.1971 0.4161 0)
(0.1971 0.4307 0)
(0.1971 0.4453 0)
(0.1971 0.4599 0)
(0.1971 0.4745 0)
(0.1971 0.4891 0)
(0.1971 0.5037 0)
(0.1971 0.5183 0)
(0.1971 0.5329 0)
(0.1971 0.5475 0)
(0.1971 0.5621 0)
(0.1971 0.5767 0)
(0.2117 0.0073 0)
(0.2117 0.0219 0)
(0.2117 0.0365 0)
(0.2117 0.0511 0)
(0.2117 0.0657 0)
(0.2117 0.0803 0)
(0.2117 0.0949 0)
(0.2117 0.1095 0)
(0.2117 0.1241 0)
(0.2117 0.1387 0)
(0.2117 0.1533 0)
(0.2117 0.1679 0)
(0.2117 0.1825 0)
(0.2117 0.1971 0)
(0.2117 0.2117 0)
(0.2117 0.2263 0)
(0.2117 0.2409 0)
(0.2117 0.2555 0)
(0.2117 0.2701 0)
(0.2117 0.2847 0)
(0.2117 0.2993 0)
(0.2117 0.3139 0)
(0.2117 0.3285 0)
(0.2117 0.3431 0)
(0.2117 0.3577 0)
(0.2117 0.3723 0)
(0.2117 0.3869 0)
(0.2117 0.4015 0)
(0.2117 0.4161 0)
(0.2117 0.4307 0)
(0.2117 0.4453 0)
(0.2117 0.4599 0)
(0.2117 0.4745 0)
(0.2117 0.4891 0)
(0.2117 0.5037 0)
(0.2117 0.5183 0)
(0.2117 0.5329 0)
(0.2117 0.5475 0)
(0.2117 0.5621 0)
(0.2117 0.5767 0)
(0.2263 0.0073 0)
(0.2263 0.0219 0)
(0.2263 0.0365 0)
(0.2263 0.0511 0)
(0.2263 0.0657 0)
(0.2263 0.0803 0)
(0.2263 0.0949 0)
(0.2263 0.1095 0)
(0.2263 0.1241 0)
(0.2263 0.1387 0)
(0.2263 0.1533 0)
(0.2263 0.1679 0)
(0.2263 0.1825 0)
(0.2263 0.1971 0)
(0.2263 0.2117 0)
(0.2263 0.2263 0)
(0.2263 0.2409 0)
(0.2263 0.2555 0)
(0.2263 0.2701 0)
(0.2263 0.2847 0)
(0.2263 0.2993 0)
(0.2263 0.3139 0)
(0.2263 0.3285 0)
(0.2263 0.3431 0)
(0.2263 0.3577 0)
(0.2263 0.3723 0)
(0.2263 0.3869 0)
(0.2263 0.4015 0)
(0.2263 0.4161 0)
(0.2263 0.4307 0)
(0.2263 0.4453 0)
(0.2263 0.4599 0)
(0.2263 0.4745 0)
(0.2263 0.4891 0)
(0.2263 0.5037 0)
(0.2263 0.5183 0)
(0.2263 0.5329 0)
(0.2263 0.5475 0)
(0.2263 0.5621 0)
(0.2263 0.5767 0)
(0.2409 0.0073 0)
(0.2409 0.0219 0)
(0.2409 0.0365 0)
(0.2409 0.0511 0)
(0.2409 0.0657 0)
(0.2409 0.0803 0)
(0.2409 0.0949 0)
(0.2409 0.1095 0)
(0.2409 0.1241 0)
(0.2409 0.1387 0)
(0.2409 0.1533 0)
(0.2409 0.1679 0)
(0.2409 0.1825 0)
(0.2409 0.1971 0)
(0.2409 0.2117 0)
(0.2409 0.2263 0)
(0.2409 0.2409 0)
(0.2409 0.2555 0)
(0.2409 0.2701 0)
(0.2409 0.2847 0)
(0.2409 0.2993 0)
(0.2409 0.3139 0)
(0.2409 0.3285 0)
(0.2409 0.3431 0)
(0.2409 0.3577 0)
(0.2409 0.3723 0)
(0.2409 0.3869 0)
(0.2409 0.4015 0)
(0.2409 0.4161 0)
(0.2409 0.4307 0)
(0.2409 0.4453 0)
(0.2409 0.4599 0)
(0.2409 0.4745 0)
(0.2409 0.4891 0)
(0.2409 0.5037 0)
(0.2409 0.5183 0)
(0.2409 0.5329 0)
(0.2409 0.5475 0)
(0.2409 0.5621 0)
(0.2409 0.5767 0)
(0.2555 0.0073 0)
(0.2555 0.0219 0)
(0.2555 0.0365 0)
(0.2555 0.0511 0)
(0.2555 0.0657 0)
(0.2555 0.0803 0)
(0.2555 0.0949 0)
(0.2555 0.1095 0)
(0.2555 0.1241 0)
(0.2555 0.1387 0)
(0.2555 0.1533 0)
(0.2555 0.1679 0)
(0.2555 0.1825 0)
(0.2555 0.1971 0)
(0.2555 0.2117 0)
(0.2555 0.2263 0)
(0.2555 0.2409 0)
(0.2555 0.2555 0)
(0.2555 0.2701 0)
(0.2555 0.2847 0)
(0.2555 0.2993 0)
(0.2555 0.3139 0)
(0.2555 0.3285 0)
(0.2555 0.3431 0)
(0.2555 0.3577 0)
(0.2555 0.3723 0)
(0.2555 0.3869 0)
(0.2555 0.4015 0)
(0.2555 0.4161 0)
(0.2555 0.4307 0)
(0.2555 0.4453 0)
(0.2555 0.4599 0)
(0.2555 0.4745 0)
(0.2555 0.4891 0)
(0.2555 0.5037 0)
(0.2555 0.5183 0)
(0.2555 0.5329 0)
(0.2555 0.5475 0)
(0.2555 0.5621 0)
(0.2555 0.5767 0)
(0.2701 0.0073 0)
(0.2701 0.0219 0)
(0.2701 0.0365 0)
(0.2701 0.0511 0)
(0.2701 0.0657 0)
(0.2701 0.0803 0)
(0.2701 0.0949 0)
(0.2701 0.1095 0)
(0.2701 0.1241 0)
(0.2701 0.1387 0)
(0.2701 0.1533 0)
(0.2701 0.1679 0)
(0.2701 0.1825 0)
(0.2701 0.1971 0)
(0.2701 0.2117 0)
(0.2701 0.2263 0)
(0.2701 0.2409 0)
(0.2701 0.2555 0)
(0.2701 0.2701 0)
(0.2701 0.2847 0)
(0.2701 0.2993 0)
(0.2701 0.3139 0)
(0.2701 0.3285 0)
(0.2701 0.3431 0)
(0.2701 0.3577 0)
(0.2701 0.3723 0)
(0.2701 0.3869 0)
(0.2701 0.4015 0)
(0.2701 0.4161 0)
(0.2701 0.4307 0)
(0.2701 0.4453 0)
(0.2701 0.4599 0)
(0.2701 0.4745 0)
(0.2701 0.4891 0)
(0.2701 0.5037 0)
(0.2701 0.5183 0)
(0.2701 0.5329 0)
(0.2701 0.5475 0)
(0.2701 0.5621 0)
(0.2701 0.5767 0)
(0.2847 0.0073 0)
(0.2847 0.0219 0)
(0.2847 0.0365 0)
(0.2847 0.0511 0)
(0.2847 0.0657 0)
(0.2847 0.0803 0)
(0.2847 0.0949 0)
(0.2847 0.1095 0)
(0.2847 0.1241 0)
(0.2847 0.1387 0)
(0.2847 0.1533 0)
(0.2847 0.1679 0)
(0.2847 0.1825 0)
(0.2847 0.1971 0)
(0.2847 0.2117 0)
(0.2847 0.2263 0)
(0.2847 0.2409 0)
(0.2847 0.2555 0)
(0.2847 0.2701 0)
(0.2847 0.2847 0)
(0.2847 0.2993 0)
(0.2847 0.3139 0)
(0.2847 0.3285 0)
(0.2847 0.3431 0)
(0.2847 0.3577 0)
(0.2847 0.3723 0)
(0.2847 0.3869 0)
(0.2847 0.4015 0)
(0.2847 0.4161 0)
(0.2847 0.4307 0)
(0.2847 0.4453 0)
(0.2847 0.4599 0)
(0.2847 0.4745 0)
(0.2847 0.4891 0)
(0.2847 0.5037 0)
(0.2847 0.5183 0)
(0.2847 0.5329 0)
(0.2847 0.5475 0)
(0.2847 0.5621 0)
(0.2847 0.5767 0)
(0.2993 0.0073 0)
(0.2993 0.0219 0)
(0.2993 0.0365 0)
(0.2993 0.0511 0)
(0.2993 0.0657 0)
(0.2993 0.0803 0)
(0.2993 0.0949 0)
(0.2993 0.1095 0)
(0.2993 0.1241 0)
(0.2993 0.1387 0)
(0.2993 0.1533 0)
(0.2993 0.1679 0)
(0.2993 0.1825 0)
(0.2993 0.1971 0)
(0.2993 0.2117 0)
(0.2993 0.2263 0)
(0.2993 0.2409 0)
(0.2993 0.2555 0)
(0.2993 0.2701 0)
(0.2993 0.2847 0)
(0.2993 0.2993 0)
(0.2993 0.3139 0)
(0.2993 0.3285 0)
(0.2993 0.3431 0)
(0.2993 0.3577 0)
(0.2993 0.3723 0)
(0.2993 0.3869 0)
(0.2993 0.4015 0)
(0.2993 0.4161 0)
(0.2993 0.4307 0)
(0.2993 0.4453 0)
(0.2993 0.4599 0)
(0.2993 0.4745 0)
(0.2993 0.4891 0)
(0.2993 0.5037 0)
(0.2993 0.5183 0)
(0.2993 0.5329 0)
(0.2993 0.5475 0)
(0.2993 0.5621 0)
(0.2993 0.5767 0)
(0.3139 0.0073 0)
(0.3139 0.0219 0)
(0.3139 0.0365 0)
(0.3139 0.0511 0)
(0.3139 0.0657 0)
(0.3139 0.0803 0)
(0.3139 0.0949 0)
(0.3139 0.1095 0)
(0.3139 0.1241 0)
(0.3139 0.1387 0)
(0.3139 0.1533 0)
(0.3139 0.1679 0)
(0.3139 0.1825 0)
(0.3139 0.1971 0)
(0.3139 0.2117 0)
(0.3139 0.2263 0)
(0.3139 0.2409 0)
(0.3139 0.2555 0)
(0.3139 0.2701 0)
(0.3139 0.2847 0)
(0.3139 0.2993 0)
(0.3139 0.3139 0)
(0.3139 0.3285 0)
(0.3139 0.3431 0)
(0.3139 0.3577 0)
(0.3139 0.3723 0)
(0.3139 0.3869 0)
(0.3139 0.4015 0)
(0.3139 0.4161 0)
(0.3139 0.4307 0)
(0.3139 0.4453 0)
(0.3139 0.4599 0)
(0.3139 0.4745 0)
(0.3139 0.4891 0)
(0.3139 0.5037 0)
(0.3139 0.5183 0)
(0.3139 0.5329 0)
(0.3139 0.5475 0)
(0.3139 0.5621 0)
(0.3139 0.5767 0)
(0.3285 0.0073 0)
(0.3285 0.0219 0)
(0.3285 0.0365 0)
(0.3285 0.0511 0)
(0.3285 0.0657 0)
(0.3285 0.0803 0)
(0.3285 0.0949 0)
(0.3285 0.1095 0)
(0.3285 0.1241 0)
(0.3285 0.1387 0)
(0.3285 0.1533 0)
(0.3285 0.1679 0)
(0.3285 0.1825 0)
(0.3285 0.1971 0)
(0.3285 0.2117 0)
(0.3285 0.2263 0)
(0.3285 0.2409 0)
(0.3285 0.2555 0)
(0.3285 0.2701 0)
(0.3285 0.2847 0)
(0.3285 0.2993 0)
(0.3285 0.3139 0)
(0.3285 0.3285 0)
(0.3285 0.3431 0)
(0.3285 0.3577 0)
(0.3285 0.3723 0)
(0.3285 0.3869 0)
(0.3285 0.4015 0)
(0.3285 0.4161 0)
(0.3285 0.4307 0)
(0.3285 0.4453 0)
(0.3285 0.4599 0)
(0.3285 0.4745 0)
(0.3285 0.4891 0)
(0.3285 0.5037 0)
(0.3285 0.5183 0)
(0.3285 0.5329 0)
(0.3285 0.5475 0)
(0.3285 0.5621 0)
(0.3285 0.5767 0)
(0.3431 0.0073 0)
(0.3431 0.0219 0)
(0.3431 0.0365 0)
(0.3431 0.0511 0)
(0.3431 0.0657 0)
(0.3431 0.0803 0)
(0.3431 0.0949 0)
(0.3431 0.1095 0)
(0.3431 0.1241 0)
(0.3431 0.1387 0)
(0.3431 0.1533 0)
(0.3431 0.1679 0)
(0.3431 0.1825 0)
(0.3431 0.1971 0)
(0.3431 0.2117 0)
(0.3431 0.2263 0)
(0.3431 0.2409 0)
(0.3431 0.2555 0)
(0.3431 0.2701 0)
(0.3431 0.2847 0)
(0.3431 0.2993 0)
(0.3431 0.3139 0)
(0.3431 0.3285 0)
(0.3431 0.3431 0)
(0.3431 0.3577 0)
(0.3431 0.3723 0)
(0.3431 0.3869 0)
(0.3431 0.4015 0)
(0.3431 0.4161 0)
(0.3431 0.4307 0)
(0.3431 0.4453 0)
(0.3431 0.4599 0)
(0.3431 0.4745 0)
(0.3431 0.4891 0)
(0.3431 0.5037 0)
(0.3431 0.5183 0)
(0.3431 0.5329 0)
(0.3431 0.5475 0)
(0.3431 0.5621 0)
(0.3431 0.5767 0)
(0.3577 0.0073 0)
(0.3577 0.0219 0)
(0.3577 0.0365 0)
(0.3577 0.0511 0)
(0.3577 0.0657 0)
(0.3577 0.0803 0)
(0.3577 0.0949 0)
(0.3577 0.1095 0)
(0.3577 0.1241 0)
(0.3577 0.1387 0)
(0.3577 0.1533 0)
(0.3577 0.1679 0)
(0.3577 0.1825 0)
(0.3577 0.1971 0)
(0.3577 0.2117 0)
(0.3577 0.2263 0)
(0.3577 0.2409 0)
(0.3577 0.2555 0)
(0.3577 0.2701 0)
(0.3577 0.2847 0)
(0.3577 0.2993 0)
(0.3577 0.3139 0)
(0.3577 0.3285 0)
(0.3577 0.3431 0)
(0.3577 0.3577 0)
(0.3577 0.3723 0)
(0.3577 0.3869 0)
(0.3577 0.4015 0)
(0.3577 0.4161 0)
(0.3577 0.4307 0)
(0.3577 0.4453 0)
(0.3577 0.4599 0)
(0.3577 0.4745 0)
(0.3577 0.4891 0)
(0.3577 0.5037 0)
(0.3577 0.5183 0)
(0.3577 0.5329 0)
(0.3577 0.5475 0)
(0.3577 0.5621 0)
(0.3577 0.5767 0)
(0.3723 0.0073 0)
(0.3723 0.0219 0)
(0.3723 0.0365 0)
(0.3723 0.0511 0)
(0.3723 0.0657 0)
(0.3723 0.0803 0)
(0.3723 0.0949 0)
(0.3723 0.1095 0)
(0.3723 0.1241 0)
(0.3723 0.1387 0)
(0.3723 0.1533 0)
(0.3723 0.1679 0)
(0.3723 0.1825 0)
(0.3723 0.1971 0)
(0.3723 0.2117 0)
(0.3723 0.2263 0)
(0.3723 0.2409 0)
(0.3723 0.2555 0)
(0.3723 0.2701 0)
(0.3723 0.2847 0)
(0.3723 0.2993 0)
(0.3723 0.3139 0)
(0.3723 0.3285 0)
(0.3723 0.3431 0)
(0.3723 0.3577 0)
(0.3723 0.3723 0)
(0.3723 0.3869 0)
(0.3723 0.4015 0)
(0.3723 0.4161 0)
(0.3723 0.4307 0)
(0.3723 0.4453 0)
(0.3723 0.4599 0)
(0.3723 0.4745 0)
(0.3723 0.4891 0)
(0.3723 0.5037 0)
(0.3723 0.5183 0)
(0.3723 0.5329 0)
(0.3723 0.5475 0)
(0.3723 0.5621 0)
(0.3723 0.5767 0)
(0.3869 0.0073 0)
(0.3869 0.0219 0)
(0.3869 0.0365 0)
(0.3869 0.0511 0)
(0.3869 0.0657 0)
(0.3869 0.0803 0)
(0.3869 0.0949 0)
(0.3869 0.1095 0)
(0.3869 0.1241 0)
(0.3869 0.1387 0)
(0.3869 0.1533 0)
(0.3869 0.1679 0)
(0.3869 0.1825 0)
(0.3869 0.1971 0)
(0.3869 0.2117 0)
(0.3869 0.2263 0)
(0.3869 0.2409 0)
(0.3869 0.2555 0)
(0.3869 0.2701 0)
(0.3869 0.2847 0)
(0.3869 0.2993 0)
(0.3869 0.3139 0)
(0.3869 0.3285 0)
(0.3869 0.3431 0)
(0.3869 0.3577 0)
(0.3869 0.3723 0)
(0.3869 0.3869 0)
(0.3869 0.4015 0)
(0.3869 0.4161 0)
(0.3869 0.4307 0)
(0.3869 0.4453 0)
(0.3869 0.4599 0)
(0.3869 0.4745 0)
(0.3869 0.4891 0)
(0.3869 0.5037 0)
(0.3869 0.5183 0)
(0.3869 0.5329 0)
(0.3869 0.5475 0)
(0.3869 0.5621 0)
(0.3869 0.5767 0)
(0.4015 0.0073 0)
(0.4015 0.0219 0)
(0.4015 0.0365 0)
(0.4015 0.0511 0)
(0.4015 0.0657 0)
(0.4015 0.0803 0)
(0.4015 0.0949 0)
(0.4015 0.1095 0)
(0.4015 0.1241 0)
(0.4015 0.1387 0)
(0.4015 0.1533 0)
(0.4015 0.1679 0)
(0.4015 0.1825 0)
(0.4015 0.1971 0)
(0.4015 0.2117 0)
(0.4015 0.2263 0)
(0.4015 0.2409 0)
(0.4015 0.2555 0)
(0.4015 0.2701 0)
(0.4015 0.2847 0)
(0.4015 0.2993 0)
(0.4015 0.3139 0)
(0.4015 0.3285 0)
(0.4015 0.3431 0)
(0.4015 0.3577 0)
(0.4015 0.3723 0)
(0.4015 0.3869 0)
(0.4015 0.4015 0)
(0.4015 0.4161 0)
(0.4015 0.4307 0)
(0.4015 0.4453 0)
(0.4015 0.4599 0)
(0.4015 0.4745 0)
(0.4015 0.4891 0)
(0.4015 0.5037 0)
(0.4015 0.5183 0)
(0.4015 0.5329 0)
(0.4015 0.5475 0)
(0.4015 0.5621 0)
(0.4015 0.5767 0)
(0.4161 0.0073 0)
(0.4161 0.0219 0)
(0.4161 0.0365 0)
(0.4161 0.0511 0)
(0.4161 0.0657 0)
(0.4161 0.0803 0)
(0.4161 0.0949 0)
(0.4161 0.1095 0)
(0.4161 0.1241 0)
(0.4161 0.1387 0)
(0.4161 0.1533 0)
(0.4161 0.1679 0)
(0.4161 0.1825 0)
(0.4161 0.1971 0)
(0.4161 0.2117 0)
(0.4161 0.2263 0)
(0.4161 0.2409 0)
(0.4161 0.2555 0)
(0.4161 0.2701 0)
(0.4161 0.2847 0)
(0.4161 0.2993 0)
(0.4161 0.3139 0)
(0.4161 0.3285 0)
(0.4161 0.3431 0)
(0.4161 0.3577 0)
(0.4161 0.3723 0)
(0.4161 0.3869 0)
(0.4161 0.4015 0)
(0.4161 0.4161 0)
(0.4161 0.4307 0)
(0.4161 0.4453 0)
(0.4161 0.4599 0)
(0.4161 0.4745 0)
(0.4161 0.4891 0)
(0.4161 0.5037 0)
(0.4161 0.5183 0)
(0.4161 0.5329 0)
(0.4161 0.5475 0)
(0.4161 0.5621 0)
(0.4161 0.5767 0)
(0.4307 0.0073 0)
(0.4307 0.0219 0)
(0.4307 0.0365 0)
(0.4307 0.0511 0)
(0.4307 0.0657 0)
(0.4307 0.0803 0)
(0.4307 0.0949 0)
(0.4307 0.1095 0)
(0.4307 0.1241 0)
(0.4307 0.1387 0)
(0.4307 0.1533 0)
(0.4307 0.1679 0)
(0.4307 0.1825 0)
(0.4307 0.1971 0)
(0.4307 0.2117 0)
(0.4307 0.2263 0)
(0.4307 0.2409 0)
(0.4307 0.2555 0)
(0.4307 0.2701 0)
(0.4307 0.2847 0)
(0.4307 0.2993 0)
(0.4307 0.3139 0)
(0.4307 0.3285 0)
(0.4307 0.3431 0)
(0.4307 0.3577 0)
(0.4307 0.3723 0)
(0.4307 0.3869 0)
(0.4307 0.4015 0)
(0.4307 0.4161 0)
(0.4307 0.4307 0)
(0.4307 0.4453 0)
(0.4307 0.4599 0)
(0.4307 0.4745 0)
(0.4307 0.4891 0)
(0.4307 0.5037 0)
(0.4307 0.5183 0)
(0.4307 0.5329 0)
(0.4307 0.5475 0)
(0.4307 0.5621 0)
(0.4307 0.5767 0)
(0.4453 0.0073 0)
(0.4453 0.0219 0)
(0.4453 0.0365 0)
(0.4453 0.0511 0)
(0.4453 0.0657 0)
(0.4453 0.0803 0)
(0.4453 0.0949 0)
(0.4453 0.1095 0)
(0.4453 0.1241 0)
(0.4453 0.1387 0)
(0.4453 0.1533 0)
(0.4453 0.1679 0)
(0.4453 0.1825 0)
(0.4453 0.1971 0)
(0.4453 0.2117 0)
(0.4453 0.2263 0)
(0.4453 0.2409 0)
(0.4453 0.2555 0)
(0.4453 0.2701 0)
(0.4453 0.2847 0)
(0.4453 0.2993 0)
(0.4453 0.3139 0)
(0.4453 0.3285 0)
(0.4453 0.3431 0)
(0.4453 0.3577 0)
(0.4453 0.3723 0)
(0.4453 0.3869 0)
(0.4453 0.4015 0)
(0.4453 0.4161 0)
(0.4453 0.4307 0)
(0.4453 0.4453 0)
(0.4453 0.4599 0)
(0.4453 0.4745 0)
(0.4453 0.4891 0)
(0.4453 0.5037 0)
(0.4453 0.5183 0)
(0.4453 0.5329 0)
(0.4453 0.5475 0)
(0.4453 0.5621 0)
(0.4453 0.5767 0)
(0.4599 0.0073 0)
(0.4599 0.0219 0)
(0.4599 0.0365 0)
(0.4599 0.0511 0)
(0.4599 0.0657 0)
(0.4599 0.0803 0)
(0.4599 0.0949 0)
(0.4599 0.1095 0)
(0.4599 0.1241 0)
(0.4599 0.1387 0)
(0.4599 0.1533 0)
(0.4599 0.1679 0)
(0.4599 0.1825 0)
(0.4599 0.1971 0)
(0.4599 0.2117 0)
(0.4599 0.2263 0)
(0.4599 0.2409 0)
(0.4599 0.2555 0)
(0.4599 0.2701 0)
(0.4599 0.2847 0)
(0.4599 0.2993 0)
(0.4599 0.3139 0)
(0.4599 0.3285 0)
(0.4599 0.3431 0)
(0.4599 0.3577 0)
(0.4599 0.3723 0)
(0.4599 0.3869 0)
(0.4599 0.4015 0)
(0.4599 0.4161 0)
(0.4599 0.4307 0)
(0.4599 0.4453 0)
(0.4599 0.4599 0)
(0.4599 0.4745 0)
(0.4599 0.4891 0)
(0.4599 0.5037 0)
(0.4599 0.5183 0)
(0.4599 0.5329 0)
(0.4599 0.5475 0)
(0.4599 0.5621 0)
(0.4599 0.5767 0)
(0.4745 0.0073 0)
(0.4745 0.0219 0)
(0.4745 0.0365 0)
(0.4745 0.0511 0)
(0.4745 0.0657 0)
(0.4745 0.0803 0)
(0.4745 0.0949 0)
(0.4745 0.1095 0)
(0.4745 0.1241 0)
(0.4745 0.1387 0)
(0.4745 0.1533 0)
(0.4745 0.1679 0)
(0.4745 0.1825 0)
(0.4745 0.1971 0)
(0.4745 0.2117 0)
(0.4745 0.2263 0)
(0.4745 0.2409 0)
(0.4745 0.2555 0)
(0.4745 0.2701 0)
(0.4745 0.2847 0)
(0.4745 0.2993 0)
(0.4745 0.3139 0)
(0.4745 0.3285 0)
(0.4745 0.3431 0)
(0.4745 0.3577 0)
(0.4745 0.3723 0)
(0.4745 0.3869 0)
(0.4745 0.4015 0)
(0.4745 0.4161 0)
(0.4745 0.4307 0)
(0.4745 0.4453 0)
(0.4745 0.4599 0)
(0.4745 0.4745 0)
(0.4745 0.4891 0)
(0.4745 0.5037 0)
(0.4745 0.5183 0)
(0.4745 0.5329 0)
(0.4745 0.5475 0)
(0.4745 0.5621 0)
(0.4745 0.5767 0)
(0.4891 0.0073 0)
(0.4891 0.0219 0)
(0.4891 0.0365 0)
(0.4891 0.0511 0)
(0.4891 0.0657 0)
(0.4891 0.0803 0)
(0.4891 0.0949 0)
(0.4891 0.1095 0)
(0.4891 0.1241 0)
(0.4891 0.1387 0)
(0.4891 0.1533 0)
(0.4891 0.1679 0)
(0.4891 0.1825 0)
(0.4891 0.1971 0)
(0.4891 0.2117 0)
(0.4891 0.2263 0)
(0.4891 0.2409 0)
(0.4891 0.2555 0)
(0.4891 0.2701 0)
(0.4891 0.2847 0)
(0.4891 0.2993 0)
(0.4891 0.3139 0)
(0.4891 0.3285 0)
(0.4891 0.3431 0)
(0.4891 0.3577 0)
(0.4891 0.3723 0)
(0.4891 0.3869 0)
(0.4891 0.4015 0)
(0.4891 0.4161 0)
(0.4891 0.4307 0)
(0.4891 0.4453 0)
(0.4891 0.4599 0)
(0.4891 0.4745 0)
(0.4891 0.4891 0)
(0.4891 0.5037 0)
(0.4891 0.5183 0)
(0.4891 0.5329 0)
(0.4891 0.5475 0)
(0.4891 0.5621 0)
(0.4891 0.5767 0)
(0.5037 0.0073 0)
(0.5037 0.0219 0)
(0.5037 0.0365 0)
(0.5037 0.0511 0)
(0.5037 0.0657 0)
(0.5037 0.0803 0)
(0.5037 0.0949 0)
(0.5037 0.1095 0)
(0.5037 0.1241 0)
(0.5037 0.1387 0)
(0.5037 0.1533 0)
(0.5037 0.1679 0)
(0.5037 0.1825 0)
(0.5037 0.1971 0)
(0.5037 0.2117 0)
(0.5037 0.2263 0)
(0.5037 0.2409 0)
(0.5037 0.2555 0)
(0.5037 0.2701 0)
(0.5037 0.2847 0)
(0.5037 0.2993 0)
(0.5037 0.3139 0)
(0.5037 0.3285 0)
(0.5037 0.3431 0)
(0.5037 0.3577 0)
(0.5037 0.3723 0)
(0.5037 0.3869 0)
(0.5037 0.4015 0)
(0.5037 0.4161 0)
(0.5037 0.4307 0)
(0.5037 0.4453 0)
(0.5037 0.4599 0)
(0.5037 0.4745 0)
(0.5037 0.4891 0)
(0.5037 0.5037 0)
(0.5037 0.5183 0)
(0.5037 0.5329 0)
(0.5037 0.5475 0)
(0.5037 0.5621 0)
(0.5037 0.5767 0)
(0.5183 0.0073 0)
(0.5183 0.0219 0)
(0.5183 0.0365 0)
(0.5183 0.0511 0)
(0.5183 0.0657 0)
(0.5183 0.0803 0)
(0.5183 0.0949 0)
(0.5183 0.1095 0)
(0.5183 0.1241 0)
(0.5183 0.1387 0)
(0.5183 0.1533 0)
(0.5183 0.1679 0)
(0.5183 0.1825 0)
(0.5183 0.1971 0)
(0.5183 0.2117 0)
(0.5183 0.2263 0)
(0.5183 0.2409 0)
(0.5183 0.2555 0)
(0.5183 0.2701 0)
(0.5183 0.2847 0)
(0.5183 0.2993 0)
(0.5183 0.3139 0)
(0.5183 0.3285 0)
(0.5183 0.3431 0)
(0.5183 0.3577 0)
(0.5183 0.3723 0)
(0.5183 0.3869 0)
(0.5183 0.4015 0)
(0.5183 0.4161 0)
(0.5183 0.4307 0)
(0.5183 0.4453 0)
(0.5183 0.4599 0)
(0.5183 0.4745 0)
(0.5183 0.4891 0)
(0.5183 0.5037 0)
(0.5183 0.5183 0)
(0.5183 0.5329 0)
(0.5183 0.5475 0)
(0.5183 0.5621 0)
(0.5183 0.5767 0)
(0.5329 0.0073 0)
(0.5329 0.0219 0)
(0.5329 0.0365 0)
(0.5329 0.0511 0)
(0.5329 0.0657 0)
(0.5329 0.0803 0)
(0.5329 0.0949 0)
(0.5329 0.1095 0)
(0.5329 0.1241 0)
(0.5329 0.1387 0)
(0.5329 0.1533 0)
(0.5329 0.1679 0)
(0.5329 0.1825 0)
(0.5329 0.1971 0)
(0.5329 0.2117 0)
(0.5329 0.2263 0)
(0.5329 0.2409 0)
(0.5329 0.2555 0)
(0.5329 0.2701 0)
(0.5329 0.2847 0)
(0.5329 0.2993 0)
(0.5329 0.3139 0)
(0.5329 0.3285 0)
(0.5329 0.3431 0)
(0.5329 0.3577 0)
(0.5329 0.3723 0)
(0.5329 0.3869 0)
(0.5329 0.4015 0)
(0.5329 0.4161 0)
(0.5329 0.4307 0)
(0.5329 0.4453 0)
(0.5329 0.4599 0)
(0.5329 0.4745 0)
(0.5329 0.4891 0)
(0.5329 0.5037 0)
(0.5329 0.5183 0)
(0.5329 0.5329 0)
(0.5329 0.5475 0)
(0.5329 0.5621 0)
(0.5329 0.5767 0)
(0.5475 0.0073 0)
(0.5475 0.0219 0)
(0.5475 0.0365 0)
(0.5475 0.0511 0)
(0.5475 0.0657 0)
(0.5475 0.0803 0)
(0.5475 0.0949 0)
(0.5475 0.1095 0)
(0.5475 0.1241 0)
(0.5475 0.1387 0)
(0.5475 0.1533 0)
(0.5475 0.1679 0)
(0.5475 0.1825 0)
(0.5475 0.1971 0)
(0.5475 0.2117 0)
(0.5475 0.2263 0)
(0.5475 0.2409 0)
(0.5475 0.2555 0)
(0.5475 0.2701 0)
(0.5475 0.2847 0)
(0.5475 0.2993 0)
(0.5475 0.3139 0)
(0.5475 0.3285 0)
(0.5475 0.3431 0)
(0.5475 0.3577 0)
(0.5475 0.3723 0)
(0.5475 0.3869 0)
(0.5475 0.4015 0)
(0.5475 0.4161 0)
(0.5475 0.4307 0)
(0.5475 0.4453 0)
(0.5475 0.4599 0)
(0.5475 0.4745 0)
(0.5475 0.4891 0)
(0.5475 0.5037 0)
(0.5475 0.5183 0)
(0.5475 0.5329 0)
(0.5475 0.5475 0)
(0.5475 0.5621 0)
(0.5475 0.5767 0)
(0.5621 0.0073 0)
(0.5621 0.0219 0)
(0.5621 0.0365 0)
(0.5621 0.0511 0)
(0.5621 0.0657 0)
(0.5621 0.0803 0)
(0.5621 0.0949 0)
(0.5621 0.1095 0)
(0.5621 0.1241 0)
(0.5621 0.1387 0)
(0.5621 0.1533 0)
(0.5621 0.1679 0)
(0.5621 0.1825 0)
(0.5621 0.1971 0)
(0.5621 0.2117 0)
(0.5621 0.2263 0)
(0.5621 0.2409 0)
(0.5621 0.2555 0)
(0.5621 0.2701 0)
(0.5621 0.2847 0)
(0.5621 0.2993 0)
(0.5621 0.3139 0)
(0.5621 0.3285 0)
(0.5621 0.3431 0)
(0.5621 0.3577 0)
(0.5621 0.3723 0)
(0.5621 0.3869 0)
(0.5621 0.4015 0)
(0.5621 0.4161 0)
(0.5621 0.4307 0)
(0.5621 0.4453 0)
(0.5621 0.4599 0)
(0.5621 0.4745 0)
(0.5621 0.4891 0)
(0.5621 0.5037 0)
(0.5621 0.5183 0)
(0.5621 0.5329 0)
(0.5621 0.5475 0)
(0.5621 0.5621 0)
(0.5621 0.5767 0)
(0.5767 0.0073 0)
(0.5767 0.0219 0)
(0.5767 0.0365 0)
(0.5767 0.0511 0)
(0.5767 0.0657 0)
(0.5767 0.0803 0)
(0.5767 0.0949 0)
(0.5767 0.1095 0)
(0.5767 0.1241 0)
(0.5767 0.1387 0)
(0.5767 0.1533 0)
(0.5767 0.1679 0)
(0.5767 0.1825 0)
(0.5767 0.1971 0)
(0.5767 0.2117 0)
(0.5767 0.2263 0)
(0.5767 0.2409 0)
(0.5767 0.2555 0)
(0.5767 0.2701 0)
(0.5767 0.2847 0)
(0.5767 0.2993 0)
(0.5767 0.3139 0)
(0.5767 0.3285 0)
(0.5767 0.3431 0)
(0.5767 0.3577 0)
(0.5767 0.3723 0)
(0.5767 0.3869 0)
(0.5767 0.4015 0)
(0.5767 0.4161 0)
(0.5767 0.4307 0)
(0.5767 0.4453 0)
(0.5767 0.4599 0)
(0.5767 0.4745 0)
(0.5767 0.4891 0)
(0.5767 0.5037 0)
(0.5767 0.5183 0)
(0.5767 0.5329 0)
(0.5767 0.5475 0)
(0.5767 0.5621 0)
(0.5767 0.5767 0)
)
;
    }
    leftWall
    {
        type            calculated;
        value           nonuniform List<vector> 
400
(
(0 0.0073 0.0073)
(0 0.0219 0.0073)
(0 0.0365 0.0073)
(0 0.0511 0.0073)
(0 0.0657 0.0073)
(0 0.0803 0.0073)
(0 0.0949 0.0073)
(0 0.1095 0.0073)
(0 0.1241 0.0073)
(0 0.1387 0.0073)
(0 0.1533 0.0073)
(0 0.1679 0.0073)
(0 0.1825 0.0073)
(0 0.1971 0.0073)
(0 0.2117 0.0073)
(0 0.2263 0.0073)
(0 0.2409 0.0073)
(0 0.2555 0.0073)
(0 0.2701 0.0073)
(0 0.2847 0.0073)
(0 0.2993 0.0073)
(0 0.3139 0.0073)
(0 0.3285 0.0073)
(0 0.3431 0.0073)
(0 0.3577 0.0073)
(0 0.3723 0.0073)
(0 0.3869 0.0073)
(0 0.4015 0.0073)
(0 0.4161 0.0073)
(0 0.4307 0.0073)
(0 0.4453 0.0073)
(0 0.4599 0.0073)
(0 0.4745 0.0073)
(0 0.4891 0.0073)
(0 0.5037 0.0073)
(0 0.5183 0.0073)
(0 0.5329 0.0073)
(0 0.5475 0.0073)
(0 0.5621 0.0073)
(0 0.5767 0.0073)
(0 0.0073 0.0219)
(0 0.0219 0.0219)
(0 0.0365 0.0219)
(0 0.0511 0.0219)
(0 0.0657 0.0219)
(0 0.0803 0.0219)
(0 0.0949 0.0219)
(0 0.1095 0.0219)
(0 0.1241 0.0219)
(0 0.1387 0.0219)
(0 0.1533 0.0219)
(0 0.1679 0.0219)
(0 0.1825 0.0219)
(0 0.1971 0.0219)
(0 0.2117 0.0219)
(0 0.2263 0.0219)
(0 0.2409 0.0219)
(0 0.2555 0.0219)
(0 0.2701 0.0219)
(0 0.2847 0.0219)
(0 0.2993 0.0219)
(0 0.3139 0.0219)
(0 0.3285 0.0219)
(0 0.3431 0.0219)
(0 0.3577 0.0219)
(0 0.3723 0.0219)
(0 0.3869 0.0219)
(0 0.4015 0.0219)
(0 0.4161 0.0219)
(0 0.4307 0.0219)
(0 0.4453 0.0219)
(0 0.4599 0.0219)
(0 0.4745 0.0219)
(0 0.4891 0.0219)
(0 0.5037 0.0219)
(0 0.5183 0.0219)
(0 0.5329 0.0219)
(0 0.5475 0.0219)
(0 0.5621 0.0219)
(0 0.5767 0.0219)
(0 0.0073 0.0365)
(0 0.0219 0.0365)
(0 0.0365 0.0365)
(0 0.0511 0.0365)
(0 0.0657 0.0365)
(0 0.0803 0.0365)
(0 0.0949 0.0365)
(0 0.1095 0.0365)
(0 0.1241 0.0365)
(0 0.1387 0.0365)
(0 0.1533 0.0365)
(0 0.1679 0.0365)
(0 0.1825 0.0365)
(0 0.1971 0.0365)
(0 0.2117 0.0365)
(0 0.2263 0.0365)
(0 0.2409 0.0365)
(0 0.2555 0.0365)
(0 0.2701 0.0365)
(0 0.2847 0.0365)
(0 0.2993 0.0365)
(0 0.3139 0.0365)
(0 0.3285 0.0365)
(0 0.3431 0.0365)
(0 0.3577 0.0365)
(0 0.3723 0.0365)
(0 0.3869 0.0365)
(0 0.4015 0.0365)
(0 0.4161 0.0365)
(0 0.4307 0.0365)
(0 0.4453 0.0365)
(0 0.4599 0.0365)
(0 0.4745 0.0365)
(0 0.4891 0.0365)
(0 0.5037 0.0365)
(0 0.5183 0.0365)
(0 0.5329 0.0365)
(0 0.5475 0.0365)
(0 0.5621 0.0365)
(0 0.5767 0.0365)
(0 0.0073 0.0511)
(0 0.0219 0.0511)
(0 0.0365 0.0511)
(0 0.0511 0.0511)
(0 0.0657 0.0511)
(0 0.0803 0.0511)
(0 0.0949 0.0511)
(0 0.1095 0.0511)
(0 0.1241 0.0511)
(0 0.1387 0.0511)
(0 0.1533 0.0511)
(0 0.1679 0.0511)
(0 0.1825 0.0511)
(0 0.1971 0.0511)
(0 0.2117 0.0511)
(0 0.2263 0.0511)
(0 0.2409 0.0511)
(0 0.2555 0.0511)
(0 0.2701 0.0511)
(0 0.2847 0.0511)
(0 0.2993 0.0511)
(0 0.3139 0.0511)
(0 0.3285 0.0511)
(0 0.3431 0.0511)
(0 0.3577 0.0511)
(0 0.3723 0.0511)
(0 0.3869 0.0511)
(0 0.4015 0.0511)
(0 0.4161 0.0511)
(0 0.4307 0.0511)
(0 0.4453 0.0511)
(0 0.4599 0.0511)
(0 0.4745 0.0511)
(0 0.4891 0.0511)
(0 0.5037 0.0511)
(0 0.5183 0.0511)
(0 0.5329 0.0511)
(0 0.5475 0.0511)
(0 0.5621 0.0511)
(0 0.5767 0.0511)
(0 0.0073 0.0657)
(0 0.0219 0.0657)
(0 0.0365 0.0657)
(0 0.0511 0.0657)
(0 0.0657 0.0657)
(0 0.0803 0.0657)
(0 0.0949 0.0657)
(0 0.1095 0.0657)
(0 0.1241 0.0657)
(0 0.1387 0.0657)
(0 0.1533 0.0657)
(0 0.1679 0.0657)
(0 0.1825 0.0657)
(0 0.1971 0.0657)
(0 0.2117 0.0657)
(0 0.2263 0.0657)
(0 0.2409 0.0657)
(0 0.2555 0.0657)
(0 0.2701 0.0657)
(0 0.2847 0.0657)
(0 0.2993 0.0657)
(0 0.3139 0.0657)
(0 0.3285 0.0657)
(0 0.3431 0.0657)
(0 0.3577 0.0657)
(0 0.3723 0.0657)
(0 0.3869 0.0657)
(0 0.4015 0.0657)
(0 0.4161 0.0657)
(0 0.4307 0.0657)
(0 0.4453 0.0657)
(0 0.4599 0.0657)
(0 0.4745 0.0657)
(0 0.4891 0.0657)
(0 0.5037 0.0657)
(0 0.5183 0.0657)
(0 0.5329 0.0657)
(0 0.5475 0.0657)
(0 0.5621 0.0657)
(0 0.5767 0.0657)
(0 0.0073 0.0803)
(0 0.0219 0.0803)
(0 0.0365 0.0803)
(0 0.0511 0.0803)
(0 0.0657 0.0803)
(0 0.0803 0.0803)
(0 0.0949 0.0803)
(0 0.1095 0.0803)
(0 0.1241 0.0803)
(0 0.1387 0.0803)
(0 0.1533 0.0803)
(0 0.1679 0.0803)
(0 0.1825 0.0803)
(0 0.1971 0.0803)
(0 0.2117 0.0803)
(0 0.2263 0.0803)
(0 0.2409 0.0803)
(0 0.2555 0.0803)
(0 0.2701 0.0803)
(0 0.2847 0.0803)
(0 0.2993 0.0803)
(0 0.3139 0.0803)
(0 0.3285 0.0803)
(0 0.3431 0.0803)
(0 0.3577 0.0803)
(0 0.3723 0.0803)
(0 0.3869 0.0803)
(0 0.4015 0.0803)
(0 0.4161 0.0803)
(0 0.4307 0.0803)
(0 0.4453 0.0803)
(0 0.4599 0.0803)
(0 0.4745 0.0803)
(0 0.4891 0.0803)
(0 0.5037 0.0803)
(0 0.5183 0.0803)
(0 0.5329 0.0803)
(0 0.5475 0.0803)
(0 0.5621 0.0803)
(0 0.5767 0.0803)
(0 0.0073 0.0949)
(0 0.0219 0.0949)
(0 0.0365 0.0949)
(0 0.0511 0.0949)
(0 0.0657 0.0949)
(0 0.0803 0.0949)
(0 0.0949 0.0949)
(0 0.1095 0.0949)
(0 0.1241 0.0949)
(0 0.1387 0.0949)
(0 0.1533 0.0949)
(0 0.1679 0.0949)
(0 0.1825 0.0949)
(0 0.1971 0.0949)
(0 0.2117 0.0949)
(0 0.2263 0.0949)
(0 0.2409 0.0949)
(0 0.2555 0.0949)
(0 0.2701 0.0949)
(0 0.2847 0.0949)
(0 0.2993 0.0949)
(0 0.3139 0.0949)
(0 0.3285 0.0949)
(0 0.3431 0.0949)
(0 0.3577 0.0949)
(0 0.3723 0.0949)
(0 0.3869 0.0949)
(0 0.4015 0.0949)
(0 0.4161 0.0949)
(0 0.4307 0.0949)
(0 0.4453 0.0949)
(0 0.4599 0.0949)
(0 0.4745 0.0949)
(0 0.4891 0.0949)
(0 0.5037 0.0949)
(0 0.5183 0.0949)
(0 0.5329 0.0949)
(0 0.5475 0.0949)
(0 0.5621 0.0949)
(0 0.5767 0.0949)
(0 0.0073 0.1095)
(0 0.0219 0.1095)
(0 0.0365 0.1095)
(0 0.0511 0.1095)
(0 0.0657 0.1095)
(0 0.0803 0.1095)
(0 0.0949 0.1095)
(0 0.1095 0.1095)
(0 0.1241 0.1095)
(0 0.1387 0.1095)
(0 0.1533 0.1095)
(0 0.1679 0.1095)
(0 0.1825 0.1095)
(0 0.1971 0.1095)
(0 0.2117 0.1095)
(0 0.2263 0.1095)
(0 0.2409 0.1095)
(0 0.2555 0.1095)
(0 0.2701 0.1095)
(0 0.2847 0.1095)
(0 0.2993 0.1095)
(0 0.3139 0.1095)
(0 0.3285 0.1095)
(0 0.3431 0.1095)
(0 0.3577 0.1095)
(0 0.3723 0.1095)
(0 0.3869 0.1095)
(0 0.4015 0.1095)
(0 0.4161 0.1095)
(0 0.4307 0.1095)
(0 0.4453 0.1095)
(0 0.4599 0.1095)
(0 0.4745 0.1095)
(0 0.4891 0.1095)
(0 0.5037 0.1095)
(0 0.5183 0.1095)
(0 0.5329 0.1095)
(0 0.5475 0.1095)
(0 0.5621 0.1095)
(0 0.5767 0.1095)
(0 0.0073 0.1241)
(0 0.0219 0.1241)
(0 0.0365 0.1241)
(0 0.0511 0.1241)
(0 0.0657 0.1241)
(0 0.0803 0.1241)
(0 0.0949 0.1241)
(0 0.1095 0.1241)
(0 0.1241 0.1241)
(0 0.1387 0.1241)
(0 0.1533 0.1241)
(0 0.1679 0.1241)
(0 0.1825 0.1241)
(0 0.1971 0.1241)
(0 0.2117 0.1241)
(0 0.2263 0.1241)
(0 0.2409 0.1241)
(0 0.2555 0.1241)
(0 0.2701 0.1241)
(0 0.2847 0.1241)
(0 0.2993 0.1241)
(0 0.3139 0.1241)
(0 0.3285 0.1241)
(0 0.3431 0.1241)
(0 0.3577 0.1241)
(0 0.3723 0.1241)
(0 0.3869 0.1241)
(0 0.4015 0.1241)
(0 0.4161 0.1241)
(0 0.4307 0.1241)
(0 0.4453 0.1241)
(0 0.4599 0.1241)
(0 0.4745 0.1241)
(0 0.4891 0.1241)
(0 0.5037 0.1241)
(0 0.5183 0.1241)
(0 0.5329 0.1241)
(0 0.5475 0.1241)
(0 0.5621 0.1241)
(0 0.5767 0.1241)
(0 0.0073 0.1387)
(0 0.0219 0.1387)
(0 0.0365 0.1387)
(0 0.0511 0.1387)
(0 0.0657 0.1387)
(0 0.0803 0.1387)
(0 0.0949 0.1387)
(0 0.1095 0.1387)
(0 0.1241 0.1387)
(0 0.1387 0.1387)
(0 0.1533 0.1387)
(0 0.1679 0.1387)
(0 0.1825 0.1387)
(0 0.1971 0.1387)
(0 0.2117 0.1387)
(0 0.2263 0.1387)
(0 0.2409 0.1387)
(0 0.2555 0.1387)
(0 0.2701 0.1387)
(0 0.2847 0.1387)
(0 0.2993 0.1387)
(0 0.3139 0.1387)
(0 0.3285 0.1387)
(0 0.3431 0.1387)
(0 0.3577 0.1387)
(0 0.3723 0.1387)
(0 0.3869 0.1387)
(0 0.4015 0.1387)
(0 0.4161 0.1387)
(0 0.4307 0.1387)
(0 0.4453 0.1387)
(0 0.4599 0.1387)
(0 0.4745 0.1387)
(0 0.4891 0.1387)
(0 0.5037 0.1387)
(0 0.5183 0.1387)
(0 0.5329 0.1387)
(0 0.5475 0.1387)
(0 0.5621 0.1387)
(0 0.5767 0.1387)
)
;
    }
    rightWall
    {
        type            calculated;
        value           nonuniform List<vector> 
400
(
(0.584 0.0073 0.0073)
(0.584 0.0219 0.0073)
(0.584 0.0365 0.0073)
(0.584 0.0511 0.0073)
(0.584 0.0657 0.0073)
(0.584 0.0803 0.0073)
(0.584 0.0949 0.0073)
(0.584 0.1095 0.0073)
(0.584 0.1241 0.0073)
(0.584 0.1387 0.0073)
(0.584 0.1533 0.0073)
(0.584 0.1679 0.0073)
(0.584 0.1825 0.0073)
(0.584 0.1971 0.0073)
(0.584 0.2117 0.0073)
(0.584 0.2263 0.0073)
(0.584 0.2409 0.0073)
(0.584 0.2555 0.0073)
(0.584 0.2701 0.0073)
(0.584 0.2847 0.0073)
(0.584 0.2993 0.0073)
(0.584 0.3139 0.0073)
(0.584 0.3285 0.0073)
(0.584 0.3431 0.0073)
(0.584 0.3577 0.0073)
(0.584 0.3723 0.0073)
(0.584 0.3869 0.0073)
(0.584 0.4015 0.0073)
(0.584 0.4161 0.0073)
(0.584 0.4307 0.0073)
(0.584 0.4453 0.0073)
(0.584 0.4599 0.0073)
(0.584 0.4745 0.0073)
(0.584 0.4891 0.0073)
(0.584 0.5037 0.0073)
(0.584 0.5183 0.0073)
(0.584 0.5329 0.0073)
(0.584 0.5475 0.0073)
(0.584 0.5621 0.0073)
(0.584 0.5767 0.0073)
(0.584 0.0073 0.0219)
(0.584 0.0219 0.0219)
(0.584 0.0365 0.0219)
(0.584 0.0511 0.0219)
(0.584 0.0657 0.0219)
(0.584 0.0803 0.0219)
(0.584 0.0949 0.0219)
(0.584 0.1095 0.0219)
(0.584 0.1241 0.0219)
(0.584 0.1387 0.0219)
(0.584 0.1533 0.0219)
(0.584 0.1679 0.0219)
(0.584 0.1825 0.0219)
(0.584 0.1971 0.0219)
(0.584 0.2117 0.0219)
(0.584 0.2263 0.0219)
(0.584 0.2409 0.0219)
(0.584 0.2555 0.0219)
(0.584 0.2701 0.0219)
(0.584 0.2847 0.0219)
(0.584 0.2993 0.0219)
(0.584 0.3139 0.0219)
(0.584 0.3285 0.0219)
(0.584 0.3431 0.0219)
(0.584 0.3577 0.0219)
(0.584 0.3723 0.0219)
(0.584 0.3869 0.0219)
(0.584 0.4015 0.0219)
(0.584 0.4161 0.0219)
(0.584 0.4307 0.0219)
(0.584 0.4453 0.0219)
(0.584 0.4599 0.0219)
(0.584 0.4745 0.0219)
(0.584 0.4891 0.0219)
(0.584 0.5037 0.0219)
(0.584 0.5183 0.0219)
(0.584 0.5329 0.0219)
(0.584 0.5475 0.0219)
(0.584 0.5621 0.0219)
(0.584 0.5767 0.0219)
(0.584 0.0073 0.0365)
(0.584 0.0219 0.0365)
(0.584 0.0365 0.0365)
(0.584 0.0511 0.0365)
(0.584 0.0657 0.0365)
(0.584 0.0803 0.0365)
(0.584 0.0949 0.0365)
(0.584 0.1095 0.0365)
(0.584 0.1241 0.0365)
(0.584 0.1387 0.0365)
(0.584 0.1533 0.0365)
(0.584 0.1679 0.0365)
(0.584 0.1825 0.0365)
(0.584 0.1971 0.0365)
(0.584 0.2117 0.0365)
(0.584 0.2263 0.0365)
(0.584 0.2409 0.0365)
(0.584 0.2555 0.0365)
(0.584 0.2701 0.0365)
(0.584 0.2847 0.0365)
(0.584 0.2993 0.0365)
(0.584 0.3139 0.0365)
(0.584 0.3285 0.0365)
(0.584 0.3431 0.0365)
(0.584 0.3577 0.0365)
(0.584 0.3723 0.0365)
(0.584 0.3869 0.0365)
(0.584 0.4015 0.0365)
(0.584 0.4161 0.0365)
(0.584 0.4307 0.0365)
(0.584 0.4453 0.0365)
(0.584 0.4599 0.0365)
(0.584 0.4745 0.0365)
(0.584 0.4891 0.0365)
(0.584 0.5037 0.0365)
(0.584 0.5183 0.0365)
(0.584 0.5329 0.0365)
(0.584 0.5475 0.0365)
(0.584 0.5621 0.0365)
(0.584 0.5767 0.0365)
(0.584 0.0073 0.0511)
(0.584 0.0219 0.0511)
(0.584 0.0365 0.0511)
(0.584 0.0511 0.0511)
(0.584 0.0657 0.0511)
(0.584 0.0803 0.0511)
(0.584 0.0949 0.0511)
(0.584 0.1095 0.0511)
(0.584 0.1241 0.0511)
(0.584 0.1387 0.0511)
(0.584 0.1533 0.0511)
(0.584 0.1679 0.0511)
(0.584 0.1825 0.0511)
(0.584 0.1971 0.0511)
(0.584 0.2117 0.0511)
(0.584 0.2263 0.0511)
(0.584 0.2409 0.0511)
(0.584 0.2555 0.0511)
(0.584 0.2701 0.0511)
(0.584 0.2847 0.0511)
(0.584 0.2993 0.0511)
(0.584 0.3139 0.0511)
(0.584 0.3285 0.0511)
(0.584 0.3431 0.0511)
(0.584 0.3577 0.0511)
(0.584 0.3723 0.0511)
(0.584 0.3869 0.0511)
(0.584 0.4015 0.0511)
(0.584 0.4161 0.0511)
(0.584 0.4307 0.0511)
(0.584 0.4453 0.0511)
(0.584 0.4599 0.0511)
(0.584 0.4745 0.0511)
(0.584 0.4891 0.0511)
(0.584 0.5037 0.0511)
(0.584 0.5183 0.0511)
(0.584 0.5329 0.0511)
(0.584 0.5475 0.0511)
(0.584 0.5621 0.0511)
(0.584 0.5767 0.0511)
(0.584 0.0073 0.0657)
(0.584 0.0219 0.0657)
(0.584 0.0365 0.0657)
(0.584 0.0511 0.0657)
(0.584 0.0657 0.0657)
(0.584 0.0803 0.0657)
(0.584 0.0949 0.0657)
(0.584 0.1095 0.0657)
(0.584 0.1241 0.0657)
(0.584 0.1387 0.0657)
(0.584 0.1533 0.0657)
(0.584 0.1679 0.0657)
(0.584 0.1825 0.0657)
(0.584 0.1971 0.0657)
(0.584 0.2117 0.0657)
(0.584 0.2263 0.0657)
(0.584 0.2409 0.0657)
(0.584 0.2555 0.0657)
(0.584 0.2701 0.0657)
(0.584 0.2847 0.0657)
(0.584 0.2993 0.0657)
(0.584 0.3139 0.0657)
(0.584 0.3285 0.0657)
(0.584 0.3431 0.0657)
(0.584 0.3577 0.0657)
(0.584 0.3723 0.0657)
(0.584 0.3869 0.0657)
(0.584 0.4015 0.0657)
(0.584 0.4161 0.0657)
(0.584 0.4307 0.0657)
(0.584 0.4453 0.0657)
(0.584 0.4599 0.0657)
(0.584 0.4745 0.0657)
(0.584 0.4891 0.0657)
(0.584 0.5037 0.0657)
(0.584 0.5183 0.0657)
(0.584 0.5329 0.0657)
(0.584 0.5475 0.0657)
(0.584 0.5621 0.0657)
(0.584 0.5767 0.0657)
(0.584 0.0073 0.0803)
(0.584 0.0219 0.0803)
(0.584 0.0365 0.0803)
(0.584 0.0511 0.0803)
(0.584 0.0657 0.0803)
(0.584 0.0803 0.0803)
(0.584 0.0949 0.0803)
(0.584 0.1095 0.0803)
(0.584 0.1241 0.0803)
(0.584 0.1387 0.0803)
(0.584 0.1533 0.0803)
(0.584 0.1679 0.0803)
(0.584 0.1825 0.0803)
(0.584 0.1971 0.0803)
(0.584 0.2117 0.0803)
(0.584 0.2263 0.0803)
(0.584 0.2409 0.0803)
(0.584 0.2555 0.0803)
(0.584 0.2701 0.0803)
(0.584 0.2847 0.0803)
(0.584 0.2993 0.0803)
(0.584 0.3139 0.0803)
(0.584 0.3285 0.0803)
(0.584 0.3431 0.0803)
(0.584 0.3577 0.0803)
(0.584 0.3723 0.0803)
(0.584 0.3869 0.0803)
(0.584 0.4015 0.0803)
(0.584 0.4161 0.0803)
(0.584 0.4307 0.0803)
(0.584 0.4453 0.0803)
(0.584 0.4599 0.0803)
(0.584 0.4745 0.0803)
(0.584 0.4891 0.0803)
(0.584 0.5037 0.0803)
(0.584 0.5183 0.0803)
(0.584 0.5329 0.0803)
(0.584 0.5475 0.0803)
(0.584 0.5621 0.0803)
(0.584 0.5767 0.0803)
(0.584 0.0073 0.0949)
(0.584 0.0219 0.0949)
(0.584 0.0365 0.0949)
(0.584 0.0511 0.0949)
(0.584 0.0657 0.0949)
(0.584 0.0803 0.0949)
(0.584 0.0949 0.0949)
(0.584 0.1095 0.0949)
(0.584 0.1241 0.0949)
(0.584 0.1387 0.0949)
(0.584 0.1533 0.0949)
(0.584 0.1679 0.0949)
(0.584 0.1825 0.0949)
(0.584 0.1971 0.0949)
(0.584 0.2117 0.0949)
(0.584 0.2263 0.0949)
(0.584 0.2409 0.0949)
(0.584 0.2555 0.0949)
(0.584 0.2701 0.0949)
(0.584 0.2847 0.0949)
(0.584 0.2993 0.0949)
(0.584 0.3139 0.0949)
(0.584 0.3285 0.0949)
(0.584 0.3431 0.0949)
(0.584 0.3577 0.0949)
(0.584 0.3723 0.0949)
(0.584 0.3869 0.0949)
(0.584 0.4015 0.0949)
(0.584 0.4161 0.0949)
(0.584 0.4307 0.0949)
(0.584 0.4453 0.0949)
(0.584 0.4599 0.0949)
(0.584 0.4745 0.0949)
(0.584 0.4891 0.0949)
(0.584 0.5037 0.0949)
(0.584 0.5183 0.0949)
(0.584 0.5329 0.0949)
(0.584 0.5475 0.0949)
(0.584 0.5621 0.0949)
(0.584 0.5767 0.0949)
(0.584 0.0073 0.1095)
(0.584 0.0219 0.1095)
(0.584 0.0365 0.1095)
(0.584 0.0511 0.1095)
(0.584 0.0657 0.1095)
(0.584 0.0803 0.1095)
(0.584 0.0949 0.1095)
(0.584 0.1095 0.1095)
(0.584 0.1241 0.1095)
(0.584 0.1387 0.1095)
(0.584 0.1533 0.1095)
(0.584 0.1679 0.1095)
(0.584 0.1825 0.1095)
(0.584 0.1971 0.1095)
(0.584 0.2117 0.1095)
(0.584 0.2263 0.1095)
(0.584 0.2409 0.1095)
(0.584 0.2555 0.1095)
(0.584 0.2701 0.1095)
(0.584 0.2847 0.1095)
(0.584 0.2993 0.1095)
(0.584 0.3139 0.1095)
(0.584 0.3285 0.1095)
(0.584 0.3431 0.1095)
(0.584 0.3577 0.1095)
(0.584 0.3723 0.1095)
(0.584 0.3869 0.1095)
(0.584 0.4015 0.1095)
(0.584 0.4161 0.1095)
(0.584 0.4307 0.1095)
(0.584 0.4453 0.1095)
(0.584 0.4599 0.1095)
(0.584 0.4745 0.1095)
(0.584 0.4891 0.1095)
(0.584 0.5037 0.1095)
(0.584 0.5183 0.1095)
(0.584 0.5329 0.1095)
(0.584 0.5475 0.1095)
(0.584 0.5621 0.1095)
(0.584 0.5767 0.1095)
(0.584 0.0073 0.1241)
(0.584 0.0219 0.1241)
(0.584 0.0365 0.1241)
(0.584 0.0511 0.1241)
(0.584 0.0657 0.1241)
(0.584 0.0803 0.1241)
(0.584 0.0949 0.1241)
(0.584 0.1095 0.1241)
(0.584 0.1241 0.1241)
(0.584 0.1387 0.1241)
(0.584 0.1533 0.1241)
(0.584 0.1679 0.1241)
(0.584 0.1825 0.1241)
(0.584 0.1971 0.1241)
(0.584 0.2117 0.1241)
(0.584 0.2263 0.1241)
(0.584 0.2409 0.1241)
(0.584 0.2555 0.1241)
(0.584 0.2701 0.1241)
(0.584 0.2847 0.1241)
(0.584 0.2993 0.1241)
(0.584 0.3139 0.1241)
(0.584 0.3285 0.1241)
(0.584 0.3431 0.1241)
(0.584 0.3577 0.1241)
(0.584 0.3723 0.1241)
(0.584 0.3869 0.1241)
(0.584 0.4015 0.1241)
(0.584 0.4161 0.1241)
(0.584 0.4307 0.1241)
(0.584 0.4453 0.1241)
(0.584 0.4599 0.1241)
(0.584 0.4745 0.1241)
(0.584 0.4891 0.1241)
(0.584 0.5037 0.1241)
(0.584 0.5183 0.1241)
(0.584 0.5329 0.1241)
(0.584 0.5475 0.1241)
(0.584 0.5621 0.1241)
(0.584 0.5767 0.1241)
(0.584 0.0073 0.1387)
(0.584 0.0219 0.1387)
(0.584 0.0365 0.1387)
(0.584 0.0511 0.1387)
(0.584 0.0657 0.1387)
(0.584 0.0803 0.1387)
(0.584 0.0949 0.1387)
(0.584 0.1095 0.1387)
(0.584 0.1241 0.1387)
(0.584 0.1387 0.1387)
(0.584 0.1533 0.1387)
(0.584 0.1679 0.1387)
(0.584 0.1825 0.1387)
(0.584 0.1971 0.1387)
(0.584 0.2117 0.1387)
(0.584 0.2263 0.1387)
(0.584 0.2409 0.1387)
(0.584 0.2555 0.1387)
(0.584 0.2701 0.1387)
(0.584 0.2847 0.1387)
(0.584 0.2993 0.1387)
(0.584 0.3139 0.1387)
(0.584 0.3285 0.1387)
(0.584 0.3431 0.1387)
(0.584 0.3577 0.1387)
(0.584 0.3723 0.1387)
(0.584 0.3869 0.1387)
(0.584 0.4015 0.1387)
(0.584 0.4161 0.1387)
(0.584 0.4307 0.1387)
(0.584 0.4453 0.1387)
(0.584 0.4599 0.1387)
(0.584 0.4745 0.1387)
(0.584 0.4891 0.1387)
(0.584 0.5037 0.1387)
(0.584 0.5183 0.1387)
(0.584 0.5329 0.1387)
(0.584 0.5475 0.1387)
(0.584 0.5621 0.1387)
(0.584 0.5767 0.1387)
)
;
    }
    lowerWall
    {
        type            calculated;
        value           nonuniform List<vector> 
400
(
(0.0073 0 0.0073)
(0.0073 0 0.0219)
(0.0073 0 0.0365)
(0.0073 0 0.0511)
(0.0073 0 0.0657)
(0.0073 0 0.0803)
(0.0073 0 0.0949)
(0.0073 0 0.1095)
(0.0073 0 0.1241)
(0.0073 0 0.1387)
(0.0219 0 0.0073)
(0.0219 0 0.0219)
(0.0219 0 0.0365)
(0.0219 0 0.0511)
(0.0219 0 0.0657)
(0.0219 0 0.0803)
(0.0219 0 0.0949)
(0.0219 0 0.1095)
(0.0219 0 0.1241)
(0.0219 0 0.1387)
(0.0365 0 0.0073)
(0.0365 0 0.0219)
(0.0365 0 0.0365)
(0.0365 0 0.0511)
(0.0365 0 0.0657)
(0.0365 0 0.0803)
(0.0365 0 0.0949)
(0.0365 0 0.1095)
(0.0365 0 0.1241)
(0.0365 0 0.1387)
(0.0511 0 0.0073)
(0.0511 0 0.0219)
(0.0511 0 0.0365)
(0.0511 0 0.0511)
(0.0511 0 0.0657)
(0.0511 0 0.0803)
(0.0511 0 0.0949)
(0.0511 0 0.1095)
(0.0511 0 0.1241)
(0.0511 0 0.1387)
(0.0657 0 0.0073)
(0.0657 0 0.0219)
(0.0657 0 0.0365)
(0.0657 0 0.0511)
(0.0657 0 0.0657)
(0.0657 0 0.0803)
(0.0657 0 0.0949)
(0.0657 0 0.1095)
(0.0657 0 0.1241)
(0.0657 0 0.1387)
(0.0803 0 0.0073)
(0.0803 0 0.0219)
(0.0803 0 0.0365)
(0.0803 0 0.0511)
(0.0803 0 0.0657)
(0.0803 0 0.0803)
(0.0803 0 0.0949)
(0.0803 0 0.1095)
(0.0803 0 0.1241)
(0.0803 0 0.1387)
(0.0949 0 0.0073)
(0.0949 0 0.0219)
(0.0949 0 0.0365)
(0.0949 0 0.0511)
(0.0949 0 0.0657)
(0.0949 0 0.0803)
(0.0949 0 0.0949)
(0.0949 0 0.1095)
(0.0949 0 0.1241)
(0.0949 0 0.1387)
(0.1095 0 0.0073)
(0.1095 0 0.0219)
(0.1095 0 0.0365)
(0.1095 0 0.0511)
(0.1095 0 0.0657)
(0.1095 0 0.0803)
(0.1095 0 0.0949)
(0.1095 0 0.1095)
(0.1095 0 0.1241)
(0.1095 0 0.1387)
(0.1241 0 0.0073)
(0.1241 0 0.0219)
(0.1241 0 0.0365)
(0.1241 0 0.0511)
(0.1241 0 0.0657)
(0.1241 0 0.0803)
(0.1241 0 0.0949)
(0.1241 0 0.1095)
(0.1241 0 0.1241)
(0.1241 0 0.1387)
(0.1387 0 0.0073)
(0.1387 0 0.0219)
(0.1387 0 0.0365)
(0.1387 0 0.0511)
(0.1387 0 0.0657)
(0.1387 0 0.0803)
(0.1387 0 0.0949)
(0.1387 0 0.1095)
(0.1387 0 0.1241)
(0.1387 0 0.1387)
(0.1533 0 0.0073)
(0.1533 0 0.0219)
(0.1533 0 0.0365)
(0.1533 0 0.0511)
(0.1533 0 0.0657)
(0.1533 0 0.0803)
(0.1533 0 0.0949)
(0.1533 0 0.1095)
(0.1533 0 0.1241)
(0.1533 0 0.1387)
(0.1679 0 0.0073)
(0.1679 0 0.0219)
(0.1679 0 0.0365)
(0.1679 0 0.0511)
(0.1679 0 0.0657)
(0.1679 0 0.0803)
(0.1679 0 0.0949)
(0.1679 0 0.1095)
(0.1679 0 0.1241)
(0.1679 0 0.1387)
(0.1825 0 0.0073)
(0.1825 0 0.0219)
(0.1825 0 0.0365)
(0.1825 0 0.0511)
(0.1825 0 0.0657)
(0.1825 0 0.0803)
(0.1825 0 0.0949)
(0.1825 0 0.1095)
(0.1825 0 0.1241)
(0.1825 0 0.1387)
(0.1971 0 0.0073)
(0.1971 0 0.0219)
(0.1971 0 0.0365)
(0.1971 0 0.0511)
(0.1971 0 0.0657)
(0.1971 0 0.0803)
(0.1971 0 0.0949)
(0.1971 0 0.1095)
(0.1971 0 0.1241)
(0.1971 0 0.1387)
(0.2117 0 0.0073)
(0.2117 0 0.0219)
(0.2117 0 0.0365)
(0.2117 0 0.0511)
(0.2117 0 0.0657)
(0.2117 0 0.0803)
(0.2117 0 0.0949)
(0.2117 0 0.1095)
(0.2117 0 0.1241)
(0.2117 0 0.1387)
(0.2263 0 0.0073)
(0.2263 0 0.0219)
(0.2263 0 0.0365)
(0.2263 0 0.0511)
(0.2263 0 0.0657)
(0.2263 0 0.0803)
(0.2263 0 0.0949)
(0.2263 0 0.1095)
(0.2263 0 0.1241)
(0.2263 0 0.1387)
(0.2409 0 0.0073)
(0.2409 0 0.0219)
(0.2409 0 0.0365)
(0.2409 0 0.0511)
(0.2409 0 0.0657)
(0.2409 0 0.0803)
(0.2409 0 0.0949)
(0.2409 0 0.1095)
(0.2409 0 0.1241)
(0.2409 0 0.1387)
(0.2555 0 0.0073)
(0.2555 0 0.0219)
(0.2555 0 0.0365)
(0.2555 0 0.0511)
(0.2555 0 0.0657)
(0.2555 0 0.0803)
(0.2555 0 0.0949)
(0.2555 0 0.1095)
(0.2555 0 0.1241)
(0.2555 0 0.1387)
(0.2701 0 0.0073)
(0.2701 0 0.0219)
(0.2701 0 0.0365)
(0.2701 0 0.0511)
(0.2701 0 0.0657)
(0.2701 0 0.0803)
(0.2701 0 0.0949)
(0.2701 0 0.1095)
(0.2701 0 0.1241)
(0.2701 0 0.1387)
(0.2847 0 0.0073)
(0.2847 0 0.0219)
(0.2847 0 0.0365)
(0.2847 0 0.0511)
(0.2847 0 0.0657)
(0.2847 0 0.0803)
(0.2847 0 0.0949)
(0.2847 0 0.1095)
(0.2847 0 0.1241)
(0.2847 0 0.1387)
(0.2993 0 0.0073)
(0.2993 0 0.0219)
(0.2993 0 0.0365)
(0.2993 0 0.0511)
(0.2993 0 0.0657)
(0.2993 0 0.0803)
(0.2993 0 0.0949)
(0.2993 0 0.1095)
(0.2993 0 0.1241)
(0.2993 0 0.1387)
(0.3139 0 0.0073)
(0.3139 0 0.0219)
(0.3139 0 0.0365)
(0.3139 0 0.0511)
(0.3139 0 0.0657)
(0.3139 0 0.0803)
(0.3139 0 0.0949)
(0.3139 0 0.1095)
(0.3139 0 0.1241)
(0.3139 0 0.1387)
(0.3285 0 0.0073)
(0.3285 0 0.0219)
(0.3285 0 0.0365)
(0.3285 0 0.0511)
(0.3285 0 0.0657)
(0.3285 0 0.0803)
(0.3285 0 0.0949)
(0.3285 0 0.1095)
(0.3285 0 0.1241)
(0.3285 0 0.1387)
(0.3431 0 0.0073)
(0.3431 0 0.0219)
(0.3431 0 0.0365)
(0.3431 0 0.0511)
(0.3431 0 0.0657)
(0.3431 0 0.0803)
(0.3431 0 0.0949)
(0.3431 0 0.1095)
(0.3431 0 0.1241)
(0.3431 0 0.1387)
(0.3577 0 0.0073)
(0.3577 0 0.0219)
(0.3577 0 0.0365)
(0.3577 0 0.0511)
(0.3577 0 0.0657)
(0.3577 0 0.0803)
(0.3577 0 0.0949)
(0.3577 0 0.1095)
(0.3577 0 0.1241)
(0.3577 0 0.1387)
(0.3723 0 0.0073)
(0.3723 0 0.0219)
(0.3723 0 0.0365)
(0.3723 0 0.0511)
(0.3723 0 0.0657)
(0.3723 0 0.0803)
(0.3723 0 0.0949)
(0.3723 0 0.1095)
(0.3723 0 0.1241)
(0.3723 0 0.1387)
(0.3869 0 0.0073)
(0.3869 0 0.0219)
(0.3869 0 0.0365)
(0.3869 0 0.0511)
(0.3869 0 0.0657)
(0.3869 0 0.0803)
(0.3869 0 0.0949)
(0.3869 0 0.1095)
(0.3869 0 0.1241)
(0.3869 0 0.1387)
(0.4015 0 0.0073)
(0.4015 0 0.0219)
(0.4015 0 0.0365)
(0.4015 0 0.0511)
(0.4015 0 0.0657)
(0.4015 0 0.0803)
(0.4015 0 0.0949)
(0.4015 0 0.1095)
(0.4015 0 0.1241)
(0.4015 0 0.1387)
(0.4161 0 0.0073)
(0.4161 0 0.0219)
(0.4161 0 0.0365)
(0.4161 0 0.0511)
(0.4161 0 0.0657)
(0.4161 0 0.0803)
(0.4161 0 0.0949)
(0.4161 0 0.1095)
(0.4161 0 0.1241)
(0.4161 0 0.1387)
(0.4307 0 0.0073)
(0.4307 0 0.0219)
(0.4307 0 0.0365)
(0.4307 0 0.0511)
(0.4307 0 0.0657)
(0.4307 0 0.0803)
(0.4307 0 0.0949)
(0.4307 0 0.1095)
(0.4307 0 0.1241)
(0.4307 0 0.1387)
(0.4453 0 0.0073)
(0.4453 0 0.0219)
(0.4453 0 0.0365)
(0.4453 0 0.0511)
(0.4453 0 0.0657)
(0.4453 0 0.0803)
(0.4453 0 0.0949)
(0.4453 0 0.1095)
(0.4453 0 0.1241)
(0.4453 0 0.1387)
(0.4599 0 0.0073)
(0.4599 0 0.0219)
(0.4599 0 0.0365)
(0.4599 0 0.0511)
(0.4599 0 0.0657)
(0.4599 0 0.0803)
(0.4599 0 0.0949)
(0.4599 0 0.1095)
(0.4599 0 0.1241)
(0.4599 0 0.1387)
(0.4745 0 0.0073)
(0.4745 0 0.0219)
(0.4745 0 0.0365)
(0.4745 0 0.0511)
(0.4745 0 0.0657)
(0.4745 0 0.0803)
(0.4745 0 0.0949)
(0.4745 0 0.1095)
(0.4745 0 0.1241)
(0.4745 0 0.1387)
(0.4891 0 0.0073)
(0.4891 0 0.0219)
(0.4891 0 0.0365)
(0.4891 0 0.0511)
(0.4891 0 0.0657)
(0.4891 0 0.0803)
(0.4891 0 0.0949)
(0.4891 0 0.1095)
(0.4891 0 0.1241)
(0.4891 0 0.1387)
(0.5037 0 0.0073)
(0.5037 0 0.0219)
(0.5037 0 0.0365)
(0.5037 0 0.0511)
(0.5037 0 0.0657)
(0.5037 0 0.0803)
(0.5037 0 0.0949)
(0.5037 0 0.1095)
(0.5037 0 0.1241)
(0.5037 0 0.1387)
(0.5183 0 0.0073)
(0.5183 0 0.0219)
(0.5183 0 0.0365)
(0.5183 0 0.0511)
(0.5183 0 0.0657)
(0.5183 0 0.0803)
(0.5183 0 0.0949)
(0.5183 0 0.1095)
(0.5183 0 0.1241)
(0.5183 0 0.1387)
(0.5329 0 0.0073)
(0.5329 0 0.0219)
(0.5329 0 0.0365)
(0.5329 0 0.0511)
(0.5329 0 0.0657)
(0.5329 0 0.0803)
(0.5329 0 0.0949)
(0.5329 0 0.1095)
(0.5329 0 0.1241)
(0.5329 0 0.1387)
(0.5475 0 0.0073)
(0.5475 0 0.0219)
(0.5475 0 0.0365)
(0.5475 0 0.0511)
(0.5475 0 0.0657)
(0.5475 0 0.0803)
(0.5475 0 0.0949)
(0.5475 0 0.1095)
(0.5475 0 0.1241)
(0.5475 0 0.1387)
(0.5621 0 0.0073)
(0.5621 0 0.0219)
(0.5621 0 0.0365)
(0.5621 0 0.0511)
(0.5621 0 0.0657)
(0.5621 0 0.0803)
(0.5621 0 0.0949)
(0.5621 0 0.1095)
(0.5621 0 0.1241)
(0.5621 0 0.1387)
(0.5767 0 0.0073)
(0.5767 0 0.0219)
(0.5767 0 0.0365)
(0.5767 0 0.0511)
(0.5767 0 0.0657)
(0.5767 0 0.0803)
(0.5767 0 0.0949)
(0.5767 0 0.1095)
(0.5767 0 0.1241)
(0.5767 0 0.1387)
)
;
    }
    atmosphere
    {
        type            calculated;
        value           nonuniform List<vector> 
400
(
(0.0073 0.584 0.0073)
(0.0073 0.584 0.0219)
(0.0073 0.584 0.0365)
(0.0073 0.584 0.0511)
(0.0073 0.584 0.0657)
(0.0073 0.584 0.0803)
(0.0073 0.584 0.0949)
(0.0073 0.584 0.1095)
(0.0073 0.584 0.1241)
(0.0073 0.584 0.1387)
(0.0219 0.584 0.0073)
(0.0219 0.584 0.0219)
(0.0219 0.584 0.0365)
(0.0219 0.584 0.0511)
(0.0219 0.584 0.0657)
(0.0219 0.584 0.0803)
(0.0219 0.584 0.0949)
(0.0219 0.584 0.1095)
(0.0219 0.584 0.1241)
(0.0219 0.584 0.1387)
(0.0365 0.584 0.0073)
(0.0365 0.584 0.0219)
(0.0365 0.584 0.0365)
(0.0365 0.584 0.0511)
(0.0365 0.584 0.0657)
(0.0365 0.584 0.0803)
(0.0365 0.584 0.0949)
(0.0365 0.584 0.1095)
(0.0365 0.584 0.1241)
(0.0365 0.584 0.1387)
(0.0511 0.584 0.0073)
(0.0511 0.584 0.0219)
(0.0511 0.584 0.0365)
(0.0511 0.584 0.0511)
(0.0511 0.584 0.0657)
(0.0511 0.584 0.0803)
(0.0511 0.584 0.0949)
(0.0511 0.584 0.1095)
(0.0511 0.584 0.1241)
(0.0511 0.584 0.1387)
(0.0657 0.584 0.0073)
(0.0657 0.584 0.0219)
(0.0657 0.584 0.0365)
(0.0657 0.584 0.0511)
(0.0657 0.584 0.0657)
(0.0657 0.584 0.0803)
(0.0657 0.584 0.0949)
(0.0657 0.584 0.1095)
(0.0657 0.584 0.1241)
(0.0657 0.584 0.1387)
(0.0803 0.584 0.0073)
(0.0803 0.584 0.0219)
(0.0803 0.584 0.0365)
(0.0803 0.584 0.0511)
(0.0803 0.584 0.0657)
(0.0803 0.584 0.0803)
(0.0803 0.584 0.0949)
(0.0803 0.584 0.1095)
(0.0803 0.584 0.1241)
(0.0803 0.584 0.1387)
(0.0949 0.584 0.0073)
(0.0949 0.584 0.0219)
(0.0949 0.584 0.0365)
(0.0949 0.584 0.0511)
(0.0949 0.584 0.0657)
(0.0949 0.584 0.0803)
(0.0949 0.584 0.0949)
(0.0949 0.584 0.1095)
(0.0949 0.584 0.1241)
(0.0949 0.584 0.1387)
(0.1095 0.584 0.0073)
(0.1095 0.584 0.0219)
(0.1095 0.584 0.0365)
(0.1095 0.584 0.0511)
(0.1095 0.584 0.0657)
(0.1095 0.584 0.0803)
(0.1095 0.584 0.0949)
(0.1095 0.584 0.1095)
(0.1095 0.584 0.1241)
(0.1095 0.584 0.1387)
(0.1241 0.584 0.0073)
(0.1241 0.584 0.0219)
(0.1241 0.584 0.0365)
(0.1241 0.584 0.0511)
(0.1241 0.584 0.0657)
(0.1241 0.584 0.0803)
(0.1241 0.584 0.0949)
(0.1241 0.584 0.1095)
(0.1241 0.584 0.1241)
(0.1241 0.584 0.1387)
(0.1387 0.584 0.0073)
(0.1387 0.584 0.0219)
(0.1387 0.584 0.0365)
(0.1387 0.584 0.0511)
(0.1387 0.584 0.0657)
(0.1387 0.584 0.0803)
(0.1387 0.584 0.0949)
(0.1387 0.584 0.1095)
(0.1387 0.584 0.1241)
(0.1387 0.584 0.1387)
(0.1533 0.584 0.0073)
(0.1533 0.584 0.0219)
(0.1533 0.584 0.0365)
(0.1533 0.584 0.0511)
(0.1533 0.584 0.0657)
(0.1533 0.584 0.0803)
(0.1533 0.584 0.0949)
(0.1533 0.584 0.1095)
(0.1533 0.584 0.1241)
(0.1533 0.584 0.1387)
(0.1679 0.584 0.0073)
(0.1679 0.584 0.0219)
(0.1679 0.584 0.0365)
(0.1679 0.584 0.0511)
(0.1679 0.584 0.0657)
(0.1679 0.584 0.0803)
(0.1679 0.584 0.0949)
(0.1679 0.584 0.1095)
(0.1679 0.584 0.1241)
(0.1679 0.584 0.1387)
(0.1825 0.584 0.0073)
(0.1825 0.584 0.0219)
(0.1825 0.584 0.0365)
(0.1825 0.584 0.0511)
(0.1825 0.584 0.0657)
(0.1825 0.584 0.0803)
(0.1825 0.584 0.0949)
(0.1825 0.584 0.1095)
(0.1825 0.584 0.1241)
(0.1825 0.584 0.1387)
(0.1971 0.584 0.0073)
(0.1971 0.584 0.0219)
(0.1971 0.584 0.0365)
(0.1971 0.584 0.0511)
(0.1971 0.584 0.0657)
(0.1971 0.584 0.0803)
(0.1971 0.584 0.0949)
(0.1971 0.584 0.1095)
(0.1971 0.584 0.1241)
(0.1971 0.584 0.1387)
(0.2117 0.584 0.0073)
(0.2117 0.584 0.0219)
(0.2117 0.584 0.0365)
(0.2117 0.584 0.0511)
(0.2117 0.584 0.0657)
(0.2117 0.584 0.0803)
(0.2117 0.584 0.0949)
(0.2117 0.584 0.1095)
(0.2117 0.584 0.1241)
(0.2117 0.584 0.1387)
(0.2263 0.584 0.0073)
(0.2263 0.584 0.0219)
(0.2263 0.584 0.0365)
(0.2263 0.584 0.0511)
(0.2263 0.584 0.0657)
(0.2263 0.584 0.0803)
(0.2263 0.584 0.0949)
(0.2263 0.584 0.1095)
(0.2263 0.584 0.1241)
(0.2263 0.584 0.1387)
(0.2409 0.584 0.0073)
(0.2409 0.584 0.0219)
(0.2409 0.584 0.0365)
(0.2409 0.584 0.0511)
(0.2409 0.584 0.0657)
(0.2409 0.584 0.0803)
(0.2409 0.584 0.0949)
(0.2409 0.584 0.1095)
(0.2409 0.584 0.1241)
(0.2409 0.584 0.1387)
(0.2555 0.584 0.0073)
(0.2555 0.584 0.0219)
(0.2555 0.584 0.0365)
(0.2555 0.584 0.0511)
(0.2555 0.584 0.0657)
(0.2555 0.584 0.0803)
(0.2555 0.584 0.0949)
(0.2555 0.584 0.1095)
(0.2555 0.584 0.1241)
(0.2555 0.584 0.1387)
(0.2701 0.584 0.0073)
(0.2701 0.584 0.0219)
(0.2701 0.584 0.0365)
(0.2701 0.584 0.0511)
(0.2701 0.584 0.0657)
(0.2701 0.584 0.0803)
(0.2701 0.584 0.0949)
(0.2701 0.584 0.1095)
(0.2701 0.584 0.1241)
(0.2701 0.584 0.1387)
(0.2847 0.584 0.0073)
(0.2847 0.584 0.0219)
(0.2847 0.584 0.0365)
(0.2847 0.584 0.0511)
(0.2847 0.584 0.0657)
(0.2847 0.584 0.0803)
(0.2847 0.584 0.0949)
(0.2847 0.584 0.1095)
(0.2847 0.584 0.1241)
(0.2847 0.584 0.1387)
(0.2993 0.584 0.0073)
(0.2993 0.584 0.0219)
(0.2993 0.584 0.0365)
(0.2993 0.584 0.0511)
(0.2993 0.584 0.0657)
(0.2993 0.584 0.0803)
(0.2993 0.584 0.0949)
(0.2993 0.584 0.1095)
(0.2993 0.584 0.1241)
(0.2993 0.584 0.1387)
(0.3139 0.584 0.0073)
(0.3139 0.584 0.0219)
(0.3139 0.584 0.0365)
(0.3139 0.584 0.0511)
(0.3139 0.584 0.0657)
(0.3139 0.584 0.0803)
(0.3139 0.584 0.0949)
(0.3139 0.584 0.1095)
(0.3139 0.584 0.1241)
(0.3139 0.584 0.1387)
(0.3285 0.584 0.0073)
(0.3285 0.584 0.0219)
(0.3285 0.584 0.0365)
(0.3285 0.584 0.0511)
(0.3285 0.584 0.0657)
(0.3285 0.584 0.0803)
(0.3285 0.584 0.0949)
(0.3285 0.584 0.1095)
(0.3285 0.584 0.1241)
(0.3285 0.584 0.1387)
(0.3431 0.584 0.0073)
(0.3431 0.584 0.0219)
(0.3431 0.584 0.0365)
(0.3431 0.584 0.0511)
(0.3431 0.584 0.0657)
(0.3431 0.584 0.0803)
(0.3431 0.584 0.0949)
(0.3431 0.584 0.1095)
(0.3431 0.584 0.1241)
(0.3431 0.584 0.1387)
(0.3577 0.584 0.0073)
(0.3577 0.584 0.0219)
(0.3577 0.584 0.0365)
(0.3577 0.584 0.0511)
(0.3577 0.584 0.0657)
(0.3577 0.584 0.0803)
(0.3577 0.584 0.0949)
(0.3577 0.584 0.1095)
(0.3577 0.584 0.1241)
(0.3577 0.584 0.1387)
(0.3723 0.584 0.0073)
(0.3723 0.584 0.0219)
(0.3723 0.584 0.0365)
(0.3723 0.584 0.0511)
(0.3723 0.584 0.0657)
(0.3723 0.584 0.0803)
(0.3723 0.584 0.0949)
(0.3723 0.584 0.1095)
(0.3723 0.584 0.1241)
(0.3723 0.584 0.1387)
(0.3869 0.584 0.0073)
(0.3869 0.584 0.0219)
(0.3869 0.584 0.0365)
(0.3869 0.584 0.0511)
(0.3869 0.584 0.0657)
(0.3869 0.584 0.0803)
(0.3869 0.584 0.0949)
(0.3869 0.584 0.1095)
(0.3869 0.584 0.1241)
(0.3869 0.584 0.1387)
(0.4015 0.584 0.0073)
(0.4015 0.584 0.0219)
(0.4015 0.584 0.0365)
(0.4015 0.584 0.0511)
(0.4015 0.584 0.0657)
(0.4015 0.584 0.0803)
(0.4015 0.584 0.0949)
(0.4015 0.584 0.1095)
(0.4015 0.584 0.1241)
(0.4015 0.584 0.1387)
(0.4161 0.584 0.0073)
(0.4161 0.584 0.0219)
(0.4161 0.584 0.0365)
(0.4161 0.584 0.0511)
(0.4161 0.584 0.0657)
(0.4161 0.584 0.0803)
(0.4161 0.584 0.0949)
(0.4161 0.584 0.1095)
(0.4161 0.584 0.1241)
(0.4161 0.584 0.1387)
(0.4307 0.584 0.0073)
(0.4307 0.584 0.0219)
(0.4307 0.584 0.0365)
(0.4307 0.584 0.0511)
(0.4307 0.584 0.0657)
(0.4307 0.584 0.0803)
(0.4307 0.584 0.0949)
(0.4307 0.584 0.1095)
(0.4307 0.584 0.1241)
(0.4307 0.584 0.1387)
(0.4453 0.584 0.0073)
(0.4453 0.584 0.0219)
(0.4453 0.584 0.0365)
(0.4453 0.584 0.0511)
(0.4453 0.584 0.0657)
(0.4453 0.584 0.0803)
(0.4453 0.584 0.0949)
(0.4453 0.584 0.1095)
(0.4453 0.584 0.1241)
(0.4453 0.584 0.1387)
(0.4599 0.584 0.0073)
(0.4599 0.584 0.0219)
(0.4599 0.584 0.0365)
(0.4599 0.584 0.0511)
(0.4599 0.584 0.0657)
(0.4599 0.584 0.0803)
(0.4599 0.584 0.0949)
(0.4599 0.584 0.1095)
(0.4599 0.584 0.1241)
(0.4599 0.584 0.1387)
(0.4745 0.584 0.0073)
(0.4745 0.584 0.0219)
(0.4745 0.584 0.0365)
(0.4745 0.584 0.0511)
(0.4745 0.584 0.0657)
(0.4745 0.584 0.0803)
(0.4745 0.584 0.0949)
(0.4745 0.584 0.1095)
(0.4745 0.584 0.1241)
(0.4745 0.584 0.1387)
(0.4891 0.584 0.0073)
(0.4891 0.584 0.0219)
(0.4891 0.584 0.0365)
(0.4891 0.584 0.0511)
(0.4891 0.584 0.0657)
(0.4891 0.584 0.0803)
(0.4891 0.584 0.0949)
(0.4891 0.584 0.1095)
(0.4891 0.584 0.1241)
(0.4891 0.584 0.1387)
(0.5037 0.584 0.0073)
(0.5037 0.584 0.0219)
(0.5037 0.584 0.0365)
(0.5037 0.584 0.0511)
(0.5037 0.584 0.0657)
(0.5037 0.584 0.0803)
(0.5037 0.584 0.0949)
(0.5037 0.584 0.1095)
(0.5037 0.584 0.1241)
(0.5037 0.584 0.1387)
(0.5183 0.584 0.0073)
(0.5183 0.584 0.0219)
(0.5183 0.584 0.0365)
(0.5183 0.584 0.0511)
(0.5183 0.584 0.0657)
(0.5183 0.584 0.0803)
(0.5183 0.584 0.0949)
(0.5183 0.584 0.1095)
(0.5183 0.584 0.1241)
(0.5183 0.584 0.1387)
(0.5329 0.584 0.0073)
(0.5329 0.584 0.0219)
(0.5329 0.584 0.0365)
(0.5329 0.584 0.0511)
(0.5329 0.584 0.0657)
(0.5329 0.584 0.0803)
(0.5329 0.584 0.0949)
(0.5329 0.584 0.1095)
(0.5329 0.584 0.1241)
(0.5329 0.584 0.1387)
(0.5475 0.584 0.0073)
(0.5475 0.584 0.0219)
(0.5475 0.584 0.0365)
(0.5475 0.584 0.0511)
(0.5475 0.584 0.0657)
(0.5475 0.584 0.0803)
(0.5475 0.584 0.0949)
(0.5475 0.584 0.1095)
(0.5475 0.584 0.1241)
(0.5475 0.584 0.1387)
(0.5621 0.584 0.0073)
(0.5621 0.584 0.0219)
(0.5621 0.584 0.0365)
(0.5621 0.584 0.0511)
(0.5621 0.584 0.0657)
(0.5621 0.584 0.0803)
(0.5621 0.584 0.0949)
(0.5621 0.584 0.1095)
(0.5621 0.584 0.1241)
(0.5621 0.584 0.1387)
(0.5767 0.584 0.0073)
(0.5767 0.584 0.0219)
(0.5767 0.584 0.0365)
(0.5767 0.584 0.0511)
(0.5767 0.584 0.0657)
(0.5767 0.584 0.0803)
(0.5767 0.584 0.0949)
(0.5767 0.584 0.1095)
(0.5767 0.584 0.1241)
(0.5767 0.584 0.1387)
)
;
    }
}


// ************************************************************************* //
