/*--------------------------------*- C++ -*----------------------------------*\
| =========                 |                                                 |
| \\      /  F ield         | OpenFOAM: The Open Source CFD Toolbox           |
|  \\    /   O peration     | Version:  2312                                  |
|   \\  /    A nd           | Website:  www.openfoam.com                      |
|    \\/     M anipulation  |                                                 |
\*---------------------------------------------------------------------------*/
FoamFile
{
    version     2.0;
    format      ascii;
    arch        "LSB;label=32;scalar=64";
    class       volVectorField;
    location    "0";
    object      C;
}
// * * * * * * * * * * * * * * * * * * * * * * * * * * * * * * * * * * * * * //

dimensions      [0 1 0 0 0 0 0];

internalField   nonuniform List<vector> 
8192
(
(0.009125 0.009125 0.009125)
(0.027375 0.009125 0.009125)
(0.045625 0.009125 0.009125)
(0.063875 0.009125 0.009125)
(0.082125 0.009125 0.009125)
(0.100375 0.009125 0.009125)
(0.118625 0.009125 0.009125)
(0.136875 0.009125 0.009125)
(0.155125 0.009125 0.009125)
(0.173375 0.009125 0.009125)
(0.191625 0.009125 0.009125)
(0.209875 0.009125 0.009125)
(0.228125 0.009125 0.009125)
(0.246375 0.009125 0.009125)
(0.264625 0.009125 0.009125)
(0.282875 0.009125 0.009125)
(0.301125 0.009125 0.009125)
(0.319375 0.009125 0.009125)
(0.337625 0.009125 0.009125)
(0.355875 0.009125 0.009125)
(0.374125 0.009125 0.009125)
(0.392375 0.009125 0.009125)
(0.410625 0.009125 0.009125)
(0.428875 0.009125 0.009125)
(0.447125 0.009125 0.009125)
(0.465375 0.009125 0.009125)
(0.483625 0.009125 0.009125)
(0.501875 0.009125 0.009125)
(0.520125 0.009125 0.009125)
(0.538375 0.009125 0.009125)
(0.556625 0.009125 0.009125)
(0.574875 0.009125 0.009125)
(0.009125 0.027375 0.009125)
(0.027375 0.027375 0.009125)
(0.045625 0.027375 0.009125)
(0.063875 0.027375 0.009125)
(0.082125 0.027375 0.009125)
(0.100375 0.027375 0.009125)
(0.118625 0.027375 0.009125)
(0.136875 0.027375 0.009125)
(0.155125 0.027375 0.009125)
(0.173375 0.027375 0.009125)
(0.191625 0.027375 0.009125)
(0.209875 0.027375 0.009125)
(0.228125 0.027375 0.009125)
(0.246375 0.027375 0.009125)
(0.264625 0.027375 0.009125)
(0.282875 0.027375 0.009125)
(0.301125 0.027375 0.009125)
(0.319375 0.027375 0.009125)
(0.337625 0.027375 0.009125)
(0.355875 0.027375 0.009125)
(0.374125 0.027375 0.009125)
(0.392375 0.027375 0.009125)
(0.410625 0.027375 0.009125)
(0.428875 0.027375 0.009125)
(0.447125 0.027375 0.009125)
(0.465375 0.027375 0.009125)
(0.483625 0.027375 0.009125)
(0.501875 0.027375 0.009125)
(0.520125 0.027375 0.009125)
(0.538375 0.027375 0.009125)
(0.556625 0.027375 0.009125)
(0.574875 0.027375 0.009125)
(0.009125 0.045625 0.009125)
(0.027375 0.045625 0.009125)
(0.045625 0.045625 0.009125)
(0.063875 0.045625 0.009125)
(0.082125 0.045625 0.009125)
(0.100375 0.045625 0.009125)
(0.118625 0.045625 0.009125)
(0.136875 0.045625 0.009125)
(0.155125 0.045625 0.009125)
(0.173375 0.045625 0.009125)
(0.191625 0.045625 0.009125)
(0.209875 0.045625 0.009125)
(0.228125 0.045625 0.009125)
(0.246375 0.045625 0.009125)
(0.264625 0.045625 0.009125)
(0.282875 0.045625 0.009125)
(0.301125 0.045625 0.009125)
(0.319375 0.045625 0.009125)
(0.337625 0.045625 0.009125)
(0.355875 0.045625 0.009125)
(0.374125 0.045625 0.009125)
(0.392375 0.045625 0.009125)
(0.410625 0.045625 0.009125)
(0.428875 0.045625 0.009125)
(0.447125 0.045625 0.009125)
(0.465375 0.045625 0.009125)
(0.483625 0.045625 0.009125)
(0.501875 0.045625 0.009125)
(0.520125 0.045625 0.009125)
(0.538375 0.045625 0.009125)
(0.556625 0.045625 0.009125)
(0.574875 0.045625 0.009125)
(0.009125 0.063875 0.009125)
(0.027375 0.063875 0.009125)
(0.045625 0.063875 0.009125)
(0.063875 0.063875 0.009125)
(0.082125 0.063875 0.009125)
(0.100375 0.063875 0.009125)
(0.118625 0.063875 0.009125)
(0.136875 0.063875 0.009125)
(0.155125 0.063875 0.009125)
(0.173375 0.063875 0.009125)
(0.191625 0.063875 0.009125)
(0.209875 0.063875 0.009125)
(0.228125 0.063875 0.009125)
(0.246375 0.063875 0.009125)
(0.264625 0.063875 0.009125)
(0.282875 0.063875 0.009125)
(0.301125 0.063875 0.009125)
(0.319375 0.063875 0.009125)
(0.337625 0.063875 0.009125)
(0.355875 0.063875 0.009125)
(0.374125 0.063875 0.009125)
(0.392375 0.063875 0.009125)
(0.410625 0.063875 0.009125)
(0.428875 0.063875 0.009125)
(0.447125 0.063875 0.009125)
(0.465375 0.063875 0.009125)
(0.483625 0.063875 0.009125)
(0.501875 0.063875 0.009125)
(0.520125 0.063875 0.009125)
(0.538375 0.063875 0.009125)
(0.556625 0.063875 0.009125)
(0.574875 0.063875 0.009125)
(0.009125 0.082125 0.009125)
(0.027375 0.082125 0.009125)
(0.045625 0.082125 0.009125)
(0.063875 0.082125 0.009125)
(0.082125 0.082125 0.009125)
(0.100375 0.082125 0.009125)
(0.118625 0.082125 0.009125)
(0.136875 0.082125 0.009125)
(0.155125 0.082125 0.009125)
(0.173375 0.082125 0.009125)
(0.191625 0.082125 0.009125)
(0.209875 0.082125 0.009125)
(0.228125 0.082125 0.009125)
(0.246375 0.082125 0.009125)
(0.264625 0.082125 0.009125)
(0.282875 0.082125 0.009125)
(0.301125 0.082125 0.009125)
(0.319375 0.082125 0.009125)
(0.337625 0.082125 0.009125)
(0.355875 0.082125 0.009125)
(0.374125 0.082125 0.009125)
(0.392375 0.082125 0.009125)
(0.410625 0.082125 0.009125)
(0.428875 0.082125 0.009125)
(0.447125 0.082125 0.009125)
(0.465375 0.082125 0.009125)
(0.483625 0.082125 0.009125)
(0.501875 0.082125 0.009125)
(0.520125 0.082125 0.009125)
(0.538375 0.082125 0.009125)
(0.556625 0.082125 0.009125)
(0.574875 0.082125 0.009125)
(0.009125 0.100375 0.009125)
(0.027375 0.100375 0.009125)
(0.045625 0.100375 0.009125)
(0.063875 0.100375 0.009125)
(0.082125 0.100375 0.009125)
(0.100375 0.100375 0.009125)
(0.118625 0.100375 0.009125)
(0.136875 0.100375 0.009125)
(0.155125 0.100375 0.009125)
(0.173375 0.100375 0.009125)
(0.191625 0.100375 0.009125)
(0.209875 0.100375 0.009125)
(0.228125 0.100375 0.009125)
(0.246375 0.100375 0.009125)
(0.264625 0.100375 0.009125)
(0.282875 0.100375 0.009125)
(0.301125 0.100375 0.009125)
(0.319375 0.100375 0.009125)
(0.337625 0.100375 0.009125)
(0.355875 0.100375 0.009125)
(0.374125 0.100375 0.009125)
(0.392375 0.100375 0.009125)
(0.410625 0.100375 0.009125)
(0.428875 0.100375 0.009125)
(0.447125 0.100375 0.009125)
(0.465375 0.100375 0.009125)
(0.483625 0.100375 0.009125)
(0.501875 0.100375 0.009125)
(0.520125 0.100375 0.009125)
(0.538375 0.100375 0.009125)
(0.556625 0.100375 0.009125)
(0.574875 0.100375 0.009125)
(0.009125 0.118625 0.009125)
(0.027375 0.118625 0.009125)
(0.045625 0.118625 0.009125)
(0.063875 0.118625 0.009125)
(0.082125 0.118625 0.009125)
(0.100375 0.118625 0.009125)
(0.118625 0.118625 0.009125)
(0.136875 0.118625 0.009125)
(0.155125 0.118625 0.009125)
(0.173375 0.118625 0.009125)
(0.191625 0.118625 0.009125)
(0.209875 0.118625 0.009125)
(0.228125 0.118625 0.009125)
(0.246375 0.118625 0.009125)
(0.264625 0.118625 0.009125)
(0.282875 0.118625 0.009125)
(0.301125 0.118625 0.009125)
(0.319375 0.118625 0.009125)
(0.337625 0.118625 0.009125)
(0.355875 0.118625 0.009125)
(0.374125 0.118625 0.009125)
(0.392375 0.118625 0.009125)
(0.410625 0.118625 0.009125)
(0.428875 0.118625 0.009125)
(0.447125 0.118625 0.009125)
(0.465375 0.118625 0.009125)
(0.483625 0.118625 0.009125)
(0.501875 0.118625 0.009125)
(0.520125 0.118625 0.009125)
(0.538375 0.118625 0.009125)
(0.556625 0.118625 0.009125)
(0.574875 0.118625 0.009125)
(0.009125 0.136875 0.009125)
(0.027375 0.136875 0.009125)
(0.045625 0.136875 0.009125)
(0.063875 0.136875 0.009125)
(0.082125 0.136875 0.009125)
(0.100375 0.136875 0.009125)
(0.118625 0.136875 0.009125)
(0.136875 0.136875 0.009125)
(0.155125 0.136875 0.009125)
(0.173375 0.136875 0.009125)
(0.191625 0.136875 0.009125)
(0.209875 0.136875 0.009125)
(0.228125 0.136875 0.009125)
(0.246375 0.136875 0.009125)
(0.264625 0.136875 0.009125)
(0.282875 0.136875 0.009125)
(0.301125 0.136875 0.009125)
(0.319375 0.136875 0.009125)
(0.337625 0.136875 0.009125)
(0.355875 0.136875 0.009125)
(0.374125 0.136875 0.009125)
(0.392375 0.136875 0.009125)
(0.410625 0.136875 0.009125)
(0.428875 0.136875 0.009125)
(0.447125 0.136875 0.009125)
(0.465375 0.136875 0.009125)
(0.483625 0.136875 0.009125)
(0.501875 0.136875 0.009125)
(0.520125 0.136875 0.009125)
(0.538375 0.136875 0.009125)
(0.556625 0.136875 0.009125)
(0.574875 0.136875 0.009125)
(0.009125 0.155125 0.009125)
(0.027375 0.155125 0.009125)
(0.045625 0.155125 0.009125)
(0.063875 0.155125 0.009125)
(0.082125 0.155125 0.009125)
(0.100375 0.155125 0.009125)
(0.118625 0.155125 0.009125)
(0.136875 0.155125 0.009125)
(0.155125 0.155125 0.009125)
(0.173375 0.155125 0.009125)
(0.191625 0.155125 0.009125)
(0.209875 0.155125 0.009125)
(0.228125 0.155125 0.009125)
(0.246375 0.155125 0.009125)
(0.264625 0.155125 0.009125)
(0.282875 0.155125 0.009125)
(0.301125 0.155125 0.009125)
(0.319375 0.155125 0.009125)
(0.337625 0.155125 0.009125)
(0.355875 0.155125 0.009125)
(0.374125 0.155125 0.009125)
(0.392375 0.155125 0.009125)
(0.410625 0.155125 0.009125)
(0.428875 0.155125 0.009125)
(0.447125 0.155125 0.009125)
(0.465375 0.155125 0.009125)
(0.483625 0.155125 0.009125)
(0.501875 0.155125 0.009125)
(0.520125 0.155125 0.009125)
(0.538375 0.155125 0.009125)
(0.556625 0.155125 0.009125)
(0.574875 0.155125 0.009125)
(0.009125 0.173375 0.009125)
(0.027375 0.173375 0.009125)
(0.045625 0.173375 0.009125)
(0.063875 0.173375 0.009125)
(0.082125 0.173375 0.009125)
(0.100375 0.173375 0.009125)
(0.118625 0.173375 0.009125)
(0.136875 0.173375 0.009125)
(0.155125 0.173375 0.009125)
(0.173375 0.173375 0.009125)
(0.191625 0.173375 0.009125)
(0.209875 0.173375 0.009125)
(0.228125 0.173375 0.009125)
(0.246375 0.173375 0.009125)
(0.264625 0.173375 0.009125)
(0.282875 0.173375 0.009125)
(0.301125 0.173375 0.009125)
(0.319375 0.173375 0.009125)
(0.337625 0.173375 0.009125)
(0.355875 0.173375 0.009125)
(0.374125 0.173375 0.009125)
(0.392375 0.173375 0.009125)
(0.410625 0.173375 0.009125)
(0.428875 0.173375 0.009125)
(0.447125 0.173375 0.009125)
(0.465375 0.173375 0.009125)
(0.483625 0.173375 0.009125)
(0.501875 0.173375 0.009125)
(0.520125 0.173375 0.009125)
(0.538375 0.173375 0.009125)
(0.556625 0.173375 0.009125)
(0.574875 0.173375 0.009125)
(0.009125 0.191625 0.009125)
(0.027375 0.191625 0.009125)
(0.045625 0.191625 0.009125)
(0.063875 0.191625 0.009125)
(0.082125 0.191625 0.009125)
(0.100375 0.191625 0.009125)
(0.118625 0.191625 0.009125)
(0.136875 0.191625 0.009125)
(0.155125 0.191625 0.009125)
(0.173375 0.191625 0.009125)
(0.191625 0.191625 0.009125)
(0.209875 0.191625 0.009125)
(0.228125 0.191625 0.009125)
(0.246375 0.191625 0.009125)
(0.264625 0.191625 0.009125)
(0.282875 0.191625 0.009125)
(0.301125 0.191625 0.009125)
(0.319375 0.191625 0.009125)
(0.337625 0.191625 0.009125)
(0.355875 0.191625 0.009125)
(0.374125 0.191625 0.009125)
(0.392375 0.191625 0.009125)
(0.410625 0.191625 0.009125)
(0.428875 0.191625 0.009125)
(0.447125 0.191625 0.009125)
(0.465375 0.191625 0.009125)
(0.483625 0.191625 0.009125)
(0.501875 0.191625 0.009125)
(0.520125 0.191625 0.009125)
(0.538375 0.191625 0.009125)
(0.556625 0.191625 0.009125)
(0.574875 0.191625 0.009125)
(0.009125 0.209875 0.009125)
(0.027375 0.209875 0.009125)
(0.045625 0.209875 0.009125)
(0.063875 0.209875 0.009125)
(0.082125 0.209875 0.009125)
(0.100375 0.209875 0.009125)
(0.118625 0.209875 0.009125)
(0.136875 0.209875 0.009125)
(0.155125 0.209875 0.009125)
(0.173375 0.209875 0.009125)
(0.191625 0.209875 0.009125)
(0.209875 0.209875 0.009125)
(0.228125 0.209875 0.009125)
(0.246375 0.209875 0.009125)
(0.264625 0.209875 0.009125)
(0.282875 0.209875 0.009125)
(0.301125 0.209875 0.009125)
(0.319375 0.209875 0.009125)
(0.337625 0.209875 0.009125)
(0.355875 0.209875 0.009125)
(0.374125 0.209875 0.009125)
(0.392375 0.209875 0.009125)
(0.410625 0.209875 0.009125)
(0.428875 0.209875 0.009125)
(0.447125 0.209875 0.009125)
(0.465375 0.209875 0.009125)
(0.483625 0.209875 0.009125)
(0.501875 0.209875 0.009125)
(0.520125 0.209875 0.009125)
(0.538375 0.209875 0.009125)
(0.556625 0.209875 0.009125)
(0.574875 0.209875 0.009125)
(0.009125 0.228125 0.009125)
(0.027375 0.228125 0.009125)
(0.045625 0.228125 0.009125)
(0.063875 0.228125 0.009125)
(0.082125 0.228125 0.009125)
(0.100375 0.228125 0.009125)
(0.118625 0.228125 0.009125)
(0.136875 0.228125 0.009125)
(0.155125 0.228125 0.009125)
(0.173375 0.228125 0.009125)
(0.191625 0.228125 0.009125)
(0.209875 0.228125 0.009125)
(0.228125 0.228125 0.009125)
(0.246375 0.228125 0.009125)
(0.264625 0.228125 0.009125)
(0.282875 0.228125 0.009125)
(0.301125 0.228125 0.009125)
(0.319375 0.228125 0.009125)
(0.337625 0.228125 0.009125)
(0.355875 0.228125 0.009125)
(0.374125 0.228125 0.009125)
(0.392375 0.228125 0.009125)
(0.410625 0.228125 0.009125)
(0.428875 0.228125 0.009125)
(0.447125 0.228125 0.009125)
(0.465375 0.228125 0.009125)
(0.483625 0.228125 0.009125)
(0.501875 0.228125 0.009125)
(0.520125 0.228125 0.009125)
(0.538375 0.228125 0.009125)
(0.556625 0.228125 0.009125)
(0.574875 0.228125 0.009125)
(0.009125 0.246375 0.009125)
(0.027375 0.246375 0.009125)
(0.045625 0.246375 0.009125)
(0.063875 0.246375 0.009125)
(0.082125 0.246375 0.009125)
(0.100375 0.246375 0.009125)
(0.118625 0.246375 0.009125)
(0.136875 0.246375 0.009125)
(0.155125 0.246375 0.009125)
(0.173375 0.246375 0.009125)
(0.191625 0.246375 0.009125)
(0.209875 0.246375 0.009125)
(0.228125 0.246375 0.009125)
(0.246375 0.246375 0.009125)
(0.264625 0.246375 0.009125)
(0.282875 0.246375 0.009125)
(0.301125 0.246375 0.009125)
(0.319375 0.246375 0.009125)
(0.337625 0.246375 0.009125)
(0.355875 0.246375 0.009125)
(0.374125 0.246375 0.009125)
(0.392375 0.246375 0.009125)
(0.410625 0.246375 0.009125)
(0.428875 0.246375 0.009125)
(0.447125 0.246375 0.009125)
(0.465375 0.246375 0.009125)
(0.483625 0.246375 0.009125)
(0.501875 0.246375 0.009125)
(0.520125 0.246375 0.009125)
(0.538375 0.246375 0.009125)
(0.556625 0.246375 0.009125)
(0.574875 0.246375 0.009125)
(0.009125 0.264625 0.009125)
(0.027375 0.264625 0.009125)
(0.045625 0.264625 0.009125)
(0.063875 0.264625 0.009125)
(0.082125 0.264625 0.009125)
(0.100375 0.264625 0.009125)
(0.118625 0.264625 0.009125)
(0.136875 0.264625 0.009125)
(0.155125 0.264625 0.009125)
(0.173375 0.264625 0.009125)
(0.191625 0.264625 0.009125)
(0.209875 0.264625 0.009125)
(0.228125 0.264625 0.009125)
(0.246375 0.264625 0.009125)
(0.264625 0.264625 0.009125)
(0.282875 0.264625 0.009125)
(0.301125 0.264625 0.009125)
(0.319375 0.264625 0.009125)
(0.337625 0.264625 0.009125)
(0.355875 0.264625 0.009125)
(0.374125 0.264625 0.009125)
(0.392375 0.264625 0.009125)
(0.410625 0.264625 0.009125)
(0.428875 0.264625 0.009125)
(0.447125 0.264625 0.009125)
(0.465375 0.264625 0.009125)
(0.483625 0.264625 0.009125)
(0.501875 0.264625 0.009125)
(0.520125 0.264625 0.009125)
(0.538375 0.264625 0.009125)
(0.556625 0.264625 0.009125)
(0.574875 0.264625 0.009125)
(0.009125 0.282875 0.009125)
(0.027375 0.282875 0.009125)
(0.045625 0.282875 0.009125)
(0.063875 0.282875 0.009125)
(0.082125 0.282875 0.009125)
(0.100375 0.282875 0.009125)
(0.118625 0.282875 0.009125)
(0.136875 0.282875 0.009125)
(0.155125 0.282875 0.009125)
(0.173375 0.282875 0.009125)
(0.191625 0.282875 0.009125)
(0.209875 0.282875 0.009125)
(0.228125 0.282875 0.009125)
(0.246375 0.282875 0.009125)
(0.264625 0.282875 0.009125)
(0.282875 0.282875 0.009125)
(0.301125 0.282875 0.009125)
(0.319375 0.282875 0.009125)
(0.337625 0.282875 0.009125)
(0.355875 0.282875 0.009125)
(0.374125 0.282875 0.009125)
(0.392375 0.282875 0.009125)
(0.410625 0.282875 0.009125)
(0.428875 0.282875 0.009125)
(0.447125 0.282875 0.009125)
(0.465375 0.282875 0.009125)
(0.483625 0.282875 0.009125)
(0.501875 0.282875 0.009125)
(0.520125 0.282875 0.009125)
(0.538375 0.282875 0.009125)
(0.556625 0.282875 0.009125)
(0.574875 0.282875 0.009125)
(0.009125 0.301125 0.009125)
(0.027375 0.301125 0.009125)
(0.045625 0.301125 0.009125)
(0.063875 0.301125 0.009125)
(0.082125 0.301125 0.009125)
(0.100375 0.301125 0.009125)
(0.118625 0.301125 0.009125)
(0.136875 0.301125 0.009125)
(0.155125 0.301125 0.009125)
(0.173375 0.301125 0.009125)
(0.191625 0.301125 0.009125)
(0.209875 0.301125 0.009125)
(0.228125 0.301125 0.009125)
(0.246375 0.301125 0.009125)
(0.264625 0.301125 0.009125)
(0.282875 0.301125 0.009125)
(0.301125 0.301125 0.009125)
(0.319375 0.301125 0.009125)
(0.337625 0.301125 0.009125)
(0.355875 0.301125 0.009125)
(0.374125 0.301125 0.009125)
(0.392375 0.301125 0.009125)
(0.410625 0.301125 0.009125)
(0.428875 0.301125 0.009125)
(0.447125 0.301125 0.009125)
(0.465375 0.301125 0.009125)
(0.483625 0.301125 0.009125)
(0.501875 0.301125 0.009125)
(0.520125 0.301125 0.009125)
(0.538375 0.301125 0.009125)
(0.556625 0.301125 0.009125)
(0.574875 0.301125 0.009125)
(0.009125 0.319375 0.009125)
(0.027375 0.319375 0.009125)
(0.045625 0.319375 0.009125)
(0.063875 0.319375 0.009125)
(0.082125 0.319375 0.009125)
(0.100375 0.319375 0.009125)
(0.118625 0.319375 0.009125)
(0.136875 0.319375 0.009125)
(0.155125 0.319375 0.009125)
(0.173375 0.319375 0.009125)
(0.191625 0.319375 0.009125)
(0.209875 0.319375 0.009125)
(0.228125 0.319375 0.009125)
(0.246375 0.319375 0.009125)
(0.264625 0.319375 0.009125)
(0.282875 0.319375 0.009125)
(0.301125 0.319375 0.009125)
(0.319375 0.319375 0.009125)
(0.337625 0.319375 0.009125)
(0.355875 0.319375 0.009125)
(0.374125 0.319375 0.009125)
(0.392375 0.319375 0.009125)
(0.410625 0.319375 0.009125)
(0.428875 0.319375 0.009125)
(0.447125 0.319375 0.009125)
(0.465375 0.319375 0.009125)
(0.483625 0.319375 0.009125)
(0.501875 0.319375 0.009125)
(0.520125 0.319375 0.009125)
(0.538375 0.319375 0.009125)
(0.556625 0.319375 0.009125)
(0.574875 0.319375 0.009125)
(0.009125 0.337625 0.009125)
(0.027375 0.337625 0.009125)
(0.045625 0.337625 0.009125)
(0.063875 0.337625 0.009125)
(0.082125 0.337625 0.009125)
(0.100375 0.337625 0.009125)
(0.118625 0.337625 0.009125)
(0.136875 0.337625 0.009125)
(0.155125 0.337625 0.009125)
(0.173375 0.337625 0.009125)
(0.191625 0.337625 0.009125)
(0.209875 0.337625 0.009125)
(0.228125 0.337625 0.009125)
(0.246375 0.337625 0.009125)
(0.264625 0.337625 0.009125)
(0.282875 0.337625 0.009125)
(0.301125 0.337625 0.009125)
(0.319375 0.337625 0.009125)
(0.337625 0.337625 0.009125)
(0.355875 0.337625 0.009125)
(0.374125 0.337625 0.009125)
(0.392375 0.337625 0.009125)
(0.410625 0.337625 0.009125)
(0.428875 0.337625 0.009125)
(0.447125 0.337625 0.009125)
(0.465375 0.337625 0.009125)
(0.483625 0.337625 0.009125)
(0.501875 0.337625 0.009125)
(0.520125 0.337625 0.009125)
(0.538375 0.337625 0.009125)
(0.556625 0.337625 0.009125)
(0.574875 0.337625 0.009125)
(0.009125 0.355875 0.009125)
(0.027375 0.355875 0.009125)
(0.045625 0.355875 0.009125)
(0.063875 0.355875 0.009125)
(0.082125 0.355875 0.009125)
(0.100375 0.355875 0.009125)
(0.118625 0.355875 0.009125)
(0.136875 0.355875 0.009125)
(0.155125 0.355875 0.009125)
(0.173375 0.355875 0.009125)
(0.191625 0.355875 0.009125)
(0.209875 0.355875 0.009125)
(0.228125 0.355875 0.009125)
(0.246375 0.355875 0.009125)
(0.264625 0.355875 0.009125)
(0.282875 0.355875 0.009125)
(0.301125 0.355875 0.009125)
(0.319375 0.355875 0.009125)
(0.337625 0.355875 0.009125)
(0.355875 0.355875 0.009125)
(0.374125 0.355875 0.009125)
(0.392375 0.355875 0.009125)
(0.410625 0.355875 0.009125)
(0.428875 0.355875 0.009125)
(0.447125 0.355875 0.009125)
(0.465375 0.355875 0.009125)
(0.483625 0.355875 0.009125)
(0.501875 0.355875 0.009125)
(0.520125 0.355875 0.009125)
(0.538375 0.355875 0.009125)
(0.556625 0.355875 0.009125)
(0.574875 0.355875 0.009125)
(0.009125 0.374125 0.009125)
(0.027375 0.374125 0.009125)
(0.045625 0.374125 0.009125)
(0.063875 0.374125 0.009125)
(0.082125 0.374125 0.009125)
(0.100375 0.374125 0.009125)
(0.118625 0.374125 0.009125)
(0.136875 0.374125 0.009125)
(0.155125 0.374125 0.009125)
(0.173375 0.374125 0.009125)
(0.191625 0.374125 0.009125)
(0.209875 0.374125 0.009125)
(0.228125 0.374125 0.009125)
(0.246375 0.374125 0.009125)
(0.264625 0.374125 0.009125)
(0.282875 0.374125 0.009125)
(0.301125 0.374125 0.009125)
(0.319375 0.374125 0.009125)
(0.337625 0.374125 0.009125)
(0.355875 0.374125 0.009125)
(0.374125 0.374125 0.009125)
(0.392375 0.374125 0.009125)
(0.410625 0.374125 0.009125)
(0.428875 0.374125 0.009125)
(0.447125 0.374125 0.009125)
(0.465375 0.374125 0.009125)
(0.483625 0.374125 0.009125)
(0.501875 0.374125 0.009125)
(0.520125 0.374125 0.009125)
(0.538375 0.374125 0.009125)
(0.556625 0.374125 0.009125)
(0.574875 0.374125 0.009125)
(0.009125 0.392375 0.009125)
(0.027375 0.392375 0.009125)
(0.045625 0.392375 0.009125)
(0.063875 0.392375 0.009125)
(0.082125 0.392375 0.009125)
(0.100375 0.392375 0.009125)
(0.118625 0.392375 0.009125)
(0.136875 0.392375 0.009125)
(0.155125 0.392375 0.009125)
(0.173375 0.392375 0.009125)
(0.191625 0.392375 0.009125)
(0.209875 0.392375 0.009125)
(0.228125 0.392375 0.009125)
(0.246375 0.392375 0.009125)
(0.264625 0.392375 0.009125)
(0.282875 0.392375 0.009125)
(0.301125 0.392375 0.009125)
(0.319375 0.392375 0.009125)
(0.337625 0.392375 0.009125)
(0.355875 0.392375 0.009125)
(0.374125 0.392375 0.009125)
(0.392375 0.392375 0.009125)
(0.410625 0.392375 0.009125)
(0.428875 0.392375 0.009125)
(0.447125 0.392375 0.009125)
(0.465375 0.392375 0.009125)
(0.483625 0.392375 0.009125)
(0.501875 0.392375 0.009125)
(0.520125 0.392375 0.009125)
(0.538375 0.392375 0.009125)
(0.556625 0.392375 0.009125)
(0.574875 0.392375 0.009125)
(0.009125 0.410625 0.009125)
(0.027375 0.410625 0.009125)
(0.045625 0.410625 0.009125)
(0.063875 0.410625 0.009125)
(0.082125 0.410625 0.009125)
(0.100375 0.410625 0.009125)
(0.118625 0.410625 0.009125)
(0.136875 0.410625 0.009125)
(0.155125 0.410625 0.009125)
(0.173375 0.410625 0.009125)
(0.191625 0.410625 0.009125)
(0.209875 0.410625 0.009125)
(0.228125 0.410625 0.009125)
(0.246375 0.410625 0.009125)
(0.264625 0.410625 0.009125)
(0.282875 0.410625 0.009125)
(0.301125 0.410625 0.009125)
(0.319375 0.410625 0.009125)
(0.337625 0.410625 0.009125)
(0.355875 0.410625 0.009125)
(0.374125 0.410625 0.009125)
(0.392375 0.410625 0.009125)
(0.410625 0.410625 0.009125)
(0.428875 0.410625 0.009125)
(0.447125 0.410625 0.009125)
(0.465375 0.410625 0.009125)
(0.483625 0.410625 0.009125)
(0.501875 0.410625 0.009125)
(0.520125 0.410625 0.009125)
(0.538375 0.410625 0.009125)
(0.556625 0.410625 0.009125)
(0.574875 0.410625 0.009125)
(0.009125 0.428875 0.009125)
(0.027375 0.428875 0.009125)
(0.045625 0.428875 0.009125)
(0.063875 0.428875 0.009125)
(0.082125 0.428875 0.009125)
(0.100375 0.428875 0.009125)
(0.118625 0.428875 0.009125)
(0.136875 0.428875 0.009125)
(0.155125 0.428875 0.009125)
(0.173375 0.428875 0.009125)
(0.191625 0.428875 0.009125)
(0.209875 0.428875 0.009125)
(0.228125 0.428875 0.009125)
(0.246375 0.428875 0.009125)
(0.264625 0.428875 0.009125)
(0.282875 0.428875 0.009125)
(0.301125 0.428875 0.009125)
(0.319375 0.428875 0.009125)
(0.337625 0.428875 0.009125)
(0.355875 0.428875 0.009125)
(0.374125 0.428875 0.009125)
(0.392375 0.428875 0.009125)
(0.410625 0.428875 0.009125)
(0.428875 0.428875 0.009125)
(0.447125 0.428875 0.009125)
(0.465375 0.428875 0.009125)
(0.483625 0.428875 0.009125)
(0.501875 0.428875 0.009125)
(0.520125 0.428875 0.009125)
(0.538375 0.428875 0.009125)
(0.556625 0.428875 0.009125)
(0.574875 0.428875 0.009125)
(0.009125 0.447125 0.009125)
(0.027375 0.447125 0.009125)
(0.045625 0.447125 0.009125)
(0.063875 0.447125 0.009125)
(0.082125 0.447125 0.009125)
(0.100375 0.447125 0.009125)
(0.118625 0.447125 0.009125)
(0.136875 0.447125 0.009125)
(0.155125 0.447125 0.009125)
(0.173375 0.447125 0.009125)
(0.191625 0.447125 0.009125)
(0.209875 0.447125 0.009125)
(0.228125 0.447125 0.009125)
(0.246375 0.447125 0.009125)
(0.264625 0.447125 0.009125)
(0.282875 0.447125 0.009125)
(0.301125 0.447125 0.009125)
(0.319375 0.447125 0.009125)
(0.337625 0.447125 0.009125)
(0.355875 0.447125 0.009125)
(0.374125 0.447125 0.009125)
(0.392375 0.447125 0.009125)
(0.410625 0.447125 0.009125)
(0.428875 0.447125 0.009125)
(0.447125 0.447125 0.009125)
(0.465375 0.447125 0.009125)
(0.483625 0.447125 0.009125)
(0.501875 0.447125 0.009125)
(0.520125 0.447125 0.009125)
(0.538375 0.447125 0.009125)
(0.556625 0.447125 0.009125)
(0.574875 0.447125 0.009125)
(0.009125 0.465375 0.009125)
(0.027375 0.465375 0.009125)
(0.045625 0.465375 0.009125)
(0.063875 0.465375 0.009125)
(0.082125 0.465375 0.009125)
(0.100375 0.465375 0.009125)
(0.118625 0.465375 0.009125)
(0.136875 0.465375 0.009125)
(0.155125 0.465375 0.009125)
(0.173375 0.465375 0.009125)
(0.191625 0.465375 0.009125)
(0.209875 0.465375 0.009125)
(0.228125 0.465375 0.009125)
(0.246375 0.465375 0.009125)
(0.264625 0.465375 0.009125)
(0.282875 0.465375 0.009125)
(0.301125 0.465375 0.009125)
(0.319375 0.465375 0.009125)
(0.337625 0.465375 0.009125)
(0.355875 0.465375 0.009125)
(0.374125 0.465375 0.009125)
(0.392375 0.465375 0.009125)
(0.410625 0.465375 0.009125)
(0.428875 0.465375 0.009125)
(0.447125 0.465375 0.009125)
(0.465375 0.465375 0.009125)
(0.483625 0.465375 0.009125)
(0.501875 0.465375 0.009125)
(0.520125 0.465375 0.009125)
(0.538375 0.465375 0.009125)
(0.556625 0.465375 0.009125)
(0.574875 0.465375 0.009125)
(0.009125 0.483625 0.009125)
(0.027375 0.483625 0.009125)
(0.045625 0.483625 0.009125)
(0.063875 0.483625 0.009125)
(0.082125 0.483625 0.009125)
(0.100375 0.483625 0.009125)
(0.118625 0.483625 0.009125)
(0.136875 0.483625 0.009125)
(0.155125 0.483625 0.009125)
(0.173375 0.483625 0.009125)
(0.191625 0.483625 0.009125)
(0.209875 0.483625 0.009125)
(0.228125 0.483625 0.009125)
(0.246375 0.483625 0.009125)
(0.264625 0.483625 0.009125)
(0.282875 0.483625 0.009125)
(0.301125 0.483625 0.009125)
(0.319375 0.483625 0.009125)
(0.337625 0.483625 0.009125)
(0.355875 0.483625 0.009125)
(0.374125 0.483625 0.009125)
(0.392375 0.483625 0.009125)
(0.410625 0.483625 0.009125)
(0.428875 0.483625 0.009125)
(0.447125 0.483625 0.009125)
(0.465375 0.483625 0.009125)
(0.483625 0.483625 0.009125)
(0.501875 0.483625 0.009125)
(0.520125 0.483625 0.009125)
(0.538375 0.483625 0.009125)
(0.556625 0.483625 0.009125)
(0.574875 0.483625 0.009125)
(0.009125 0.501875 0.009125)
(0.027375 0.501875 0.009125)
(0.045625 0.501875 0.009125)
(0.063875 0.501875 0.009125)
(0.082125 0.501875 0.009125)
(0.100375 0.501875 0.009125)
(0.118625 0.501875 0.009125)
(0.136875 0.501875 0.009125)
(0.155125 0.501875 0.009125)
(0.173375 0.501875 0.009125)
(0.191625 0.501875 0.009125)
(0.209875 0.501875 0.009125)
(0.228125 0.501875 0.009125)
(0.246375 0.501875 0.009125)
(0.264625 0.501875 0.009125)
(0.282875 0.501875 0.009125)
(0.301125 0.501875 0.009125)
(0.319375 0.501875 0.009125)
(0.337625 0.501875 0.009125)
(0.355875 0.501875 0.009125)
(0.374125 0.501875 0.009125)
(0.392375 0.501875 0.009125)
(0.410625 0.501875 0.009125)
(0.428875 0.501875 0.009125)
(0.447125 0.501875 0.009125)
(0.465375 0.501875 0.009125)
(0.483625 0.501875 0.009125)
(0.501875 0.501875 0.009125)
(0.520125 0.501875 0.009125)
(0.538375 0.501875 0.009125)
(0.556625 0.501875 0.009125)
(0.574875 0.501875 0.009125)
(0.009125 0.520125 0.009125)
(0.027375 0.520125 0.009125)
(0.045625 0.520125 0.009125)
(0.063875 0.520125 0.009125)
(0.082125 0.520125 0.009125)
(0.100375 0.520125 0.009125)
(0.118625 0.520125 0.009125)
(0.136875 0.520125 0.009125)
(0.155125 0.520125 0.009125)
(0.173375 0.520125 0.009125)
(0.191625 0.520125 0.009125)
(0.209875 0.520125 0.009125)
(0.228125 0.520125 0.009125)
(0.246375 0.520125 0.009125)
(0.264625 0.520125 0.009125)
(0.282875 0.520125 0.009125)
(0.301125 0.520125 0.009125)
(0.319375 0.520125 0.009125)
(0.337625 0.520125 0.009125)
(0.355875 0.520125 0.009125)
(0.374125 0.520125 0.009125)
(0.392375 0.520125 0.009125)
(0.410625 0.520125 0.009125)
(0.428875 0.520125 0.009125)
(0.447125 0.520125 0.009125)
(0.465375 0.520125 0.009125)
(0.483625 0.520125 0.009125)
(0.501875 0.520125 0.009125)
(0.520125 0.520125 0.009125)
(0.538375 0.520125 0.009125)
(0.556625 0.520125 0.009125)
(0.574875 0.520125 0.009125)
(0.009125 0.538375 0.009125)
(0.027375 0.538375 0.009125)
(0.045625 0.538375 0.009125)
(0.063875 0.538375 0.009125)
(0.082125 0.538375 0.009125)
(0.100375 0.538375 0.009125)
(0.118625 0.538375 0.009125)
(0.136875 0.538375 0.009125)
(0.155125 0.538375 0.009125)
(0.173375 0.538375 0.009125)
(0.191625 0.538375 0.009125)
(0.209875 0.538375 0.009125)
(0.228125 0.538375 0.009125)
(0.246375 0.538375 0.009125)
(0.264625 0.538375 0.009125)
(0.282875 0.538375 0.009125)
(0.301125 0.538375 0.009125)
(0.319375 0.538375 0.009125)
(0.337625 0.538375 0.009125)
(0.355875 0.538375 0.009125)
(0.374125 0.538375 0.009125)
(0.392375 0.538375 0.009125)
(0.410625 0.538375 0.009125)
(0.428875 0.538375 0.009125)
(0.447125 0.538375 0.009125)
(0.465375 0.538375 0.009125)
(0.483625 0.538375 0.009125)
(0.501875 0.538375 0.009125)
(0.520125 0.538375 0.009125)
(0.538375 0.538375 0.009125)
(0.556625 0.538375 0.009125)
(0.574875 0.538375 0.009125)
(0.009125 0.556625 0.009125)
(0.027375 0.556625 0.009125)
(0.045625 0.556625 0.009125)
(0.063875 0.556625 0.009125)
(0.082125 0.556625 0.009125)
(0.100375 0.556625 0.009125)
(0.118625 0.556625 0.009125)
(0.136875 0.556625 0.009125)
(0.155125 0.556625 0.009125)
(0.173375 0.556625 0.009125)
(0.191625 0.556625 0.009125)
(0.209875 0.556625 0.009125)
(0.228125 0.556625 0.009125)
(0.246375 0.556625 0.009125)
(0.264625 0.556625 0.009125)
(0.282875 0.556625 0.009125)
(0.301125 0.556625 0.009125)
(0.319375 0.556625 0.009125)
(0.337625 0.556625 0.009125)
(0.355875 0.556625 0.009125)
(0.374125 0.556625 0.009125)
(0.392375 0.556625 0.009125)
(0.410625 0.556625 0.009125)
(0.428875 0.556625 0.009125)
(0.447125 0.556625 0.009125)
(0.465375 0.556625 0.009125)
(0.483625 0.556625 0.009125)
(0.501875 0.556625 0.009125)
(0.520125 0.556625 0.009125)
(0.538375 0.556625 0.009125)
(0.556625 0.556625 0.009125)
(0.574875 0.556625 0.009125)
(0.009125 0.574875 0.009125)
(0.027375 0.574875 0.009125)
(0.045625 0.574875 0.009125)
(0.063875 0.574875 0.009125)
(0.082125 0.574875 0.009125)
(0.100375 0.574875 0.009125)
(0.118625 0.574875 0.009125)
(0.136875 0.574875 0.009125)
(0.155125 0.574875 0.009125)
(0.173375 0.574875 0.009125)
(0.191625 0.574875 0.009125)
(0.209875 0.574875 0.009125)
(0.228125 0.574875 0.009125)
(0.246375 0.574875 0.009125)
(0.264625 0.574875 0.009125)
(0.282875 0.574875 0.009125)
(0.301125 0.574875 0.009125)
(0.319375 0.574875 0.009125)
(0.337625 0.574875 0.009125)
(0.355875 0.574875 0.009125)
(0.374125 0.574875 0.009125)
(0.392375 0.574875 0.009125)
(0.410625 0.574875 0.009125)
(0.428875 0.574875 0.009125)
(0.447125 0.574875 0.009125)
(0.465375 0.574875 0.009125)
(0.483625 0.574875 0.009125)
(0.501875 0.574875 0.009125)
(0.520125 0.574875 0.009125)
(0.538375 0.574875 0.009125)
(0.556625 0.574875 0.009125)
(0.574875 0.574875 0.009125)
(0.009125 0.009125 0.027375)
(0.027375 0.009125 0.027375)
(0.045625 0.009125 0.027375)
(0.063875 0.009125 0.027375)
(0.082125 0.009125 0.027375)
(0.100375 0.009125 0.027375)
(0.118625 0.009125 0.027375)
(0.136875 0.009125 0.027375)
(0.155125 0.009125 0.027375)
(0.173375 0.009125 0.027375)
(0.191625 0.009125 0.027375)
(0.209875 0.009125 0.027375)
(0.228125 0.009125 0.027375)
(0.246375 0.009125 0.027375)
(0.264625 0.009125 0.027375)
(0.282875 0.009125 0.027375)
(0.301125 0.009125 0.027375)
(0.319375 0.009125 0.027375)
(0.337625 0.009125 0.027375)
(0.355875 0.009125 0.027375)
(0.374125 0.009125 0.027375)
(0.392375 0.009125 0.027375)
(0.410625 0.009125 0.027375)
(0.428875 0.009125 0.027375)
(0.447125 0.009125 0.027375)
(0.465375 0.009125 0.027375)
(0.483625 0.009125 0.027375)
(0.501875 0.009125 0.027375)
(0.520125 0.009125 0.027375)
(0.538375 0.009125 0.027375)
(0.556625 0.009125 0.027375)
(0.574875 0.009125 0.027375)
(0.009125 0.027375 0.027375)
(0.027375 0.027375 0.027375)
(0.045625 0.027375 0.027375)
(0.063875 0.027375 0.027375)
(0.082125 0.027375 0.027375)
(0.100375 0.027375 0.027375)
(0.118625 0.027375 0.027375)
(0.136875 0.027375 0.027375)
(0.155125 0.027375 0.027375)
(0.173375 0.027375 0.027375)
(0.191625 0.027375 0.027375)
(0.209875 0.027375 0.027375)
(0.228125 0.027375 0.027375)
(0.246375 0.027375 0.027375)
(0.264625 0.027375 0.027375)
(0.282875 0.027375 0.027375)
(0.301125 0.027375 0.027375)
(0.319375 0.027375 0.027375)
(0.337625 0.027375 0.027375)
(0.355875 0.027375 0.027375)
(0.374125 0.027375 0.027375)
(0.392375 0.027375 0.027375)
(0.410625 0.027375 0.027375)
(0.428875 0.027375 0.027375)
(0.447125 0.027375 0.027375)
(0.465375 0.027375 0.027375)
(0.483625 0.027375 0.027375)
(0.501875 0.027375 0.027375)
(0.520125 0.027375 0.027375)
(0.538375 0.027375 0.027375)
(0.556625 0.027375 0.027375)
(0.574875 0.027375 0.027375)
(0.009125 0.045625 0.027375)
(0.027375 0.045625 0.027375)
(0.045625 0.045625 0.027375)
(0.063875 0.045625 0.027375)
(0.082125 0.045625 0.027375)
(0.100375 0.045625 0.027375)
(0.118625 0.045625 0.027375)
(0.136875 0.045625 0.027375)
(0.155125 0.045625 0.027375)
(0.173375 0.045625 0.027375)
(0.191625 0.045625 0.027375)
(0.209875 0.045625 0.027375)
(0.228125 0.045625 0.027375)
(0.246375 0.045625 0.027375)
(0.264625 0.045625 0.027375)
(0.282875 0.045625 0.027375)
(0.301125 0.045625 0.027375)
(0.319375 0.045625 0.027375)
(0.337625 0.045625 0.027375)
(0.355875 0.045625 0.027375)
(0.374125 0.045625 0.027375)
(0.392375 0.045625 0.027375)
(0.410625 0.045625 0.027375)
(0.428875 0.045625 0.027375)
(0.447125 0.045625 0.027375)
(0.465375 0.045625 0.027375)
(0.483625 0.045625 0.027375)
(0.501875 0.045625 0.027375)
(0.520125 0.045625 0.027375)
(0.538375 0.045625 0.027375)
(0.556625 0.045625 0.027375)
(0.574875 0.045625 0.027375)
(0.009125 0.063875 0.027375)
(0.027375 0.063875 0.027375)
(0.045625 0.063875 0.027375)
(0.063875 0.063875 0.027375)
(0.082125 0.063875 0.027375)
(0.100375 0.063875 0.027375)
(0.118625 0.063875 0.027375)
(0.136875 0.063875 0.027375)
(0.155125 0.063875 0.027375)
(0.173375 0.063875 0.027375)
(0.191625 0.063875 0.027375)
(0.209875 0.063875 0.027375)
(0.228125 0.063875 0.027375)
(0.246375 0.063875 0.027375)
(0.264625 0.063875 0.027375)
(0.282875 0.063875 0.027375)
(0.301125 0.063875 0.027375)
(0.319375 0.063875 0.027375)
(0.337625 0.063875 0.027375)
(0.355875 0.063875 0.027375)
(0.374125 0.063875 0.027375)
(0.392375 0.063875 0.027375)
(0.410625 0.063875 0.027375)
(0.428875 0.063875 0.027375)
(0.447125 0.063875 0.027375)
(0.465375 0.063875 0.027375)
(0.483625 0.063875 0.027375)
(0.501875 0.063875 0.027375)
(0.520125 0.063875 0.027375)
(0.538375 0.063875 0.027375)
(0.556625 0.063875 0.027375)
(0.574875 0.063875 0.027375)
(0.009125 0.082125 0.027375)
(0.027375 0.082125 0.027375)
(0.045625 0.082125 0.027375)
(0.063875 0.082125 0.027375)
(0.082125 0.082125 0.027375)
(0.100375 0.082125 0.027375)
(0.118625 0.082125 0.027375)
(0.136875 0.082125 0.027375)
(0.155125 0.082125 0.027375)
(0.173375 0.082125 0.027375)
(0.191625 0.082125 0.027375)
(0.209875 0.082125 0.027375)
(0.228125 0.082125 0.027375)
(0.246375 0.082125 0.027375)
(0.264625 0.082125 0.027375)
(0.282875 0.082125 0.027375)
(0.301125 0.082125 0.027375)
(0.319375 0.082125 0.027375)
(0.337625 0.082125 0.027375)
(0.355875 0.082125 0.027375)
(0.374125 0.082125 0.027375)
(0.392375 0.082125 0.027375)
(0.410625 0.082125 0.027375)
(0.428875 0.082125 0.027375)
(0.447125 0.082125 0.027375)
(0.465375 0.082125 0.027375)
(0.483625 0.082125 0.027375)
(0.501875 0.082125 0.027375)
(0.520125 0.082125 0.027375)
(0.538375 0.082125 0.027375)
(0.556625 0.082125 0.027375)
(0.574875 0.082125 0.027375)
(0.009125 0.100375 0.027375)
(0.027375 0.100375 0.027375)
(0.045625 0.100375 0.027375)
(0.063875 0.100375 0.027375)
(0.082125 0.100375 0.027375)
(0.100375 0.100375 0.027375)
(0.118625 0.100375 0.027375)
(0.136875 0.100375 0.027375)
(0.155125 0.100375 0.027375)
(0.173375 0.100375 0.027375)
(0.191625 0.100375 0.027375)
(0.209875 0.100375 0.027375)
(0.228125 0.100375 0.027375)
(0.246375 0.100375 0.027375)
(0.264625 0.100375 0.027375)
(0.282875 0.100375 0.027375)
(0.301125 0.100375 0.027375)
(0.319375 0.100375 0.027375)
(0.337625 0.100375 0.027375)
(0.355875 0.100375 0.027375)
(0.374125 0.100375 0.027375)
(0.392375 0.100375 0.027375)
(0.410625 0.100375 0.027375)
(0.428875 0.100375 0.027375)
(0.447125 0.100375 0.027375)
(0.465375 0.100375 0.027375)
(0.483625 0.100375 0.027375)
(0.501875 0.100375 0.027375)
(0.520125 0.100375 0.027375)
(0.538375 0.100375 0.027375)
(0.556625 0.100375 0.027375)
(0.574875 0.100375 0.027375)
(0.009125 0.118625 0.027375)
(0.027375 0.118625 0.027375)
(0.045625 0.118625 0.027375)
(0.063875 0.118625 0.027375)
(0.082125 0.118625 0.027375)
(0.100375 0.118625 0.027375)
(0.118625 0.118625 0.027375)
(0.136875 0.118625 0.027375)
(0.155125 0.118625 0.027375)
(0.173375 0.118625 0.027375)
(0.191625 0.118625 0.027375)
(0.209875 0.118625 0.027375)
(0.228125 0.118625 0.027375)
(0.246375 0.118625 0.027375)
(0.264625 0.118625 0.027375)
(0.282875 0.118625 0.027375)
(0.301125 0.118625 0.027375)
(0.319375 0.118625 0.027375)
(0.337625 0.118625 0.027375)
(0.355875 0.118625 0.027375)
(0.374125 0.118625 0.027375)
(0.392375 0.118625 0.027375)
(0.410625 0.118625 0.027375)
(0.428875 0.118625 0.027375)
(0.447125 0.118625 0.027375)
(0.465375 0.118625 0.027375)
(0.483625 0.118625 0.027375)
(0.501875 0.118625 0.027375)
(0.520125 0.118625 0.027375)
(0.538375 0.118625 0.027375)
(0.556625 0.118625 0.027375)
(0.574875 0.118625 0.027375)
(0.009125 0.136875 0.027375)
(0.027375 0.136875 0.027375)
(0.045625 0.136875 0.027375)
(0.063875 0.136875 0.027375)
(0.082125 0.136875 0.027375)
(0.100375 0.136875 0.027375)
(0.118625 0.136875 0.027375)
(0.136875 0.136875 0.027375)
(0.155125 0.136875 0.027375)
(0.173375 0.136875 0.027375)
(0.191625 0.136875 0.027375)
(0.209875 0.136875 0.027375)
(0.228125 0.136875 0.027375)
(0.246375 0.136875 0.027375)
(0.264625 0.136875 0.027375)
(0.282875 0.136875 0.027375)
(0.301125 0.136875 0.027375)
(0.319375 0.136875 0.027375)
(0.337625 0.136875 0.027375)
(0.355875 0.136875 0.027375)
(0.374125 0.136875 0.027375)
(0.392375 0.136875 0.027375)
(0.410625 0.136875 0.027375)
(0.428875 0.136875 0.027375)
(0.447125 0.136875 0.027375)
(0.465375 0.136875 0.027375)
(0.483625 0.136875 0.027375)
(0.501875 0.136875 0.027375)
(0.520125 0.136875 0.027375)
(0.538375 0.136875 0.027375)
(0.556625 0.136875 0.027375)
(0.574875 0.136875 0.027375)
(0.009125 0.155125 0.027375)
(0.027375 0.155125 0.027375)
(0.045625 0.155125 0.027375)
(0.063875 0.155125 0.027375)
(0.082125 0.155125 0.027375)
(0.100375 0.155125 0.027375)
(0.118625 0.155125 0.027375)
(0.136875 0.155125 0.027375)
(0.155125 0.155125 0.027375)
(0.173375 0.155125 0.027375)
(0.191625 0.155125 0.027375)
(0.209875 0.155125 0.027375)
(0.228125 0.155125 0.027375)
(0.246375 0.155125 0.027375)
(0.264625 0.155125 0.027375)
(0.282875 0.155125 0.027375)
(0.301125 0.155125 0.027375)
(0.319375 0.155125 0.027375)
(0.337625 0.155125 0.027375)
(0.355875 0.155125 0.027375)
(0.374125 0.155125 0.027375)
(0.392375 0.155125 0.027375)
(0.410625 0.155125 0.027375)
(0.428875 0.155125 0.027375)
(0.447125 0.155125 0.027375)
(0.465375 0.155125 0.027375)
(0.483625 0.155125 0.027375)
(0.501875 0.155125 0.027375)
(0.520125 0.155125 0.027375)
(0.538375 0.155125 0.027375)
(0.556625 0.155125 0.027375)
(0.574875 0.155125 0.027375)
(0.009125 0.173375 0.027375)
(0.027375 0.173375 0.027375)
(0.045625 0.173375 0.027375)
(0.063875 0.173375 0.027375)
(0.082125 0.173375 0.027375)
(0.100375 0.173375 0.027375)
(0.118625 0.173375 0.027375)
(0.136875 0.173375 0.027375)
(0.155125 0.173375 0.027375)
(0.173375 0.173375 0.027375)
(0.191625 0.173375 0.027375)
(0.209875 0.173375 0.027375)
(0.228125 0.173375 0.027375)
(0.246375 0.173375 0.027375)
(0.264625 0.173375 0.027375)
(0.282875 0.173375 0.027375)
(0.301125 0.173375 0.027375)
(0.319375 0.173375 0.027375)
(0.337625 0.173375 0.027375)
(0.355875 0.173375 0.027375)
(0.374125 0.173375 0.027375)
(0.392375 0.173375 0.027375)
(0.410625 0.173375 0.027375)
(0.428875 0.173375 0.027375)
(0.447125 0.173375 0.027375)
(0.465375 0.173375 0.027375)
(0.483625 0.173375 0.027375)
(0.501875 0.173375 0.027375)
(0.520125 0.173375 0.027375)
(0.538375 0.173375 0.027375)
(0.556625 0.173375 0.027375)
(0.574875 0.173375 0.027375)
(0.009125 0.191625 0.027375)
(0.027375 0.191625 0.027375)
(0.045625 0.191625 0.027375)
(0.063875 0.191625 0.027375)
(0.082125 0.191625 0.027375)
(0.100375 0.191625 0.027375)
(0.118625 0.191625 0.027375)
(0.136875 0.191625 0.027375)
(0.155125 0.191625 0.027375)
(0.173375 0.191625 0.027375)
(0.191625 0.191625 0.027375)
(0.209875 0.191625 0.027375)
(0.228125 0.191625 0.027375)
(0.246375 0.191625 0.027375)
(0.264625 0.191625 0.027375)
(0.282875 0.191625 0.027375)
(0.301125 0.191625 0.027375)
(0.319375 0.191625 0.027375)
(0.337625 0.191625 0.027375)
(0.355875 0.191625 0.027375)
(0.374125 0.191625 0.027375)
(0.392375 0.191625 0.027375)
(0.410625 0.191625 0.027375)
(0.428875 0.191625 0.027375)
(0.447125 0.191625 0.027375)
(0.465375 0.191625 0.027375)
(0.483625 0.191625 0.027375)
(0.501875 0.191625 0.027375)
(0.520125 0.191625 0.027375)
(0.538375 0.191625 0.027375)
(0.556625 0.191625 0.027375)
(0.574875 0.191625 0.027375)
(0.009125 0.209875 0.027375)
(0.027375 0.209875 0.027375)
(0.045625 0.209875 0.027375)
(0.063875 0.209875 0.027375)
(0.082125 0.209875 0.027375)
(0.100375 0.209875 0.027375)
(0.118625 0.209875 0.027375)
(0.136875 0.209875 0.027375)
(0.155125 0.209875 0.027375)
(0.173375 0.209875 0.027375)
(0.191625 0.209875 0.027375)
(0.209875 0.209875 0.027375)
(0.228125 0.209875 0.027375)
(0.246375 0.209875 0.027375)
(0.264625 0.209875 0.027375)
(0.282875 0.209875 0.027375)
(0.301125 0.209875 0.027375)
(0.319375 0.209875 0.027375)
(0.337625 0.209875 0.027375)
(0.355875 0.209875 0.027375)
(0.374125 0.209875 0.027375)
(0.392375 0.209875 0.027375)
(0.410625 0.209875 0.027375)
(0.428875 0.209875 0.027375)
(0.447125 0.209875 0.027375)
(0.465375 0.209875 0.027375)
(0.483625 0.209875 0.027375)
(0.501875 0.209875 0.027375)
(0.520125 0.209875 0.027375)
(0.538375 0.209875 0.027375)
(0.556625 0.209875 0.027375)
(0.574875 0.209875 0.027375)
(0.009125 0.228125 0.027375)
(0.027375 0.228125 0.027375)
(0.045625 0.228125 0.027375)
(0.063875 0.228125 0.027375)
(0.082125 0.228125 0.027375)
(0.100375 0.228125 0.027375)
(0.118625 0.228125 0.027375)
(0.136875 0.228125 0.027375)
(0.155125 0.228125 0.027375)
(0.173375 0.228125 0.027375)
(0.191625 0.228125 0.027375)
(0.209875 0.228125 0.027375)
(0.228125 0.228125 0.027375)
(0.246375 0.228125 0.027375)
(0.264625 0.228125 0.027375)
(0.282875 0.228125 0.027375)
(0.301125 0.228125 0.027375)
(0.319375 0.228125 0.027375)
(0.337625 0.228125 0.027375)
(0.355875 0.228125 0.027375)
(0.374125 0.228125 0.027375)
(0.392375 0.228125 0.027375)
(0.410625 0.228125 0.027375)
(0.428875 0.228125 0.027375)
(0.447125 0.228125 0.027375)
(0.465375 0.228125 0.027375)
(0.483625 0.228125 0.027375)
(0.501875 0.228125 0.027375)
(0.520125 0.228125 0.027375)
(0.538375 0.228125 0.027375)
(0.556625 0.228125 0.027375)
(0.574875 0.228125 0.027375)
(0.009125 0.246375 0.027375)
(0.027375 0.246375 0.027375)
(0.045625 0.246375 0.027375)
(0.063875 0.246375 0.027375)
(0.082125 0.246375 0.027375)
(0.100375 0.246375 0.027375)
(0.118625 0.246375 0.027375)
(0.136875 0.246375 0.027375)
(0.155125 0.246375 0.027375)
(0.173375 0.246375 0.027375)
(0.191625 0.246375 0.027375)
(0.209875 0.246375 0.027375)
(0.228125 0.246375 0.027375)
(0.246375 0.246375 0.027375)
(0.264625 0.246375 0.027375)
(0.282875 0.246375 0.027375)
(0.301125 0.246375 0.027375)
(0.319375 0.246375 0.027375)
(0.337625 0.246375 0.027375)
(0.355875 0.246375 0.027375)
(0.374125 0.246375 0.027375)
(0.392375 0.246375 0.027375)
(0.410625 0.246375 0.027375)
(0.428875 0.246375 0.027375)
(0.447125 0.246375 0.027375)
(0.465375 0.246375 0.027375)
(0.483625 0.246375 0.027375)
(0.501875 0.246375 0.027375)
(0.520125 0.246375 0.027375)
(0.538375 0.246375 0.027375)
(0.556625 0.246375 0.027375)
(0.574875 0.246375 0.027375)
(0.009125 0.264625 0.027375)
(0.027375 0.264625 0.027375)
(0.045625 0.264625 0.027375)
(0.063875 0.264625 0.027375)
(0.082125 0.264625 0.027375)
(0.100375 0.264625 0.027375)
(0.118625 0.264625 0.027375)
(0.136875 0.264625 0.027375)
(0.155125 0.264625 0.027375)
(0.173375 0.264625 0.027375)
(0.191625 0.264625 0.027375)
(0.209875 0.264625 0.027375)
(0.228125 0.264625 0.027375)
(0.246375 0.264625 0.027375)
(0.264625 0.264625 0.027375)
(0.282875 0.264625 0.027375)
(0.301125 0.264625 0.027375)
(0.319375 0.264625 0.027375)
(0.337625 0.264625 0.027375)
(0.355875 0.264625 0.027375)
(0.374125 0.264625 0.027375)
(0.392375 0.264625 0.027375)
(0.410625 0.264625 0.027375)
(0.428875 0.264625 0.027375)
(0.447125 0.264625 0.027375)
(0.465375 0.264625 0.027375)
(0.483625 0.264625 0.027375)
(0.501875 0.264625 0.027375)
(0.520125 0.264625 0.027375)
(0.538375 0.264625 0.027375)
(0.556625 0.264625 0.027375)
(0.574875 0.264625 0.027375)
(0.009125 0.282875 0.027375)
(0.027375 0.282875 0.027375)
(0.045625 0.282875 0.027375)
(0.063875 0.282875 0.027375)
(0.082125 0.282875 0.027375)
(0.100375 0.282875 0.027375)
(0.118625 0.282875 0.027375)
(0.136875 0.282875 0.027375)
(0.155125 0.282875 0.027375)
(0.173375 0.282875 0.027375)
(0.191625 0.282875 0.027375)
(0.209875 0.282875 0.027375)
(0.228125 0.282875 0.027375)
(0.246375 0.282875 0.027375)
(0.264625 0.282875 0.027375)
(0.282875 0.282875 0.027375)
(0.301125 0.282875 0.027375)
(0.319375 0.282875 0.027375)
(0.337625 0.282875 0.027375)
(0.355875 0.282875 0.027375)
(0.374125 0.282875 0.027375)
(0.392375 0.282875 0.027375)
(0.410625 0.282875 0.027375)
(0.428875 0.282875 0.027375)
(0.447125 0.282875 0.027375)
(0.465375 0.282875 0.027375)
(0.483625 0.282875 0.027375)
(0.501875 0.282875 0.027375)
(0.520125 0.282875 0.027375)
(0.538375 0.282875 0.027375)
(0.556625 0.282875 0.027375)
(0.574875 0.282875 0.027375)
(0.009125 0.301125 0.027375)
(0.027375 0.301125 0.027375)
(0.045625 0.301125 0.027375)
(0.063875 0.301125 0.027375)
(0.082125 0.301125 0.027375)
(0.100375 0.301125 0.027375)
(0.118625 0.301125 0.027375)
(0.136875 0.301125 0.027375)
(0.155125 0.301125 0.027375)
(0.173375 0.301125 0.027375)
(0.191625 0.301125 0.027375)
(0.209875 0.301125 0.027375)
(0.228125 0.301125 0.027375)
(0.246375 0.301125 0.027375)
(0.264625 0.301125 0.027375)
(0.282875 0.301125 0.027375)
(0.301125 0.301125 0.027375)
(0.319375 0.301125 0.027375)
(0.337625 0.301125 0.027375)
(0.355875 0.301125 0.027375)
(0.374125 0.301125 0.027375)
(0.392375 0.301125 0.027375)
(0.410625 0.301125 0.027375)
(0.428875 0.301125 0.027375)
(0.447125 0.301125 0.027375)
(0.465375 0.301125 0.027375)
(0.483625 0.301125 0.027375)
(0.501875 0.301125 0.027375)
(0.520125 0.301125 0.027375)
(0.538375 0.301125 0.027375)
(0.556625 0.301125 0.027375)
(0.574875 0.301125 0.027375)
(0.009125 0.319375 0.027375)
(0.027375 0.319375 0.027375)
(0.045625 0.319375 0.027375)
(0.063875 0.319375 0.027375)
(0.082125 0.319375 0.027375)
(0.100375 0.319375 0.027375)
(0.118625 0.319375 0.027375)
(0.136875 0.319375 0.027375)
(0.155125 0.319375 0.027375)
(0.173375 0.319375 0.027375)
(0.191625 0.319375 0.027375)
(0.209875 0.319375 0.027375)
(0.228125 0.319375 0.027375)
(0.246375 0.319375 0.027375)
(0.264625 0.319375 0.027375)
(0.282875 0.319375 0.027375)
(0.301125 0.319375 0.027375)
(0.319375 0.319375 0.027375)
(0.337625 0.319375 0.027375)
(0.355875 0.319375 0.027375)
(0.374125 0.319375 0.027375)
(0.392375 0.319375 0.027375)
(0.410625 0.319375 0.027375)
(0.428875 0.319375 0.027375)
(0.447125 0.319375 0.027375)
(0.465375 0.319375 0.027375)
(0.483625 0.319375 0.027375)
(0.501875 0.319375 0.027375)
(0.520125 0.319375 0.027375)
(0.538375 0.319375 0.027375)
(0.556625 0.319375 0.027375)
(0.574875 0.319375 0.027375)
(0.009125 0.337625 0.027375)
(0.027375 0.337625 0.027375)
(0.045625 0.337625 0.027375)
(0.063875 0.337625 0.027375)
(0.082125 0.337625 0.027375)
(0.100375 0.337625 0.027375)
(0.118625 0.337625 0.027375)
(0.136875 0.337625 0.027375)
(0.155125 0.337625 0.027375)
(0.173375 0.337625 0.027375)
(0.191625 0.337625 0.027375)
(0.209875 0.337625 0.027375)
(0.228125 0.337625 0.027375)
(0.246375 0.337625 0.027375)
(0.264625 0.337625 0.027375)
(0.282875 0.337625 0.027375)
(0.301125 0.337625 0.027375)
(0.319375 0.337625 0.027375)
(0.337625 0.337625 0.027375)
(0.355875 0.337625 0.027375)
(0.374125 0.337625 0.027375)
(0.392375 0.337625 0.027375)
(0.410625 0.337625 0.027375)
(0.428875 0.337625 0.027375)
(0.447125 0.337625 0.027375)
(0.465375 0.337625 0.027375)
(0.483625 0.337625 0.027375)
(0.501875 0.337625 0.027375)
(0.520125 0.337625 0.027375)
(0.538375 0.337625 0.027375)
(0.556625 0.337625 0.027375)
(0.574875 0.337625 0.027375)
(0.009125 0.355875 0.027375)
(0.027375 0.355875 0.027375)
(0.045625 0.355875 0.027375)
(0.063875 0.355875 0.027375)
(0.082125 0.355875 0.027375)
(0.100375 0.355875 0.027375)
(0.118625 0.355875 0.027375)
(0.136875 0.355875 0.027375)
(0.155125 0.355875 0.027375)
(0.173375 0.355875 0.027375)
(0.191625 0.355875 0.027375)
(0.209875 0.355875 0.027375)
(0.228125 0.355875 0.027375)
(0.246375 0.355875 0.027375)
(0.264625 0.355875 0.027375)
(0.282875 0.355875 0.027375)
(0.301125 0.355875 0.027375)
(0.319375 0.355875 0.027375)
(0.337625 0.355875 0.027375)
(0.355875 0.355875 0.027375)
(0.374125 0.355875 0.027375)
(0.392375 0.355875 0.027375)
(0.410625 0.355875 0.027375)
(0.428875 0.355875 0.027375)
(0.447125 0.355875 0.027375)
(0.465375 0.355875 0.027375)
(0.483625 0.355875 0.027375)
(0.501875 0.355875 0.027375)
(0.520125 0.355875 0.027375)
(0.538375 0.355875 0.027375)
(0.556625 0.355875 0.027375)
(0.574875 0.355875 0.027375)
(0.009125 0.374125 0.027375)
(0.027375 0.374125 0.027375)
(0.045625 0.374125 0.027375)
(0.063875 0.374125 0.027375)
(0.082125 0.374125 0.027375)
(0.100375 0.374125 0.027375)
(0.118625 0.374125 0.027375)
(0.136875 0.374125 0.027375)
(0.155125 0.374125 0.027375)
(0.173375 0.374125 0.027375)
(0.191625 0.374125 0.027375)
(0.209875 0.374125 0.027375)
(0.228125 0.374125 0.027375)
(0.246375 0.374125 0.027375)
(0.264625 0.374125 0.027375)
(0.282875 0.374125 0.027375)
(0.301125 0.374125 0.027375)
(0.319375 0.374125 0.027375)
(0.337625 0.374125 0.027375)
(0.355875 0.374125 0.027375)
(0.374125 0.374125 0.027375)
(0.392375 0.374125 0.027375)
(0.410625 0.374125 0.027375)
(0.428875 0.374125 0.027375)
(0.447125 0.374125 0.027375)
(0.465375 0.374125 0.027375)
(0.483625 0.374125 0.027375)
(0.501875 0.374125 0.027375)
(0.520125 0.374125 0.027375)
(0.538375 0.374125 0.027375)
(0.556625 0.374125 0.027375)
(0.574875 0.374125 0.027375)
(0.009125 0.392375 0.027375)
(0.027375 0.392375 0.027375)
(0.045625 0.392375 0.027375)
(0.063875 0.392375 0.027375)
(0.082125 0.392375 0.027375)
(0.100375 0.392375 0.027375)
(0.118625 0.392375 0.027375)
(0.136875 0.392375 0.027375)
(0.155125 0.392375 0.027375)
(0.173375 0.392375 0.027375)
(0.191625 0.392375 0.027375)
(0.209875 0.392375 0.027375)
(0.228125 0.392375 0.027375)
(0.246375 0.392375 0.027375)
(0.264625 0.392375 0.027375)
(0.282875 0.392375 0.027375)
(0.301125 0.392375 0.027375)
(0.319375 0.392375 0.027375)
(0.337625 0.392375 0.027375)
(0.355875 0.392375 0.027375)
(0.374125 0.392375 0.027375)
(0.392375 0.392375 0.027375)
(0.410625 0.392375 0.027375)
(0.428875 0.392375 0.027375)
(0.447125 0.392375 0.027375)
(0.465375 0.392375 0.027375)
(0.483625 0.392375 0.027375)
(0.501875 0.392375 0.027375)
(0.520125 0.392375 0.027375)
(0.538375 0.392375 0.027375)
(0.556625 0.392375 0.027375)
(0.574875 0.392375 0.027375)
(0.009125 0.410625 0.027375)
(0.027375 0.410625 0.027375)
(0.045625 0.410625 0.027375)
(0.063875 0.410625 0.027375)
(0.082125 0.410625 0.027375)
(0.100375 0.410625 0.027375)
(0.118625 0.410625 0.027375)
(0.136875 0.410625 0.027375)
(0.155125 0.410625 0.027375)
(0.173375 0.410625 0.027375)
(0.191625 0.410625 0.027375)
(0.209875 0.410625 0.027375)
(0.228125 0.410625 0.027375)
(0.246375 0.410625 0.027375)
(0.264625 0.410625 0.027375)
(0.282875 0.410625 0.027375)
(0.301125 0.410625 0.027375)
(0.319375 0.410625 0.027375)
(0.337625 0.410625 0.027375)
(0.355875 0.410625 0.027375)
(0.374125 0.410625 0.027375)
(0.392375 0.410625 0.027375)
(0.410625 0.410625 0.027375)
(0.428875 0.410625 0.027375)
(0.447125 0.410625 0.027375)
(0.465375 0.410625 0.027375)
(0.483625 0.410625 0.027375)
(0.501875 0.410625 0.027375)
(0.520125 0.410625 0.027375)
(0.538375 0.410625 0.027375)
(0.556625 0.410625 0.027375)
(0.574875 0.410625 0.027375)
(0.009125 0.428875 0.027375)
(0.027375 0.428875 0.027375)
(0.045625 0.428875 0.027375)
(0.063875 0.428875 0.027375)
(0.082125 0.428875 0.027375)
(0.100375 0.428875 0.027375)
(0.118625 0.428875 0.027375)
(0.136875 0.428875 0.027375)
(0.155125 0.428875 0.027375)
(0.173375 0.428875 0.027375)
(0.191625 0.428875 0.027375)
(0.209875 0.428875 0.027375)
(0.228125 0.428875 0.027375)
(0.246375 0.428875 0.027375)
(0.264625 0.428875 0.027375)
(0.282875 0.428875 0.027375)
(0.301125 0.428875 0.027375)
(0.319375 0.428875 0.027375)
(0.337625 0.428875 0.027375)
(0.355875 0.428875 0.027375)
(0.374125 0.428875 0.027375)
(0.392375 0.428875 0.027375)
(0.410625 0.428875 0.027375)
(0.428875 0.428875 0.027375)
(0.447125 0.428875 0.027375)
(0.465375 0.428875 0.027375)
(0.483625 0.428875 0.027375)
(0.501875 0.428875 0.027375)
(0.520125 0.428875 0.027375)
(0.538375 0.428875 0.027375)
(0.556625 0.428875 0.027375)
(0.574875 0.428875 0.027375)
(0.009125 0.447125 0.027375)
(0.027375 0.447125 0.027375)
(0.045625 0.447125 0.027375)
(0.063875 0.447125 0.027375)
(0.082125 0.447125 0.027375)
(0.100375 0.447125 0.027375)
(0.118625 0.447125 0.027375)
(0.136875 0.447125 0.027375)
(0.155125 0.447125 0.027375)
(0.173375 0.447125 0.027375)
(0.191625 0.447125 0.027375)
(0.209875 0.447125 0.027375)
(0.228125 0.447125 0.027375)
(0.246375 0.447125 0.027375)
(0.264625 0.447125 0.027375)
(0.282875 0.447125 0.027375)
(0.301125 0.447125 0.027375)
(0.319375 0.447125 0.027375)
(0.337625 0.447125 0.027375)
(0.355875 0.447125 0.027375)
(0.374125 0.447125 0.027375)
(0.392375 0.447125 0.027375)
(0.410625 0.447125 0.027375)
(0.428875 0.447125 0.027375)
(0.447125 0.447125 0.027375)
(0.465375 0.447125 0.027375)
(0.483625 0.447125 0.027375)
(0.501875 0.447125 0.027375)
(0.520125 0.447125 0.027375)
(0.538375 0.447125 0.027375)
(0.556625 0.447125 0.027375)
(0.574875 0.447125 0.027375)
(0.009125 0.465375 0.027375)
(0.027375 0.465375 0.027375)
(0.045625 0.465375 0.027375)
(0.063875 0.465375 0.027375)
(0.082125 0.465375 0.027375)
(0.100375 0.465375 0.027375)
(0.118625 0.465375 0.027375)
(0.136875 0.465375 0.027375)
(0.155125 0.465375 0.027375)
(0.173375 0.465375 0.027375)
(0.191625 0.465375 0.027375)
(0.209875 0.465375 0.027375)
(0.228125 0.465375 0.027375)
(0.246375 0.465375 0.027375)
(0.264625 0.465375 0.027375)
(0.282875 0.465375 0.027375)
(0.301125 0.465375 0.027375)
(0.319375 0.465375 0.027375)
(0.337625 0.465375 0.027375)
(0.355875 0.465375 0.027375)
(0.374125 0.465375 0.027375)
(0.392375 0.465375 0.027375)
(0.410625 0.465375 0.027375)
(0.428875 0.465375 0.027375)
(0.447125 0.465375 0.027375)
(0.465375 0.465375 0.027375)
(0.483625 0.465375 0.027375)
(0.501875 0.465375 0.027375)
(0.520125 0.465375 0.027375)
(0.538375 0.465375 0.027375)
(0.556625 0.465375 0.027375)
(0.574875 0.465375 0.027375)
(0.009125 0.483625 0.027375)
(0.027375 0.483625 0.027375)
(0.045625 0.483625 0.027375)
(0.063875 0.483625 0.027375)
(0.082125 0.483625 0.027375)
(0.100375 0.483625 0.027375)
(0.118625 0.483625 0.027375)
(0.136875 0.483625 0.027375)
(0.155125 0.483625 0.027375)
(0.173375 0.483625 0.027375)
(0.191625 0.483625 0.027375)
(0.209875 0.483625 0.027375)
(0.228125 0.483625 0.027375)
(0.246375 0.483625 0.027375)
(0.264625 0.483625 0.027375)
(0.282875 0.483625 0.027375)
(0.301125 0.483625 0.027375)
(0.319375 0.483625 0.027375)
(0.337625 0.483625 0.027375)
(0.355875 0.483625 0.027375)
(0.374125 0.483625 0.027375)
(0.392375 0.483625 0.027375)
(0.410625 0.483625 0.027375)
(0.428875 0.483625 0.027375)
(0.447125 0.483625 0.027375)
(0.465375 0.483625 0.027375)
(0.483625 0.483625 0.027375)
(0.501875 0.483625 0.027375)
(0.520125 0.483625 0.027375)
(0.538375 0.483625 0.027375)
(0.556625 0.483625 0.027375)
(0.574875 0.483625 0.027375)
(0.009125 0.501875 0.027375)
(0.027375 0.501875 0.027375)
(0.045625 0.501875 0.027375)
(0.063875 0.501875 0.027375)
(0.082125 0.501875 0.027375)
(0.100375 0.501875 0.027375)
(0.118625 0.501875 0.027375)
(0.136875 0.501875 0.027375)
(0.155125 0.501875 0.027375)
(0.173375 0.501875 0.027375)
(0.191625 0.501875 0.027375)
(0.209875 0.501875 0.027375)
(0.228125 0.501875 0.027375)
(0.246375 0.501875 0.027375)
(0.264625 0.501875 0.027375)
(0.282875 0.501875 0.027375)
(0.301125 0.501875 0.027375)
(0.319375 0.501875 0.027375)
(0.337625 0.501875 0.027375)
(0.355875 0.501875 0.027375)
(0.374125 0.501875 0.027375)
(0.392375 0.501875 0.027375)
(0.410625 0.501875 0.027375)
(0.428875 0.501875 0.027375)
(0.447125 0.501875 0.027375)
(0.465375 0.501875 0.027375)
(0.483625 0.501875 0.027375)
(0.501875 0.501875 0.027375)
(0.520125 0.501875 0.027375)
(0.538375 0.501875 0.027375)
(0.556625 0.501875 0.027375)
(0.574875 0.501875 0.027375)
(0.009125 0.520125 0.027375)
(0.027375 0.520125 0.027375)
(0.045625 0.520125 0.027375)
(0.063875 0.520125 0.027375)
(0.082125 0.520125 0.027375)
(0.100375 0.520125 0.027375)
(0.118625 0.520125 0.027375)
(0.136875 0.520125 0.027375)
(0.155125 0.520125 0.027375)
(0.173375 0.520125 0.027375)
(0.191625 0.520125 0.027375)
(0.209875 0.520125 0.027375)
(0.228125 0.520125 0.027375)
(0.246375 0.520125 0.027375)
(0.264625 0.520125 0.027375)
(0.282875 0.520125 0.027375)
(0.301125 0.520125 0.027375)
(0.319375 0.520125 0.027375)
(0.337625 0.520125 0.027375)
(0.355875 0.520125 0.027375)
(0.374125 0.520125 0.027375)
(0.392375 0.520125 0.027375)
(0.410625 0.520125 0.027375)
(0.428875 0.520125 0.027375)
(0.447125 0.520125 0.027375)
(0.465375 0.520125 0.027375)
(0.483625 0.520125 0.027375)
(0.501875 0.520125 0.027375)
(0.520125 0.520125 0.027375)
(0.538375 0.520125 0.027375)
(0.556625 0.520125 0.027375)
(0.574875 0.520125 0.027375)
(0.009125 0.538375 0.027375)
(0.027375 0.538375 0.027375)
(0.045625 0.538375 0.027375)
(0.063875 0.538375 0.027375)
(0.082125 0.538375 0.027375)
(0.100375 0.538375 0.027375)
(0.118625 0.538375 0.027375)
(0.136875 0.538375 0.027375)
(0.155125 0.538375 0.027375)
(0.173375 0.538375 0.027375)
(0.191625 0.538375 0.027375)
(0.209875 0.538375 0.027375)
(0.228125 0.538375 0.027375)
(0.246375 0.538375 0.027375)
(0.264625 0.538375 0.027375)
(0.282875 0.538375 0.027375)
(0.301125 0.538375 0.027375)
(0.319375 0.538375 0.027375)
(0.337625 0.538375 0.027375)
(0.355875 0.538375 0.027375)
(0.374125 0.538375 0.027375)
(0.392375 0.538375 0.027375)
(0.410625 0.538375 0.027375)
(0.428875 0.538375 0.027375)
(0.447125 0.538375 0.027375)
(0.465375 0.538375 0.027375)
(0.483625 0.538375 0.027375)
(0.501875 0.538375 0.027375)
(0.520125 0.538375 0.027375)
(0.538375 0.538375 0.027375)
(0.556625 0.538375 0.027375)
(0.574875 0.538375 0.027375)
(0.009125 0.556625 0.027375)
(0.027375 0.556625 0.027375)
(0.045625 0.556625 0.027375)
(0.063875 0.556625 0.027375)
(0.082125 0.556625 0.027375)
(0.100375 0.556625 0.027375)
(0.118625 0.556625 0.027375)
(0.136875 0.556625 0.027375)
(0.155125 0.556625 0.027375)
(0.173375 0.556625 0.027375)
(0.191625 0.556625 0.027375)
(0.209875 0.556625 0.027375)
(0.228125 0.556625 0.027375)
(0.246375 0.556625 0.027375)
(0.264625 0.556625 0.027375)
(0.282875 0.556625 0.027375)
(0.301125 0.556625 0.027375)
(0.319375 0.556625 0.027375)
(0.337625 0.556625 0.027375)
(0.355875 0.556625 0.027375)
(0.374125 0.556625 0.027375)
(0.392375 0.556625 0.027375)
(0.410625 0.556625 0.027375)
(0.428875 0.556625 0.027375)
(0.447125 0.556625 0.027375)
(0.465375 0.556625 0.027375)
(0.483625 0.556625 0.027375)
(0.501875 0.556625 0.027375)
(0.520125 0.556625 0.027375)
(0.538375 0.556625 0.027375)
(0.556625 0.556625 0.027375)
(0.574875 0.556625 0.027375)
(0.009125 0.574875 0.027375)
(0.027375 0.574875 0.027375)
(0.045625 0.574875 0.027375)
(0.063875 0.574875 0.027375)
(0.082125 0.574875 0.027375)
(0.100375 0.574875 0.027375)
(0.118625 0.574875 0.027375)
(0.136875 0.574875 0.027375)
(0.155125 0.574875 0.027375)
(0.173375 0.574875 0.027375)
(0.191625 0.574875 0.027375)
(0.209875 0.574875 0.027375)
(0.228125 0.574875 0.027375)
(0.246375 0.574875 0.027375)
(0.264625 0.574875 0.027375)
(0.282875 0.574875 0.027375)
(0.301125 0.574875 0.027375)
(0.319375 0.574875 0.027375)
(0.337625 0.574875 0.027375)
(0.355875 0.574875 0.027375)
(0.374125 0.574875 0.027375)
(0.392375 0.574875 0.027375)
(0.410625 0.574875 0.027375)
(0.428875 0.574875 0.027375)
(0.447125 0.574875 0.027375)
(0.465375 0.574875 0.027375)
(0.483625 0.574875 0.027375)
(0.501875 0.574875 0.027375)
(0.520125 0.574875 0.027375)
(0.538375 0.574875 0.027375)
(0.556625 0.574875 0.027375)
(0.574875 0.574875 0.027375)
(0.009125 0.009125 0.045625)
(0.027375 0.009125 0.045625)
(0.045625 0.009125 0.045625)
(0.063875 0.009125 0.045625)
(0.082125 0.009125 0.045625)
(0.100375 0.009125 0.045625)
(0.118625 0.009125 0.045625)
(0.136875 0.009125 0.045625)
(0.155125 0.009125 0.045625)
(0.173375 0.009125 0.045625)
(0.191625 0.009125 0.045625)
(0.209875 0.009125 0.045625)
(0.228125 0.009125 0.045625)
(0.246375 0.009125 0.045625)
(0.264625 0.009125 0.045625)
(0.282875 0.009125 0.045625)
(0.301125 0.009125 0.045625)
(0.319375 0.009125 0.045625)
(0.337625 0.009125 0.045625)
(0.355875 0.009125 0.045625)
(0.374125 0.009125 0.045625)
(0.392375 0.009125 0.045625)
(0.410625 0.009125 0.045625)
(0.428875 0.009125 0.045625)
(0.447125 0.009125 0.045625)
(0.465375 0.009125 0.045625)
(0.483625 0.009125 0.045625)
(0.501875 0.009125 0.045625)
(0.520125 0.009125 0.045625)
(0.538375 0.009125 0.045625)
(0.556625 0.009125 0.045625)
(0.574875 0.009125 0.045625)
(0.009125 0.027375 0.045625)
(0.027375 0.027375 0.045625)
(0.045625 0.027375 0.045625)
(0.063875 0.027375 0.045625)
(0.082125 0.027375 0.045625)
(0.100375 0.027375 0.045625)
(0.118625 0.027375 0.045625)
(0.136875 0.027375 0.045625)
(0.155125 0.027375 0.045625)
(0.173375 0.027375 0.045625)
(0.191625 0.027375 0.045625)
(0.209875 0.027375 0.045625)
(0.228125 0.027375 0.045625)
(0.246375 0.027375 0.045625)
(0.264625 0.027375 0.045625)
(0.282875 0.027375 0.045625)
(0.301125 0.027375 0.045625)
(0.319375 0.027375 0.045625)
(0.337625 0.027375 0.045625)
(0.355875 0.027375 0.045625)
(0.374125 0.027375 0.045625)
(0.392375 0.027375 0.045625)
(0.410625 0.027375 0.045625)
(0.428875 0.027375 0.045625)
(0.447125 0.027375 0.045625)
(0.465375 0.027375 0.045625)
(0.483625 0.027375 0.045625)
(0.501875 0.027375 0.045625)
(0.520125 0.027375 0.045625)
(0.538375 0.027375 0.045625)
(0.556625 0.027375 0.045625)
(0.574875 0.027375 0.045625)
(0.009125 0.045625 0.045625)
(0.027375 0.045625 0.045625)
(0.045625 0.045625 0.045625)
(0.063875 0.045625 0.045625)
(0.082125 0.045625 0.045625)
(0.100375 0.045625 0.045625)
(0.118625 0.045625 0.045625)
(0.136875 0.045625 0.045625)
(0.155125 0.045625 0.045625)
(0.173375 0.045625 0.045625)
(0.191625 0.045625 0.045625)
(0.209875 0.045625 0.045625)
(0.228125 0.045625 0.045625)
(0.246375 0.045625 0.045625)
(0.264625 0.045625 0.045625)
(0.282875 0.045625 0.045625)
(0.301125 0.045625 0.045625)
(0.319375 0.045625 0.045625)
(0.337625 0.045625 0.045625)
(0.355875 0.045625 0.045625)
(0.374125 0.045625 0.045625)
(0.392375 0.045625 0.045625)
(0.410625 0.045625 0.045625)
(0.428875 0.045625 0.045625)
(0.447125 0.045625 0.045625)
(0.465375 0.045625 0.045625)
(0.483625 0.045625 0.045625)
(0.501875 0.045625 0.045625)
(0.520125 0.045625 0.045625)
(0.538375 0.045625 0.045625)
(0.556625 0.045625 0.045625)
(0.574875 0.045625 0.045625)
(0.009125 0.063875 0.045625)
(0.027375 0.063875 0.045625)
(0.045625 0.063875 0.045625)
(0.063875 0.063875 0.045625)
(0.082125 0.063875 0.045625)
(0.100375 0.063875 0.045625)
(0.118625 0.063875 0.045625)
(0.136875 0.063875 0.045625)
(0.155125 0.063875 0.045625)
(0.173375 0.063875 0.045625)
(0.191625 0.063875 0.045625)
(0.209875 0.063875 0.045625)
(0.228125 0.063875 0.045625)
(0.246375 0.063875 0.045625)
(0.264625 0.063875 0.045625)
(0.282875 0.063875 0.045625)
(0.301125 0.063875 0.045625)
(0.319375 0.063875 0.045625)
(0.337625 0.063875 0.045625)
(0.355875 0.063875 0.045625)
(0.374125 0.063875 0.045625)
(0.392375 0.063875 0.045625)
(0.410625 0.063875 0.045625)
(0.428875 0.063875 0.045625)
(0.447125 0.063875 0.045625)
(0.465375 0.063875 0.045625)
(0.483625 0.063875 0.045625)
(0.501875 0.063875 0.045625)
(0.520125 0.063875 0.045625)
(0.538375 0.063875 0.045625)
(0.556625 0.063875 0.045625)
(0.574875 0.063875 0.045625)
(0.009125 0.082125 0.045625)
(0.027375 0.082125 0.045625)
(0.045625 0.082125 0.045625)
(0.063875 0.082125 0.045625)
(0.082125 0.082125 0.045625)
(0.100375 0.082125 0.045625)
(0.118625 0.082125 0.045625)
(0.136875 0.082125 0.045625)
(0.155125 0.082125 0.045625)
(0.173375 0.082125 0.045625)
(0.191625 0.082125 0.045625)
(0.209875 0.082125 0.045625)
(0.228125 0.082125 0.045625)
(0.246375 0.082125 0.045625)
(0.264625 0.082125 0.045625)
(0.282875 0.082125 0.045625)
(0.301125 0.082125 0.045625)
(0.319375 0.082125 0.045625)
(0.337625 0.082125 0.045625)
(0.355875 0.082125 0.045625)
(0.374125 0.082125 0.045625)
(0.392375 0.082125 0.045625)
(0.410625 0.082125 0.045625)
(0.428875 0.082125 0.045625)
(0.447125 0.082125 0.045625)
(0.465375 0.082125 0.045625)
(0.483625 0.082125 0.045625)
(0.501875 0.082125 0.045625)
(0.520125 0.082125 0.045625)
(0.538375 0.082125 0.045625)
(0.556625 0.082125 0.045625)
(0.574875 0.082125 0.045625)
(0.009125 0.100375 0.045625)
(0.027375 0.100375 0.045625)
(0.045625 0.100375 0.045625)
(0.063875 0.100375 0.045625)
(0.082125 0.100375 0.045625)
(0.100375 0.100375 0.045625)
(0.118625 0.100375 0.045625)
(0.136875 0.100375 0.045625)
(0.155125 0.100375 0.045625)
(0.173375 0.100375 0.045625)
(0.191625 0.100375 0.045625)
(0.209875 0.100375 0.045625)
(0.228125 0.100375 0.045625)
(0.246375 0.100375 0.045625)
(0.264625 0.100375 0.045625)
(0.282875 0.100375 0.045625)
(0.301125 0.100375 0.045625)
(0.319375 0.100375 0.045625)
(0.337625 0.100375 0.045625)
(0.355875 0.100375 0.045625)
(0.374125 0.100375 0.045625)
(0.392375 0.100375 0.045625)
(0.410625 0.100375 0.045625)
(0.428875 0.100375 0.045625)
(0.447125 0.100375 0.045625)
(0.465375 0.100375 0.045625)
(0.483625 0.100375 0.045625)
(0.501875 0.100375 0.045625)
(0.520125 0.100375 0.045625)
(0.538375 0.100375 0.045625)
(0.556625 0.100375 0.045625)
(0.574875 0.100375 0.045625)
(0.009125 0.118625 0.045625)
(0.027375 0.118625 0.045625)
(0.045625 0.118625 0.045625)
(0.063875 0.118625 0.045625)
(0.082125 0.118625 0.045625)
(0.100375 0.118625 0.045625)
(0.118625 0.118625 0.045625)
(0.136875 0.118625 0.045625)
(0.155125 0.118625 0.045625)
(0.173375 0.118625 0.045625)
(0.191625 0.118625 0.045625)
(0.209875 0.118625 0.045625)
(0.228125 0.118625 0.045625)
(0.246375 0.118625 0.045625)
(0.264625 0.118625 0.045625)
(0.282875 0.118625 0.045625)
(0.301125 0.118625 0.045625)
(0.319375 0.118625 0.045625)
(0.337625 0.118625 0.045625)
(0.355875 0.118625 0.045625)
(0.374125 0.118625 0.045625)
(0.392375 0.118625 0.045625)
(0.410625 0.118625 0.045625)
(0.428875 0.118625 0.045625)
(0.447125 0.118625 0.045625)
(0.465375 0.118625 0.045625)
(0.483625 0.118625 0.045625)
(0.501875 0.118625 0.045625)
(0.520125 0.118625 0.045625)
(0.538375 0.118625 0.045625)
(0.556625 0.118625 0.045625)
(0.574875 0.118625 0.045625)
(0.009125 0.136875 0.045625)
(0.027375 0.136875 0.045625)
(0.045625 0.136875 0.045625)
(0.063875 0.136875 0.045625)
(0.082125 0.136875 0.045625)
(0.100375 0.136875 0.045625)
(0.118625 0.136875 0.045625)
(0.136875 0.136875 0.045625)
(0.155125 0.136875 0.045625)
(0.173375 0.136875 0.045625)
(0.191625 0.136875 0.045625)
(0.209875 0.136875 0.045625)
(0.228125 0.136875 0.045625)
(0.246375 0.136875 0.045625)
(0.264625 0.136875 0.045625)
(0.282875 0.136875 0.045625)
(0.301125 0.136875 0.045625)
(0.319375 0.136875 0.045625)
(0.337625 0.136875 0.045625)
(0.355875 0.136875 0.045625)
(0.374125 0.136875 0.045625)
(0.392375 0.136875 0.045625)
(0.410625 0.136875 0.045625)
(0.428875 0.136875 0.045625)
(0.447125 0.136875 0.045625)
(0.465375 0.136875 0.045625)
(0.483625 0.136875 0.045625)
(0.501875 0.136875 0.045625)
(0.520125 0.136875 0.045625)
(0.538375 0.136875 0.045625)
(0.556625 0.136875 0.045625)
(0.574875 0.136875 0.045625)
(0.009125 0.155125 0.045625)
(0.027375 0.155125 0.045625)
(0.045625 0.155125 0.045625)
(0.063875 0.155125 0.045625)
(0.082125 0.155125 0.045625)
(0.100375 0.155125 0.045625)
(0.118625 0.155125 0.045625)
(0.136875 0.155125 0.045625)
(0.155125 0.155125 0.045625)
(0.173375 0.155125 0.045625)
(0.191625 0.155125 0.045625)
(0.209875 0.155125 0.045625)
(0.228125 0.155125 0.045625)
(0.246375 0.155125 0.045625)
(0.264625 0.155125 0.045625)
(0.282875 0.155125 0.045625)
(0.301125 0.155125 0.045625)
(0.319375 0.155125 0.045625)
(0.337625 0.155125 0.045625)
(0.355875 0.155125 0.045625)
(0.374125 0.155125 0.045625)
(0.392375 0.155125 0.045625)
(0.410625 0.155125 0.045625)
(0.428875 0.155125 0.045625)
(0.447125 0.155125 0.045625)
(0.465375 0.155125 0.045625)
(0.483625 0.155125 0.045625)
(0.501875 0.155125 0.045625)
(0.520125 0.155125 0.045625)
(0.538375 0.155125 0.045625)
(0.556625 0.155125 0.045625)
(0.574875 0.155125 0.045625)
(0.009125 0.173375 0.045625)
(0.027375 0.173375 0.045625)
(0.045625 0.173375 0.045625)
(0.063875 0.173375 0.045625)
(0.082125 0.173375 0.045625)
(0.100375 0.173375 0.045625)
(0.118625 0.173375 0.045625)
(0.136875 0.173375 0.045625)
(0.155125 0.173375 0.045625)
(0.173375 0.173375 0.045625)
(0.191625 0.173375 0.045625)
(0.209875 0.173375 0.045625)
(0.228125 0.173375 0.045625)
(0.246375 0.173375 0.045625)
(0.264625 0.173375 0.045625)
(0.282875 0.173375 0.045625)
(0.301125 0.173375 0.045625)
(0.319375 0.173375 0.045625)
(0.337625 0.173375 0.045625)
(0.355875 0.173375 0.045625)
(0.374125 0.173375 0.045625)
(0.392375 0.173375 0.045625)
(0.410625 0.173375 0.045625)
(0.428875 0.173375 0.045625)
(0.447125 0.173375 0.045625)
(0.465375 0.173375 0.045625)
(0.483625 0.173375 0.045625)
(0.501875 0.173375 0.045625)
(0.520125 0.173375 0.045625)
(0.538375 0.173375 0.045625)
(0.556625 0.173375 0.045625)
(0.574875 0.173375 0.045625)
(0.009125 0.191625 0.045625)
(0.027375 0.191625 0.045625)
(0.045625 0.191625 0.045625)
(0.063875 0.191625 0.045625)
(0.082125 0.191625 0.045625)
(0.100375 0.191625 0.045625)
(0.118625 0.191625 0.045625)
(0.136875 0.191625 0.045625)
(0.155125 0.191625 0.045625)
(0.173375 0.191625 0.045625)
(0.191625 0.191625 0.045625)
(0.209875 0.191625 0.045625)
(0.228125 0.191625 0.045625)
(0.246375 0.191625 0.045625)
(0.264625 0.191625 0.045625)
(0.282875 0.191625 0.045625)
(0.301125 0.191625 0.045625)
(0.319375 0.191625 0.045625)
(0.337625 0.191625 0.045625)
(0.355875 0.191625 0.045625)
(0.374125 0.191625 0.045625)
(0.392375 0.191625 0.045625)
(0.410625 0.191625 0.045625)
(0.428875 0.191625 0.045625)
(0.447125 0.191625 0.045625)
(0.465375 0.191625 0.045625)
(0.483625 0.191625 0.045625)
(0.501875 0.191625 0.045625)
(0.520125 0.191625 0.045625)
(0.538375 0.191625 0.045625)
(0.556625 0.191625 0.045625)
(0.574875 0.191625 0.045625)
(0.009125 0.209875 0.045625)
(0.027375 0.209875 0.045625)
(0.045625 0.209875 0.045625)
(0.063875 0.209875 0.045625)
(0.082125 0.209875 0.045625)
(0.100375 0.209875 0.045625)
(0.118625 0.209875 0.045625)
(0.136875 0.209875 0.045625)
(0.155125 0.209875 0.045625)
(0.173375 0.209875 0.045625)
(0.191625 0.209875 0.045625)
(0.209875 0.209875 0.045625)
(0.228125 0.209875 0.045625)
(0.246375 0.209875 0.045625)
(0.264625 0.209875 0.045625)
(0.282875 0.209875 0.045625)
(0.301125 0.209875 0.045625)
(0.319375 0.209875 0.045625)
(0.337625 0.209875 0.045625)
(0.355875 0.209875 0.045625)
(0.374125 0.209875 0.045625)
(0.392375 0.209875 0.045625)
(0.410625 0.209875 0.045625)
(0.428875 0.209875 0.045625)
(0.447125 0.209875 0.045625)
(0.465375 0.209875 0.045625)
(0.483625 0.209875 0.045625)
(0.501875 0.209875 0.045625)
(0.520125 0.209875 0.045625)
(0.538375 0.209875 0.045625)
(0.556625 0.209875 0.045625)
(0.574875 0.209875 0.045625)
(0.009125 0.228125 0.045625)
(0.027375 0.228125 0.045625)
(0.045625 0.228125 0.045625)
(0.063875 0.228125 0.045625)
(0.082125 0.228125 0.045625)
(0.100375 0.228125 0.045625)
(0.118625 0.228125 0.045625)
(0.136875 0.228125 0.045625)
(0.155125 0.228125 0.045625)
(0.173375 0.228125 0.045625)
(0.191625 0.228125 0.045625)
(0.209875 0.228125 0.045625)
(0.228125 0.228125 0.045625)
(0.246375 0.228125 0.045625)
(0.264625 0.228125 0.045625)
(0.282875 0.228125 0.045625)
(0.301125 0.228125 0.045625)
(0.319375 0.228125 0.045625)
(0.337625 0.228125 0.045625)
(0.355875 0.228125 0.045625)
(0.374125 0.228125 0.045625)
(0.392375 0.228125 0.045625)
(0.410625 0.228125 0.045625)
(0.428875 0.228125 0.045625)
(0.447125 0.228125 0.045625)
(0.465375 0.228125 0.045625)
(0.483625 0.228125 0.045625)
(0.501875 0.228125 0.045625)
(0.520125 0.228125 0.045625)
(0.538375 0.228125 0.045625)
(0.556625 0.228125 0.045625)
(0.574875 0.228125 0.045625)
(0.009125 0.246375 0.045625)
(0.027375 0.246375 0.045625)
(0.045625 0.246375 0.045625)
(0.063875 0.246375 0.045625)
(0.082125 0.246375 0.045625)
(0.100375 0.246375 0.045625)
(0.118625 0.246375 0.045625)
(0.136875 0.246375 0.045625)
(0.155125 0.246375 0.045625)
(0.173375 0.246375 0.045625)
(0.191625 0.246375 0.045625)
(0.209875 0.246375 0.045625)
(0.228125 0.246375 0.045625)
(0.246375 0.246375 0.045625)
(0.264625 0.246375 0.045625)
(0.282875 0.246375 0.045625)
(0.301125 0.246375 0.045625)
(0.319375 0.246375 0.045625)
(0.337625 0.246375 0.045625)
(0.355875 0.246375 0.045625)
(0.374125 0.246375 0.045625)
(0.392375 0.246375 0.045625)
(0.410625 0.246375 0.045625)
(0.428875 0.246375 0.045625)
(0.447125 0.246375 0.045625)
(0.465375 0.246375 0.045625)
(0.483625 0.246375 0.045625)
(0.501875 0.246375 0.045625)
(0.520125 0.246375 0.045625)
(0.538375 0.246375 0.045625)
(0.556625 0.246375 0.045625)
(0.574875 0.246375 0.045625)
(0.009125 0.264625 0.045625)
(0.027375 0.264625 0.045625)
(0.045625 0.264625 0.045625)
(0.063875 0.264625 0.045625)
(0.082125 0.264625 0.045625)
(0.100375 0.264625 0.045625)
(0.118625 0.264625 0.045625)
(0.136875 0.264625 0.045625)
(0.155125 0.264625 0.045625)
(0.173375 0.264625 0.045625)
(0.191625 0.264625 0.045625)
(0.209875 0.264625 0.045625)
(0.228125 0.264625 0.045625)
(0.246375 0.264625 0.045625)
(0.264625 0.264625 0.045625)
(0.282875 0.264625 0.045625)
(0.301125 0.264625 0.045625)
(0.319375 0.264625 0.045625)
(0.337625 0.264625 0.045625)
(0.355875 0.264625 0.045625)
(0.374125 0.264625 0.045625)
(0.392375 0.264625 0.045625)
(0.410625 0.264625 0.045625)
(0.428875 0.264625 0.045625)
(0.447125 0.264625 0.045625)
(0.465375 0.264625 0.045625)
(0.483625 0.264625 0.045625)
(0.501875 0.264625 0.045625)
(0.520125 0.264625 0.045625)
(0.538375 0.264625 0.045625)
(0.556625 0.264625 0.045625)
(0.574875 0.264625 0.045625)
(0.009125 0.282875 0.045625)
(0.027375 0.282875 0.045625)
(0.045625 0.282875 0.045625)
(0.063875 0.282875 0.045625)
(0.082125 0.282875 0.045625)
(0.100375 0.282875 0.045625)
(0.118625 0.282875 0.045625)
(0.136875 0.282875 0.045625)
(0.155125 0.282875 0.045625)
(0.173375 0.282875 0.045625)
(0.191625 0.282875 0.045625)
(0.209875 0.282875 0.045625)
(0.228125 0.282875 0.045625)
(0.246375 0.282875 0.045625)
(0.264625 0.282875 0.045625)
(0.282875 0.282875 0.045625)
(0.301125 0.282875 0.045625)
(0.319375 0.282875 0.045625)
(0.337625 0.282875 0.045625)
(0.355875 0.282875 0.045625)
(0.374125 0.282875 0.045625)
(0.392375 0.282875 0.045625)
(0.410625 0.282875 0.045625)
(0.428875 0.282875 0.045625)
(0.447125 0.282875 0.045625)
(0.465375 0.282875 0.045625)
(0.483625 0.282875 0.045625)
(0.501875 0.282875 0.045625)
(0.520125 0.282875 0.045625)
(0.538375 0.282875 0.045625)
(0.556625 0.282875 0.045625)
(0.574875 0.282875 0.045625)
(0.009125 0.301125 0.045625)
(0.027375 0.301125 0.045625)
(0.045625 0.301125 0.045625)
(0.063875 0.301125 0.045625)
(0.082125 0.301125 0.045625)
(0.100375 0.301125 0.045625)
(0.118625 0.301125 0.045625)
(0.136875 0.301125 0.045625)
(0.155125 0.301125 0.045625)
(0.173375 0.301125 0.045625)
(0.191625 0.301125 0.045625)
(0.209875 0.301125 0.045625)
(0.228125 0.301125 0.045625)
(0.246375 0.301125 0.045625)
(0.264625 0.301125 0.045625)
(0.282875 0.301125 0.045625)
(0.301125 0.301125 0.045625)
(0.319375 0.301125 0.045625)
(0.337625 0.301125 0.045625)
(0.355875 0.301125 0.045625)
(0.374125 0.301125 0.045625)
(0.392375 0.301125 0.045625)
(0.410625 0.301125 0.045625)
(0.428875 0.301125 0.045625)
(0.447125 0.301125 0.045625)
(0.465375 0.301125 0.045625)
(0.483625 0.301125 0.045625)
(0.501875 0.301125 0.045625)
(0.520125 0.301125 0.045625)
(0.538375 0.301125 0.045625)
(0.556625 0.301125 0.045625)
(0.574875 0.301125 0.045625)
(0.009125 0.319375 0.045625)
(0.027375 0.319375 0.045625)
(0.045625 0.319375 0.045625)
(0.063875 0.319375 0.045625)
(0.082125 0.319375 0.045625)
(0.100375 0.319375 0.045625)
(0.118625 0.319375 0.045625)
(0.136875 0.319375 0.045625)
(0.155125 0.319375 0.045625)
(0.173375 0.319375 0.045625)
(0.191625 0.319375 0.045625)
(0.209875 0.319375 0.045625)
(0.228125 0.319375 0.045625)
(0.246375 0.319375 0.045625)
(0.264625 0.319375 0.045625)
(0.282875 0.319375 0.045625)
(0.301125 0.319375 0.045625)
(0.319375 0.319375 0.045625)
(0.337625 0.319375 0.045625)
(0.355875 0.319375 0.045625)
(0.374125 0.319375 0.045625)
(0.392375 0.319375 0.045625)
(0.410625 0.319375 0.045625)
(0.428875 0.319375 0.045625)
(0.447125 0.319375 0.045625)
(0.465375 0.319375 0.045625)
(0.483625 0.319375 0.045625)
(0.501875 0.319375 0.045625)
(0.520125 0.319375 0.045625)
(0.538375 0.319375 0.045625)
(0.556625 0.319375 0.045625)
(0.574875 0.319375 0.045625)
(0.009125 0.337625 0.045625)
(0.027375 0.337625 0.045625)
(0.045625 0.337625 0.045625)
(0.063875 0.337625 0.045625)
(0.082125 0.337625 0.045625)
(0.100375 0.337625 0.045625)
(0.118625 0.337625 0.045625)
(0.136875 0.337625 0.045625)
(0.155125 0.337625 0.045625)
(0.173375 0.337625 0.045625)
(0.191625 0.337625 0.045625)
(0.209875 0.337625 0.045625)
(0.228125 0.337625 0.045625)
(0.246375 0.337625 0.045625)
(0.264625 0.337625 0.045625)
(0.282875 0.337625 0.045625)
(0.301125 0.337625 0.045625)
(0.319375 0.337625 0.045625)
(0.337625 0.337625 0.045625)
(0.355875 0.337625 0.045625)
(0.374125 0.337625 0.045625)
(0.392375 0.337625 0.045625)
(0.410625 0.337625 0.045625)
(0.428875 0.337625 0.045625)
(0.447125 0.337625 0.045625)
(0.465375 0.337625 0.045625)
(0.483625 0.337625 0.045625)
(0.501875 0.337625 0.045625)
(0.520125 0.337625 0.045625)
(0.538375 0.337625 0.045625)
(0.556625 0.337625 0.045625)
(0.574875 0.337625 0.045625)
(0.009125 0.355875 0.045625)
(0.027375 0.355875 0.045625)
(0.045625 0.355875 0.045625)
(0.063875 0.355875 0.045625)
(0.082125 0.355875 0.045625)
(0.100375 0.355875 0.045625)
(0.118625 0.355875 0.045625)
(0.136875 0.355875 0.045625)
(0.155125 0.355875 0.045625)
(0.173375 0.355875 0.045625)
(0.191625 0.355875 0.045625)
(0.209875 0.355875 0.045625)
(0.228125 0.355875 0.045625)
(0.246375 0.355875 0.045625)
(0.264625 0.355875 0.045625)
(0.282875 0.355875 0.045625)
(0.301125 0.355875 0.045625)
(0.319375 0.355875 0.045625)
(0.337625 0.355875 0.045625)
(0.355875 0.355875 0.045625)
(0.374125 0.355875 0.045625)
(0.392375 0.355875 0.045625)
(0.410625 0.355875 0.045625)
(0.428875 0.355875 0.045625)
(0.447125 0.355875 0.045625)
(0.465375 0.355875 0.045625)
(0.483625 0.355875 0.045625)
(0.501875 0.355875 0.045625)
(0.520125 0.355875 0.045625)
(0.538375 0.355875 0.045625)
(0.556625 0.355875 0.045625)
(0.574875 0.355875 0.045625)
(0.009125 0.374125 0.045625)
(0.027375 0.374125 0.045625)
(0.045625 0.374125 0.045625)
(0.063875 0.374125 0.045625)
(0.082125 0.374125 0.045625)
(0.100375 0.374125 0.045625)
(0.118625 0.374125 0.045625)
(0.136875 0.374125 0.045625)
(0.155125 0.374125 0.045625)
(0.173375 0.374125 0.045625)
(0.191625 0.374125 0.045625)
(0.209875 0.374125 0.045625)
(0.228125 0.374125 0.045625)
(0.246375 0.374125 0.045625)
(0.264625 0.374125 0.045625)
(0.282875 0.374125 0.045625)
(0.301125 0.374125 0.045625)
(0.319375 0.374125 0.045625)
(0.337625 0.374125 0.045625)
(0.355875 0.374125 0.045625)
(0.374125 0.374125 0.045625)
(0.392375 0.374125 0.045625)
(0.410625 0.374125 0.045625)
(0.428875 0.374125 0.045625)
(0.447125 0.374125 0.045625)
(0.465375 0.374125 0.045625)
(0.483625 0.374125 0.045625)
(0.501875 0.374125 0.045625)
(0.520125 0.374125 0.045625)
(0.538375 0.374125 0.045625)
(0.556625 0.374125 0.045625)
(0.574875 0.374125 0.045625)
(0.009125 0.392375 0.045625)
(0.027375 0.392375 0.045625)
(0.045625 0.392375 0.045625)
(0.063875 0.392375 0.045625)
(0.082125 0.392375 0.045625)
(0.100375 0.392375 0.045625)
(0.118625 0.392375 0.045625)
(0.136875 0.392375 0.045625)
(0.155125 0.392375 0.045625)
(0.173375 0.392375 0.045625)
(0.191625 0.392375 0.045625)
(0.209875 0.392375 0.045625)
(0.228125 0.392375 0.045625)
(0.246375 0.392375 0.045625)
(0.264625 0.392375 0.045625)
(0.282875 0.392375 0.045625)
(0.301125 0.392375 0.045625)
(0.319375 0.392375 0.045625)
(0.337625 0.392375 0.045625)
(0.355875 0.392375 0.045625)
(0.374125 0.392375 0.045625)
(0.392375 0.392375 0.045625)
(0.410625 0.392375 0.045625)
(0.428875 0.392375 0.045625)
(0.447125 0.392375 0.045625)
(0.465375 0.392375 0.045625)
(0.483625 0.392375 0.045625)
(0.501875 0.392375 0.045625)
(0.520125 0.392375 0.045625)
(0.538375 0.392375 0.045625)
(0.556625 0.392375 0.045625)
(0.574875 0.392375 0.045625)
(0.009125 0.410625 0.045625)
(0.027375 0.410625 0.045625)
(0.045625 0.410625 0.045625)
(0.063875 0.410625 0.045625)
(0.082125 0.410625 0.045625)
(0.100375 0.410625 0.045625)
(0.118625 0.410625 0.045625)
(0.136875 0.410625 0.045625)
(0.155125 0.410625 0.045625)
(0.173375 0.410625 0.045625)
(0.191625 0.410625 0.045625)
(0.209875 0.410625 0.045625)
(0.228125 0.410625 0.045625)
(0.246375 0.410625 0.045625)
(0.264625 0.410625 0.045625)
(0.282875 0.410625 0.045625)
(0.301125 0.410625 0.045625)
(0.319375 0.410625 0.045625)
(0.337625 0.410625 0.045625)
(0.355875 0.410625 0.045625)
(0.374125 0.410625 0.045625)
(0.392375 0.410625 0.045625)
(0.410625 0.410625 0.045625)
(0.428875 0.410625 0.045625)
(0.447125 0.410625 0.045625)
(0.465375 0.410625 0.045625)
(0.483625 0.410625 0.045625)
(0.501875 0.410625 0.045625)
(0.520125 0.410625 0.045625)
(0.538375 0.410625 0.045625)
(0.556625 0.410625 0.045625)
(0.574875 0.410625 0.045625)
(0.009125 0.428875 0.045625)
(0.027375 0.428875 0.045625)
(0.045625 0.428875 0.045625)
(0.063875 0.428875 0.045625)
(0.082125 0.428875 0.045625)
(0.100375 0.428875 0.045625)
(0.118625 0.428875 0.045625)
(0.136875 0.428875 0.045625)
(0.155125 0.428875 0.045625)
(0.173375 0.428875 0.045625)
(0.191625 0.428875 0.045625)
(0.209875 0.428875 0.045625)
(0.228125 0.428875 0.045625)
(0.246375 0.428875 0.045625)
(0.264625 0.428875 0.045625)
(0.282875 0.428875 0.045625)
(0.301125 0.428875 0.045625)
(0.319375 0.428875 0.045625)
(0.337625 0.428875 0.045625)
(0.355875 0.428875 0.045625)
(0.374125 0.428875 0.045625)
(0.392375 0.428875 0.045625)
(0.410625 0.428875 0.045625)
(0.428875 0.428875 0.045625)
(0.447125 0.428875 0.045625)
(0.465375 0.428875 0.045625)
(0.483625 0.428875 0.045625)
(0.501875 0.428875 0.045625)
(0.520125 0.428875 0.045625)
(0.538375 0.428875 0.045625)
(0.556625 0.428875 0.045625)
(0.574875 0.428875 0.045625)
(0.009125 0.447125 0.045625)
(0.027375 0.447125 0.045625)
(0.045625 0.447125 0.045625)
(0.063875 0.447125 0.045625)
(0.082125 0.447125 0.045625)
(0.100375 0.447125 0.045625)
(0.118625 0.447125 0.045625)
(0.136875 0.447125 0.045625)
(0.155125 0.447125 0.045625)
(0.173375 0.447125 0.045625)
(0.191625 0.447125 0.045625)
(0.209875 0.447125 0.045625)
(0.228125 0.447125 0.045625)
(0.246375 0.447125 0.045625)
(0.264625 0.447125 0.045625)
(0.282875 0.447125 0.045625)
(0.301125 0.447125 0.045625)
(0.319375 0.447125 0.045625)
(0.337625 0.447125 0.045625)
(0.355875 0.447125 0.045625)
(0.374125 0.447125 0.045625)
(0.392375 0.447125 0.045625)
(0.410625 0.447125 0.045625)
(0.428875 0.447125 0.045625)
(0.447125 0.447125 0.045625)
(0.465375 0.447125 0.045625)
(0.483625 0.447125 0.045625)
(0.501875 0.447125 0.045625)
(0.520125 0.447125 0.045625)
(0.538375 0.447125 0.045625)
(0.556625 0.447125 0.045625)
(0.574875 0.447125 0.045625)
(0.009125 0.465375 0.045625)
(0.027375 0.465375 0.045625)
(0.045625 0.465375 0.045625)
(0.063875 0.465375 0.045625)
(0.082125 0.465375 0.045625)
(0.100375 0.465375 0.045625)
(0.118625 0.465375 0.045625)
(0.136875 0.465375 0.045625)
(0.155125 0.465375 0.045625)
(0.173375 0.465375 0.045625)
(0.191625 0.465375 0.045625)
(0.209875 0.465375 0.045625)
(0.228125 0.465375 0.045625)
(0.246375 0.465375 0.045625)
(0.264625 0.465375 0.045625)
(0.282875 0.465375 0.045625)
(0.301125 0.465375 0.045625)
(0.319375 0.465375 0.045625)
(0.337625 0.465375 0.045625)
(0.355875 0.465375 0.045625)
(0.374125 0.465375 0.045625)
(0.392375 0.465375 0.045625)
(0.410625 0.465375 0.045625)
(0.428875 0.465375 0.045625)
(0.447125 0.465375 0.045625)
(0.465375 0.465375 0.045625)
(0.483625 0.465375 0.045625)
(0.501875 0.465375 0.045625)
(0.520125 0.465375 0.045625)
(0.538375 0.465375 0.045625)
(0.556625 0.465375 0.045625)
(0.574875 0.465375 0.045625)
(0.009125 0.483625 0.045625)
(0.027375 0.483625 0.045625)
(0.045625 0.483625 0.045625)
(0.063875 0.483625 0.045625)
(0.082125 0.483625 0.045625)
(0.100375 0.483625 0.045625)
(0.118625 0.483625 0.045625)
(0.136875 0.483625 0.045625)
(0.155125 0.483625 0.045625)
(0.173375 0.483625 0.045625)
(0.191625 0.483625 0.045625)
(0.209875 0.483625 0.045625)
(0.228125 0.483625 0.045625)
(0.246375 0.483625 0.045625)
(0.264625 0.483625 0.045625)
(0.282875 0.483625 0.045625)
(0.301125 0.483625 0.045625)
(0.319375 0.483625 0.045625)
(0.337625 0.483625 0.045625)
(0.355875 0.483625 0.045625)
(0.374125 0.483625 0.045625)
(0.392375 0.483625 0.045625)
(0.410625 0.483625 0.045625)
(0.428875 0.483625 0.045625)
(0.447125 0.483625 0.045625)
(0.465375 0.483625 0.045625)
(0.483625 0.483625 0.045625)
(0.501875 0.483625 0.045625)
(0.520125 0.483625 0.045625)
(0.538375 0.483625 0.045625)
(0.556625 0.483625 0.045625)
(0.574875 0.483625 0.045625)
(0.009125 0.501875 0.045625)
(0.027375 0.501875 0.045625)
(0.045625 0.501875 0.045625)
(0.063875 0.501875 0.045625)
(0.082125 0.501875 0.045625)
(0.100375 0.501875 0.045625)
(0.118625 0.501875 0.045625)
(0.136875 0.501875 0.045625)
(0.155125 0.501875 0.045625)
(0.173375 0.501875 0.045625)
(0.191625 0.501875 0.045625)
(0.209875 0.501875 0.045625)
(0.228125 0.501875 0.045625)
(0.246375 0.501875 0.045625)
(0.264625 0.501875 0.045625)
(0.282875 0.501875 0.045625)
(0.301125 0.501875 0.045625)
(0.319375 0.501875 0.045625)
(0.337625 0.501875 0.045625)
(0.355875 0.501875 0.045625)
(0.374125 0.501875 0.045625)
(0.392375 0.501875 0.045625)
(0.410625 0.501875 0.045625)
(0.428875 0.501875 0.045625)
(0.447125 0.501875 0.045625)
(0.465375 0.501875 0.045625)
(0.483625 0.501875 0.045625)
(0.501875 0.501875 0.045625)
(0.520125 0.501875 0.045625)
(0.538375 0.501875 0.045625)
(0.556625 0.501875 0.045625)
(0.574875 0.501875 0.045625)
(0.009125 0.520125 0.045625)
(0.027375 0.520125 0.045625)
(0.045625 0.520125 0.045625)
(0.063875 0.520125 0.045625)
(0.082125 0.520125 0.045625)
(0.100375 0.520125 0.045625)
(0.118625 0.520125 0.045625)
(0.136875 0.520125 0.045625)
(0.155125 0.520125 0.045625)
(0.173375 0.520125 0.045625)
(0.191625 0.520125 0.045625)
(0.209875 0.520125 0.045625)
(0.228125 0.520125 0.045625)
(0.246375 0.520125 0.045625)
(0.264625 0.520125 0.045625)
(0.282875 0.520125 0.045625)
(0.301125 0.520125 0.045625)
(0.319375 0.520125 0.045625)
(0.337625 0.520125 0.045625)
(0.355875 0.520125 0.045625)
(0.374125 0.520125 0.045625)
(0.392375 0.520125 0.045625)
(0.410625 0.520125 0.045625)
(0.428875 0.520125 0.045625)
(0.447125 0.520125 0.045625)
(0.465375 0.520125 0.045625)
(0.483625 0.520125 0.045625)
(0.501875 0.520125 0.045625)
(0.520125 0.520125 0.045625)
(0.538375 0.520125 0.045625)
(0.556625 0.520125 0.045625)
(0.574875 0.520125 0.045625)
(0.009125 0.538375 0.045625)
(0.027375 0.538375 0.045625)
(0.045625 0.538375 0.045625)
(0.063875 0.538375 0.045625)
(0.082125 0.538375 0.045625)
(0.100375 0.538375 0.045625)
(0.118625 0.538375 0.045625)
(0.136875 0.538375 0.045625)
(0.155125 0.538375 0.045625)
(0.173375 0.538375 0.045625)
(0.191625 0.538375 0.045625)
(0.209875 0.538375 0.045625)
(0.228125 0.538375 0.045625)
(0.246375 0.538375 0.045625)
(0.264625 0.538375 0.045625)
(0.282875 0.538375 0.045625)
(0.301125 0.538375 0.045625)
(0.319375 0.538375 0.045625)
(0.337625 0.538375 0.045625)
(0.355875 0.538375 0.045625)
(0.374125 0.538375 0.045625)
(0.392375 0.538375 0.045625)
(0.410625 0.538375 0.045625)
(0.428875 0.538375 0.045625)
(0.447125 0.538375 0.045625)
(0.465375 0.538375 0.045625)
(0.483625 0.538375 0.045625)
(0.501875 0.538375 0.045625)
(0.520125 0.538375 0.045625)
(0.538375 0.538375 0.045625)
(0.556625 0.538375 0.045625)
(0.574875 0.538375 0.045625)
(0.009125 0.556625 0.045625)
(0.027375 0.556625 0.045625)
(0.045625 0.556625 0.045625)
(0.063875 0.556625 0.045625)
(0.082125 0.556625 0.045625)
(0.100375 0.556625 0.045625)
(0.118625 0.556625 0.045625)
(0.136875 0.556625 0.045625)
(0.155125 0.556625 0.045625)
(0.173375 0.556625 0.045625)
(0.191625 0.556625 0.045625)
(0.209875 0.556625 0.045625)
(0.228125 0.556625 0.045625)
(0.246375 0.556625 0.045625)
(0.264625 0.556625 0.045625)
(0.282875 0.556625 0.045625)
(0.301125 0.556625 0.045625)
(0.319375 0.556625 0.045625)
(0.337625 0.556625 0.045625)
(0.355875 0.556625 0.045625)
(0.374125 0.556625 0.045625)
(0.392375 0.556625 0.045625)
(0.410625 0.556625 0.045625)
(0.428875 0.556625 0.045625)
(0.447125 0.556625 0.045625)
(0.465375 0.556625 0.045625)
(0.483625 0.556625 0.045625)
(0.501875 0.556625 0.045625)
(0.520125 0.556625 0.045625)
(0.538375 0.556625 0.045625)
(0.556625 0.556625 0.045625)
(0.574875 0.556625 0.045625)
(0.009125 0.574875 0.045625)
(0.027375 0.574875 0.045625)
(0.045625 0.574875 0.045625)
(0.063875 0.574875 0.045625)
(0.082125 0.574875 0.045625)
(0.100375 0.574875 0.045625)
(0.118625 0.574875 0.045625)
(0.136875 0.574875 0.045625)
(0.155125 0.574875 0.045625)
(0.173375 0.574875 0.045625)
(0.191625 0.574875 0.045625)
(0.209875 0.574875 0.045625)
(0.228125 0.574875 0.045625)
(0.246375 0.574875 0.045625)
(0.264625 0.574875 0.045625)
(0.282875 0.574875 0.045625)
(0.301125 0.574875 0.045625)
(0.319375 0.574875 0.045625)
(0.337625 0.574875 0.045625)
(0.355875 0.574875 0.045625)
(0.374125 0.574875 0.045625)
(0.392375 0.574875 0.045625)
(0.410625 0.574875 0.045625)
(0.428875 0.574875 0.045625)
(0.447125 0.574875 0.045625)
(0.465375 0.574875 0.045625)
(0.483625 0.574875 0.045625)
(0.501875 0.574875 0.045625)
(0.520125 0.574875 0.045625)
(0.538375 0.574875 0.045625)
(0.556625 0.574875 0.045625)
(0.574875 0.574875 0.045625)
(0.009125 0.009125 0.063875)
(0.027375 0.009125 0.063875)
(0.045625 0.009125 0.063875)
(0.063875 0.009125 0.063875)
(0.082125 0.009125 0.063875)
(0.100375 0.009125 0.063875)
(0.118625 0.009125 0.063875)
(0.136875 0.009125 0.063875)
(0.155125 0.009125 0.063875)
(0.173375 0.009125 0.063875)
(0.191625 0.009125 0.063875)
(0.209875 0.009125 0.063875)
(0.228125 0.009125 0.063875)
(0.246375 0.009125 0.063875)
(0.264625 0.009125 0.063875)
(0.282875 0.009125 0.063875)
(0.301125 0.009125 0.063875)
(0.319375 0.009125 0.063875)
(0.337625 0.009125 0.063875)
(0.355875 0.009125 0.063875)
(0.374125 0.009125 0.063875)
(0.392375 0.009125 0.063875)
(0.410625 0.009125 0.063875)
(0.428875 0.009125 0.063875)
(0.447125 0.009125 0.063875)
(0.465375 0.009125 0.063875)
(0.483625 0.009125 0.063875)
(0.501875 0.009125 0.063875)
(0.520125 0.009125 0.063875)
(0.538375 0.009125 0.063875)
(0.556625 0.009125 0.063875)
(0.574875 0.009125 0.063875)
(0.009125 0.027375 0.063875)
(0.027375 0.027375 0.063875)
(0.045625 0.027375 0.063875)
(0.063875 0.027375 0.063875)
(0.082125 0.027375 0.063875)
(0.100375 0.027375 0.063875)
(0.118625 0.027375 0.063875)
(0.136875 0.027375 0.063875)
(0.155125 0.027375 0.063875)
(0.173375 0.027375 0.063875)
(0.191625 0.027375 0.063875)
(0.209875 0.027375 0.063875)
(0.228125 0.027375 0.063875)
(0.246375 0.027375 0.063875)
(0.264625 0.027375 0.063875)
(0.282875 0.027375 0.063875)
(0.301125 0.027375 0.063875)
(0.319375 0.027375 0.063875)
(0.337625 0.027375 0.063875)
(0.355875 0.027375 0.063875)
(0.374125 0.027375 0.063875)
(0.392375 0.027375 0.063875)
(0.410625 0.027375 0.063875)
(0.428875 0.027375 0.063875)
(0.447125 0.027375 0.063875)
(0.465375 0.027375 0.063875)
(0.483625 0.027375 0.063875)
(0.501875 0.027375 0.063875)
(0.520125 0.027375 0.063875)
(0.538375 0.027375 0.063875)
(0.556625 0.027375 0.063875)
(0.574875 0.027375 0.063875)
(0.009125 0.045625 0.063875)
(0.027375 0.045625 0.063875)
(0.045625 0.045625 0.063875)
(0.063875 0.045625 0.063875)
(0.082125 0.045625 0.063875)
(0.100375 0.045625 0.063875)
(0.118625 0.045625 0.063875)
(0.136875 0.045625 0.063875)
(0.155125 0.045625 0.063875)
(0.173375 0.045625 0.063875)
(0.191625 0.045625 0.063875)
(0.209875 0.045625 0.063875)
(0.228125 0.045625 0.063875)
(0.246375 0.045625 0.063875)
(0.264625 0.045625 0.063875)
(0.282875 0.045625 0.063875)
(0.301125 0.045625 0.063875)
(0.319375 0.045625 0.063875)
(0.337625 0.045625 0.063875)
(0.355875 0.045625 0.063875)
(0.374125 0.045625 0.063875)
(0.392375 0.045625 0.063875)
(0.410625 0.045625 0.063875)
(0.428875 0.045625 0.063875)
(0.447125 0.045625 0.063875)
(0.465375 0.045625 0.063875)
(0.483625 0.045625 0.063875)
(0.501875 0.045625 0.063875)
(0.520125 0.045625 0.063875)
(0.538375 0.045625 0.063875)
(0.556625 0.045625 0.063875)
(0.574875 0.045625 0.063875)
(0.009125 0.063875 0.063875)
(0.027375 0.063875 0.063875)
(0.045625 0.063875 0.063875)
(0.063875 0.063875 0.063875)
(0.082125 0.063875 0.063875)
(0.100375 0.063875 0.063875)
(0.118625 0.063875 0.063875)
(0.136875 0.063875 0.063875)
(0.155125 0.063875 0.063875)
(0.173375 0.063875 0.063875)
(0.191625 0.063875 0.063875)
(0.209875 0.063875 0.063875)
(0.228125 0.063875 0.063875)
(0.246375 0.063875 0.063875)
(0.264625 0.063875 0.063875)
(0.282875 0.063875 0.063875)
(0.301125 0.063875 0.063875)
(0.319375 0.063875 0.063875)
(0.337625 0.063875 0.063875)
(0.355875 0.063875 0.063875)
(0.374125 0.063875 0.063875)
(0.392375 0.063875 0.063875)
(0.410625 0.063875 0.063875)
(0.428875 0.063875 0.063875)
(0.447125 0.063875 0.063875)
(0.465375 0.063875 0.063875)
(0.483625 0.063875 0.063875)
(0.501875 0.063875 0.063875)
(0.520125 0.063875 0.063875)
(0.538375 0.063875 0.063875)
(0.556625 0.063875 0.063875)
(0.574875 0.063875 0.063875)
(0.009125 0.082125 0.063875)
(0.027375 0.082125 0.063875)
(0.045625 0.082125 0.063875)
(0.063875 0.082125 0.063875)
(0.082125 0.082125 0.063875)
(0.100375 0.082125 0.063875)
(0.118625 0.082125 0.063875)
(0.136875 0.082125 0.063875)
(0.155125 0.082125 0.063875)
(0.173375 0.082125 0.063875)
(0.191625 0.082125 0.063875)
(0.209875 0.082125 0.063875)
(0.228125 0.082125 0.063875)
(0.246375 0.082125 0.063875)
(0.264625 0.082125 0.063875)
(0.282875 0.082125 0.063875)
(0.301125 0.082125 0.063875)
(0.319375 0.082125 0.063875)
(0.337625 0.082125 0.063875)
(0.355875 0.082125 0.063875)
(0.374125 0.082125 0.063875)
(0.392375 0.082125 0.063875)
(0.410625 0.082125 0.063875)
(0.428875 0.082125 0.063875)
(0.447125 0.082125 0.063875)
(0.465375 0.082125 0.063875)
(0.483625 0.082125 0.063875)
(0.501875 0.082125 0.063875)
(0.520125 0.082125 0.063875)
(0.538375 0.082125 0.063875)
(0.556625 0.082125 0.063875)
(0.574875 0.082125 0.063875)
(0.009125 0.100375 0.063875)
(0.027375 0.100375 0.063875)
(0.045625 0.100375 0.063875)
(0.063875 0.100375 0.063875)
(0.082125 0.100375 0.063875)
(0.100375 0.100375 0.063875)
(0.118625 0.100375 0.063875)
(0.136875 0.100375 0.063875)
(0.155125 0.100375 0.063875)
(0.173375 0.100375 0.063875)
(0.191625 0.100375 0.063875)
(0.209875 0.100375 0.063875)
(0.228125 0.100375 0.063875)
(0.246375 0.100375 0.063875)
(0.264625 0.100375 0.063875)
(0.282875 0.100375 0.063875)
(0.301125 0.100375 0.063875)
(0.319375 0.100375 0.063875)
(0.337625 0.100375 0.063875)
(0.355875 0.100375 0.063875)
(0.374125 0.100375 0.063875)
(0.392375 0.100375 0.063875)
(0.410625 0.100375 0.063875)
(0.428875 0.100375 0.063875)
(0.447125 0.100375 0.063875)
(0.465375 0.100375 0.063875)
(0.483625 0.100375 0.063875)
(0.501875 0.100375 0.063875)
(0.520125 0.100375 0.063875)
(0.538375 0.100375 0.063875)
(0.556625 0.100375 0.063875)
(0.574875 0.100375 0.063875)
(0.009125 0.118625 0.063875)
(0.027375 0.118625 0.063875)
(0.045625 0.118625 0.063875)
(0.063875 0.118625 0.063875)
(0.082125 0.118625 0.063875)
(0.100375 0.118625 0.063875)
(0.118625 0.118625 0.063875)
(0.136875 0.118625 0.063875)
(0.155125 0.118625 0.063875)
(0.173375 0.118625 0.063875)
(0.191625 0.118625 0.063875)
(0.209875 0.118625 0.063875)
(0.228125 0.118625 0.063875)
(0.246375 0.118625 0.063875)
(0.264625 0.118625 0.063875)
(0.282875 0.118625 0.063875)
(0.301125 0.118625 0.063875)
(0.319375 0.118625 0.063875)
(0.337625 0.118625 0.063875)
(0.355875 0.118625 0.063875)
(0.374125 0.118625 0.063875)
(0.392375 0.118625 0.063875)
(0.410625 0.118625 0.063875)
(0.428875 0.118625 0.063875)
(0.447125 0.118625 0.063875)
(0.465375 0.118625 0.063875)
(0.483625 0.118625 0.063875)
(0.501875 0.118625 0.063875)
(0.520125 0.118625 0.063875)
(0.538375 0.118625 0.063875)
(0.556625 0.118625 0.063875)
(0.574875 0.118625 0.063875)
(0.009125 0.136875 0.063875)
(0.027375 0.136875 0.063875)
(0.045625 0.136875 0.063875)
(0.063875 0.136875 0.063875)
(0.082125 0.136875 0.063875)
(0.100375 0.136875 0.063875)
(0.118625 0.136875 0.063875)
(0.136875 0.136875 0.063875)
(0.155125 0.136875 0.063875)
(0.173375 0.136875 0.063875)
(0.191625 0.136875 0.063875)
(0.209875 0.136875 0.063875)
(0.228125 0.136875 0.063875)
(0.246375 0.136875 0.063875)
(0.264625 0.136875 0.063875)
(0.282875 0.136875 0.063875)
(0.301125 0.136875 0.063875)
(0.319375 0.136875 0.063875)
(0.337625 0.136875 0.063875)
(0.355875 0.136875 0.063875)
(0.374125 0.136875 0.063875)
(0.392375 0.136875 0.063875)
(0.410625 0.136875 0.063875)
(0.428875 0.136875 0.063875)
(0.447125 0.136875 0.063875)
(0.465375 0.136875 0.063875)
(0.483625 0.136875 0.063875)
(0.501875 0.136875 0.063875)
(0.520125 0.136875 0.063875)
(0.538375 0.136875 0.063875)
(0.556625 0.136875 0.063875)
(0.574875 0.136875 0.063875)
(0.009125 0.155125 0.063875)
(0.027375 0.155125 0.063875)
(0.045625 0.155125 0.063875)
(0.063875 0.155125 0.063875)
(0.082125 0.155125 0.063875)
(0.100375 0.155125 0.063875)
(0.118625 0.155125 0.063875)
(0.136875 0.155125 0.063875)
(0.155125 0.155125 0.063875)
(0.173375 0.155125 0.063875)
(0.191625 0.155125 0.063875)
(0.209875 0.155125 0.063875)
(0.228125 0.155125 0.063875)
(0.246375 0.155125 0.063875)
(0.264625 0.155125 0.063875)
(0.282875 0.155125 0.063875)
(0.301125 0.155125 0.063875)
(0.319375 0.155125 0.063875)
(0.337625 0.155125 0.063875)
(0.355875 0.155125 0.063875)
(0.374125 0.155125 0.063875)
(0.392375 0.155125 0.063875)
(0.410625 0.155125 0.063875)
(0.428875 0.155125 0.063875)
(0.447125 0.155125 0.063875)
(0.465375 0.155125 0.063875)
(0.483625 0.155125 0.063875)
(0.501875 0.155125 0.063875)
(0.520125 0.155125 0.063875)
(0.538375 0.155125 0.063875)
(0.556625 0.155125 0.063875)
(0.574875 0.155125 0.063875)
(0.009125 0.173375 0.063875)
(0.027375 0.173375 0.063875)
(0.045625 0.173375 0.063875)
(0.063875 0.173375 0.063875)
(0.082125 0.173375 0.063875)
(0.100375 0.173375 0.063875)
(0.118625 0.173375 0.063875)
(0.136875 0.173375 0.063875)
(0.155125 0.173375 0.063875)
(0.173375 0.173375 0.063875)
(0.191625 0.173375 0.063875)
(0.209875 0.173375 0.063875)
(0.228125 0.173375 0.063875)
(0.246375 0.173375 0.063875)
(0.264625 0.173375 0.063875)
(0.282875 0.173375 0.063875)
(0.301125 0.173375 0.063875)
(0.319375 0.173375 0.063875)
(0.337625 0.173375 0.063875)
(0.355875 0.173375 0.063875)
(0.374125 0.173375 0.063875)
(0.392375 0.173375 0.063875)
(0.410625 0.173375 0.063875)
(0.428875 0.173375 0.063875)
(0.447125 0.173375 0.063875)
(0.465375 0.173375 0.063875)
(0.483625 0.173375 0.063875)
(0.501875 0.173375 0.063875)
(0.520125 0.173375 0.063875)
(0.538375 0.173375 0.063875)
(0.556625 0.173375 0.063875)
(0.574875 0.173375 0.063875)
(0.009125 0.191625 0.063875)
(0.027375 0.191625 0.063875)
(0.045625 0.191625 0.063875)
(0.063875 0.191625 0.063875)
(0.082125 0.191625 0.063875)
(0.100375 0.191625 0.063875)
(0.118625 0.191625 0.063875)
(0.136875 0.191625 0.063875)
(0.155125 0.191625 0.063875)
(0.173375 0.191625 0.063875)
(0.191625 0.191625 0.063875)
(0.209875 0.191625 0.063875)
(0.228125 0.191625 0.063875)
(0.246375 0.191625 0.063875)
(0.264625 0.191625 0.063875)
(0.282875 0.191625 0.063875)
(0.301125 0.191625 0.063875)
(0.319375 0.191625 0.063875)
(0.337625 0.191625 0.063875)
(0.355875 0.191625 0.063875)
(0.374125 0.191625 0.063875)
(0.392375 0.191625 0.063875)
(0.410625 0.191625 0.063875)
(0.428875 0.191625 0.063875)
(0.447125 0.191625 0.063875)
(0.465375 0.191625 0.063875)
(0.483625 0.191625 0.063875)
(0.501875 0.191625 0.063875)
(0.520125 0.191625 0.063875)
(0.538375 0.191625 0.063875)
(0.556625 0.191625 0.063875)
(0.574875 0.191625 0.063875)
(0.009125 0.209875 0.063875)
(0.027375 0.209875 0.063875)
(0.045625 0.209875 0.063875)
(0.063875 0.209875 0.063875)
(0.082125 0.209875 0.063875)
(0.100375 0.209875 0.063875)
(0.118625 0.209875 0.063875)
(0.136875 0.209875 0.063875)
(0.155125 0.209875 0.063875)
(0.173375 0.209875 0.063875)
(0.191625 0.209875 0.063875)
(0.209875 0.209875 0.063875)
(0.228125 0.209875 0.063875)
(0.246375 0.209875 0.063875)
(0.264625 0.209875 0.063875)
(0.282875 0.209875 0.063875)
(0.301125 0.209875 0.063875)
(0.319375 0.209875 0.063875)
(0.337625 0.209875 0.063875)
(0.355875 0.209875 0.063875)
(0.374125 0.209875 0.063875)
(0.392375 0.209875 0.063875)
(0.410625 0.209875 0.063875)
(0.428875 0.209875 0.063875)
(0.447125 0.209875 0.063875)
(0.465375 0.209875 0.063875)
(0.483625 0.209875 0.063875)
(0.501875 0.209875 0.063875)
(0.520125 0.209875 0.063875)
(0.538375 0.209875 0.063875)
(0.556625 0.209875 0.063875)
(0.574875 0.209875 0.063875)
(0.009125 0.228125 0.063875)
(0.027375 0.228125 0.063875)
(0.045625 0.228125 0.063875)
(0.063875 0.228125 0.063875)
(0.082125 0.228125 0.063875)
(0.100375 0.228125 0.063875)
(0.118625 0.228125 0.063875)
(0.136875 0.228125 0.063875)
(0.155125 0.228125 0.063875)
(0.173375 0.228125 0.063875)
(0.191625 0.228125 0.063875)
(0.209875 0.228125 0.063875)
(0.228125 0.228125 0.063875)
(0.246375 0.228125 0.063875)
(0.264625 0.228125 0.063875)
(0.282875 0.228125 0.063875)
(0.301125 0.228125 0.063875)
(0.319375 0.228125 0.063875)
(0.337625 0.228125 0.063875)
(0.355875 0.228125 0.063875)
(0.374125 0.228125 0.063875)
(0.392375 0.228125 0.063875)
(0.410625 0.228125 0.063875)
(0.428875 0.228125 0.063875)
(0.447125 0.228125 0.063875)
(0.465375 0.228125 0.063875)
(0.483625 0.228125 0.063875)
(0.501875 0.228125 0.063875)
(0.520125 0.228125 0.063875)
(0.538375 0.228125 0.063875)
(0.556625 0.228125 0.063875)
(0.574875 0.228125 0.063875)
(0.009125 0.246375 0.063875)
(0.027375 0.246375 0.063875)
(0.045625 0.246375 0.063875)
(0.063875 0.246375 0.063875)
(0.082125 0.246375 0.063875)
(0.100375 0.246375 0.063875)
(0.118625 0.246375 0.063875)
(0.136875 0.246375 0.063875)
(0.155125 0.246375 0.063875)
(0.173375 0.246375 0.063875)
(0.191625 0.246375 0.063875)
(0.209875 0.246375 0.063875)
(0.228125 0.246375 0.063875)
(0.246375 0.246375 0.063875)
(0.264625 0.246375 0.063875)
(0.282875 0.246375 0.063875)
(0.301125 0.246375 0.063875)
(0.319375 0.246375 0.063875)
(0.337625 0.246375 0.063875)
(0.355875 0.246375 0.063875)
(0.374125 0.246375 0.063875)
(0.392375 0.246375 0.063875)
(0.410625 0.246375 0.063875)
(0.428875 0.246375 0.063875)
(0.447125 0.246375 0.063875)
(0.465375 0.246375 0.063875)
(0.483625 0.246375 0.063875)
(0.501875 0.246375 0.063875)
(0.520125 0.246375 0.063875)
(0.538375 0.246375 0.063875)
(0.556625 0.246375 0.063875)
(0.574875 0.246375 0.063875)
(0.009125 0.264625 0.063875)
(0.027375 0.264625 0.063875)
(0.045625 0.264625 0.063875)
(0.063875 0.264625 0.063875)
(0.082125 0.264625 0.063875)
(0.100375 0.264625 0.063875)
(0.118625 0.264625 0.063875)
(0.136875 0.264625 0.063875)
(0.155125 0.264625 0.063875)
(0.173375 0.264625 0.063875)
(0.191625 0.264625 0.063875)
(0.209875 0.264625 0.063875)
(0.228125 0.264625 0.063875)
(0.246375 0.264625 0.063875)
(0.264625 0.264625 0.063875)
(0.282875 0.264625 0.063875)
(0.301125 0.264625 0.063875)
(0.319375 0.264625 0.063875)
(0.337625 0.264625 0.063875)
(0.355875 0.264625 0.063875)
(0.374125 0.264625 0.063875)
(0.392375 0.264625 0.063875)
(0.410625 0.264625 0.063875)
(0.428875 0.264625 0.063875)
(0.447125 0.264625 0.063875)
(0.465375 0.264625 0.063875)
(0.483625 0.264625 0.063875)
(0.501875 0.264625 0.063875)
(0.520125 0.264625 0.063875)
(0.538375 0.264625 0.063875)
(0.556625 0.264625 0.063875)
(0.574875 0.264625 0.063875)
(0.009125 0.282875 0.063875)
(0.027375 0.282875 0.063875)
(0.045625 0.282875 0.063875)
(0.063875 0.282875 0.063875)
(0.082125 0.282875 0.063875)
(0.100375 0.282875 0.063875)
(0.118625 0.282875 0.063875)
(0.136875 0.282875 0.063875)
(0.155125 0.282875 0.063875)
(0.173375 0.282875 0.063875)
(0.191625 0.282875 0.063875)
(0.209875 0.282875 0.063875)
(0.228125 0.282875 0.063875)
(0.246375 0.282875 0.063875)
(0.264625 0.282875 0.063875)
(0.282875 0.282875 0.063875)
(0.301125 0.282875 0.063875)
(0.319375 0.282875 0.063875)
(0.337625 0.282875 0.063875)
(0.355875 0.282875 0.063875)
(0.374125 0.282875 0.063875)
(0.392375 0.282875 0.063875)
(0.410625 0.282875 0.063875)
(0.428875 0.282875 0.063875)
(0.447125 0.282875 0.063875)
(0.465375 0.282875 0.063875)
(0.483625 0.282875 0.063875)
(0.501875 0.282875 0.063875)
(0.520125 0.282875 0.063875)
(0.538375 0.282875 0.063875)
(0.556625 0.282875 0.063875)
(0.574875 0.282875 0.063875)
(0.009125 0.301125 0.063875)
(0.027375 0.301125 0.063875)
(0.045625 0.301125 0.063875)
(0.063875 0.301125 0.063875)
(0.082125 0.301125 0.063875)
(0.100375 0.301125 0.063875)
(0.118625 0.301125 0.063875)
(0.136875 0.301125 0.063875)
(0.155125 0.301125 0.063875)
(0.173375 0.301125 0.063875)
(0.191625 0.301125 0.063875)
(0.209875 0.301125 0.063875)
(0.228125 0.301125 0.063875)
(0.246375 0.301125 0.063875)
(0.264625 0.301125 0.063875)
(0.282875 0.301125 0.063875)
(0.301125 0.301125 0.063875)
(0.319375 0.301125 0.063875)
(0.337625 0.301125 0.063875)
(0.355875 0.301125 0.063875)
(0.374125 0.301125 0.063875)
(0.392375 0.301125 0.063875)
(0.410625 0.301125 0.063875)
(0.428875 0.301125 0.063875)
(0.447125 0.301125 0.063875)
(0.465375 0.301125 0.063875)
(0.483625 0.301125 0.063875)
(0.501875 0.301125 0.063875)
(0.520125 0.301125 0.063875)
(0.538375 0.301125 0.063875)
(0.556625 0.301125 0.063875)
(0.574875 0.301125 0.063875)
(0.009125 0.319375 0.063875)
(0.027375 0.319375 0.063875)
(0.045625 0.319375 0.063875)
(0.063875 0.319375 0.063875)
(0.082125 0.319375 0.063875)
(0.100375 0.319375 0.063875)
(0.118625 0.319375 0.063875)
(0.136875 0.319375 0.063875)
(0.155125 0.319375 0.063875)
(0.173375 0.319375 0.063875)
(0.191625 0.319375 0.063875)
(0.209875 0.319375 0.063875)
(0.228125 0.319375 0.063875)
(0.246375 0.319375 0.063875)
(0.264625 0.319375 0.063875)
(0.282875 0.319375 0.063875)
(0.301125 0.319375 0.063875)
(0.319375 0.319375 0.063875)
(0.337625 0.319375 0.063875)
(0.355875 0.319375 0.063875)
(0.374125 0.319375 0.063875)
(0.392375 0.319375 0.063875)
(0.410625 0.319375 0.063875)
(0.428875 0.319375 0.063875)
(0.447125 0.319375 0.063875)
(0.465375 0.319375 0.063875)
(0.483625 0.319375 0.063875)
(0.501875 0.319375 0.063875)
(0.520125 0.319375 0.063875)
(0.538375 0.319375 0.063875)
(0.556625 0.319375 0.063875)
(0.574875 0.319375 0.063875)
(0.009125 0.337625 0.063875)
(0.027375 0.337625 0.063875)
(0.045625 0.337625 0.063875)
(0.063875 0.337625 0.063875)
(0.082125 0.337625 0.063875)
(0.100375 0.337625 0.063875)
(0.118625 0.337625 0.063875)
(0.136875 0.337625 0.063875)
(0.155125 0.337625 0.063875)
(0.173375 0.337625 0.063875)
(0.191625 0.337625 0.063875)
(0.209875 0.337625 0.063875)
(0.228125 0.337625 0.063875)
(0.246375 0.337625 0.063875)
(0.264625 0.337625 0.063875)
(0.282875 0.337625 0.063875)
(0.301125 0.337625 0.063875)
(0.319375 0.337625 0.063875)
(0.337625 0.337625 0.063875)
(0.355875 0.337625 0.063875)
(0.374125 0.337625 0.063875)
(0.392375 0.337625 0.063875)
(0.410625 0.337625 0.063875)
(0.428875 0.337625 0.063875)
(0.447125 0.337625 0.063875)
(0.465375 0.337625 0.063875)
(0.483625 0.337625 0.063875)
(0.501875 0.337625 0.063875)
(0.520125 0.337625 0.063875)
(0.538375 0.337625 0.063875)
(0.556625 0.337625 0.063875)
(0.574875 0.337625 0.063875)
(0.009125 0.355875 0.063875)
(0.027375 0.355875 0.063875)
(0.045625 0.355875 0.063875)
(0.063875 0.355875 0.063875)
(0.082125 0.355875 0.063875)
(0.100375 0.355875 0.063875)
(0.118625 0.355875 0.063875)
(0.136875 0.355875 0.063875)
(0.155125 0.355875 0.063875)
(0.173375 0.355875 0.063875)
(0.191625 0.355875 0.063875)
(0.209875 0.355875 0.063875)
(0.228125 0.355875 0.063875)
(0.246375 0.355875 0.063875)
(0.264625 0.355875 0.063875)
(0.282875 0.355875 0.063875)
(0.301125 0.355875 0.063875)
(0.319375 0.355875 0.063875)
(0.337625 0.355875 0.063875)
(0.355875 0.355875 0.063875)
(0.374125 0.355875 0.063875)
(0.392375 0.355875 0.063875)
(0.410625 0.355875 0.063875)
(0.428875 0.355875 0.063875)
(0.447125 0.355875 0.063875)
(0.465375 0.355875 0.063875)
(0.483625 0.355875 0.063875)
(0.501875 0.355875 0.063875)
(0.520125 0.355875 0.063875)
(0.538375 0.355875 0.063875)
(0.556625 0.355875 0.063875)
(0.574875 0.355875 0.063875)
(0.009125 0.374125 0.063875)
(0.027375 0.374125 0.063875)
(0.045625 0.374125 0.063875)
(0.063875 0.374125 0.063875)
(0.082125 0.374125 0.063875)
(0.100375 0.374125 0.063875)
(0.118625 0.374125 0.063875)
(0.136875 0.374125 0.063875)
(0.155125 0.374125 0.063875)
(0.173375 0.374125 0.063875)
(0.191625 0.374125 0.063875)
(0.209875 0.374125 0.063875)
(0.228125 0.374125 0.063875)
(0.246375 0.374125 0.063875)
(0.264625 0.374125 0.063875)
(0.282875 0.374125 0.063875)
(0.301125 0.374125 0.063875)
(0.319375 0.374125 0.063875)
(0.337625 0.374125 0.063875)
(0.355875 0.374125 0.063875)
(0.374125 0.374125 0.063875)
(0.392375 0.374125 0.063875)
(0.410625 0.374125 0.063875)
(0.428875 0.374125 0.063875)
(0.447125 0.374125 0.063875)
(0.465375 0.374125 0.063875)
(0.483625 0.374125 0.063875)
(0.501875 0.374125 0.063875)
(0.520125 0.374125 0.063875)
(0.538375 0.374125 0.063875)
(0.556625 0.374125 0.063875)
(0.574875 0.374125 0.063875)
(0.009125 0.392375 0.063875)
(0.027375 0.392375 0.063875)
(0.045625 0.392375 0.063875)
(0.063875 0.392375 0.063875)
(0.082125 0.392375 0.063875)
(0.100375 0.392375 0.063875)
(0.118625 0.392375 0.063875)
(0.136875 0.392375 0.063875)
(0.155125 0.392375 0.063875)
(0.173375 0.392375 0.063875)
(0.191625 0.392375 0.063875)
(0.209875 0.392375 0.063875)
(0.228125 0.392375 0.063875)
(0.246375 0.392375 0.063875)
(0.264625 0.392375 0.063875)
(0.282875 0.392375 0.063875)
(0.301125 0.392375 0.063875)
(0.319375 0.392375 0.063875)
(0.337625 0.392375 0.063875)
(0.355875 0.392375 0.063875)
(0.374125 0.392375 0.063875)
(0.392375 0.392375 0.063875)
(0.410625 0.392375 0.063875)
(0.428875 0.392375 0.063875)
(0.447125 0.392375 0.063875)
(0.465375 0.392375 0.063875)
(0.483625 0.392375 0.063875)
(0.501875 0.392375 0.063875)
(0.520125 0.392375 0.063875)
(0.538375 0.392375 0.063875)
(0.556625 0.392375 0.063875)
(0.574875 0.392375 0.063875)
(0.009125 0.410625 0.063875)
(0.027375 0.410625 0.063875)
(0.045625 0.410625 0.063875)
(0.063875 0.410625 0.063875)
(0.082125 0.410625 0.063875)
(0.100375 0.410625 0.063875)
(0.118625 0.410625 0.063875)
(0.136875 0.410625 0.063875)
(0.155125 0.410625 0.063875)
(0.173375 0.410625 0.063875)
(0.191625 0.410625 0.063875)
(0.209875 0.410625 0.063875)
(0.228125 0.410625 0.063875)
(0.246375 0.410625 0.063875)
(0.264625 0.410625 0.063875)
(0.282875 0.410625 0.063875)
(0.301125 0.410625 0.063875)
(0.319375 0.410625 0.063875)
(0.337625 0.410625 0.063875)
(0.355875 0.410625 0.063875)
(0.374125 0.410625 0.063875)
(0.392375 0.410625 0.063875)
(0.410625 0.410625 0.063875)
(0.428875 0.410625 0.063875)
(0.447125 0.410625 0.063875)
(0.465375 0.410625 0.063875)
(0.483625 0.410625 0.063875)
(0.501875 0.410625 0.063875)
(0.520125 0.410625 0.063875)
(0.538375 0.410625 0.063875)
(0.556625 0.410625 0.063875)
(0.574875 0.410625 0.063875)
(0.009125 0.428875 0.063875)
(0.027375 0.428875 0.063875)
(0.045625 0.428875 0.063875)
(0.063875 0.428875 0.063875)
(0.082125 0.428875 0.063875)
(0.100375 0.428875 0.063875)
(0.118625 0.428875 0.063875)
(0.136875 0.428875 0.063875)
(0.155125 0.428875 0.063875)
(0.173375 0.428875 0.063875)
(0.191625 0.428875 0.063875)
(0.209875 0.428875 0.063875)
(0.228125 0.428875 0.063875)
(0.246375 0.428875 0.063875)
(0.264625 0.428875 0.063875)
(0.282875 0.428875 0.063875)
(0.301125 0.428875 0.063875)
(0.319375 0.428875 0.063875)
(0.337625 0.428875 0.063875)
(0.355875 0.428875 0.063875)
(0.374125 0.428875 0.063875)
(0.392375 0.428875 0.063875)
(0.410625 0.428875 0.063875)
(0.428875 0.428875 0.063875)
(0.447125 0.428875 0.063875)
(0.465375 0.428875 0.063875)
(0.483625 0.428875 0.063875)
(0.501875 0.428875 0.063875)
(0.520125 0.428875 0.063875)
(0.538375 0.428875 0.063875)
(0.556625 0.428875 0.063875)
(0.574875 0.428875 0.063875)
(0.009125 0.447125 0.063875)
(0.027375 0.447125 0.063875)
(0.045625 0.447125 0.063875)
(0.063875 0.447125 0.063875)
(0.082125 0.447125 0.063875)
(0.100375 0.447125 0.063875)
(0.118625 0.447125 0.063875)
(0.136875 0.447125 0.063875)
(0.155125 0.447125 0.063875)
(0.173375 0.447125 0.063875)
(0.191625 0.447125 0.063875)
(0.209875 0.447125 0.063875)
(0.228125 0.447125 0.063875)
(0.246375 0.447125 0.063875)
(0.264625 0.447125 0.063875)
(0.282875 0.447125 0.063875)
(0.301125 0.447125 0.063875)
(0.319375 0.447125 0.063875)
(0.337625 0.447125 0.063875)
(0.355875 0.447125 0.063875)
(0.374125 0.447125 0.063875)
(0.392375 0.447125 0.063875)
(0.410625 0.447125 0.063875)
(0.428875 0.447125 0.063875)
(0.447125 0.447125 0.063875)
(0.465375 0.447125 0.063875)
(0.483625 0.447125 0.063875)
(0.501875 0.447125 0.063875)
(0.520125 0.447125 0.063875)
(0.538375 0.447125 0.063875)
(0.556625 0.447125 0.063875)
(0.574875 0.447125 0.063875)
(0.009125 0.465375 0.063875)
(0.027375 0.465375 0.063875)
(0.045625 0.465375 0.063875)
(0.063875 0.465375 0.063875)
(0.082125 0.465375 0.063875)
(0.100375 0.465375 0.063875)
(0.118625 0.465375 0.063875)
(0.136875 0.465375 0.063875)
(0.155125 0.465375 0.063875)
(0.173375 0.465375 0.063875)
(0.191625 0.465375 0.063875)
(0.209875 0.465375 0.063875)
(0.228125 0.465375 0.063875)
(0.246375 0.465375 0.063875)
(0.264625 0.465375 0.063875)
(0.282875 0.465375 0.063875)
(0.301125 0.465375 0.063875)
(0.319375 0.465375 0.063875)
(0.337625 0.465375 0.063875)
(0.355875 0.465375 0.063875)
(0.374125 0.465375 0.063875)
(0.392375 0.465375 0.063875)
(0.410625 0.465375 0.063875)
(0.428875 0.465375 0.063875)
(0.447125 0.465375 0.063875)
(0.465375 0.465375 0.063875)
(0.483625 0.465375 0.063875)
(0.501875 0.465375 0.063875)
(0.520125 0.465375 0.063875)
(0.538375 0.465375 0.063875)
(0.556625 0.465375 0.063875)
(0.574875 0.465375 0.063875)
(0.009125 0.483625 0.063875)
(0.027375 0.483625 0.063875)
(0.045625 0.483625 0.063875)
(0.063875 0.483625 0.063875)
(0.082125 0.483625 0.063875)
(0.100375 0.483625 0.063875)
(0.118625 0.483625 0.063875)
(0.136875 0.483625 0.063875)
(0.155125 0.483625 0.063875)
(0.173375 0.483625 0.063875)
(0.191625 0.483625 0.063875)
(0.209875 0.483625 0.063875)
(0.228125 0.483625 0.063875)
(0.246375 0.483625 0.063875)
(0.264625 0.483625 0.063875)
(0.282875 0.483625 0.063875)
(0.301125 0.483625 0.063875)
(0.319375 0.483625 0.063875)
(0.337625 0.483625 0.063875)
(0.355875 0.483625 0.063875)
(0.374125 0.483625 0.063875)
(0.392375 0.483625 0.063875)
(0.410625 0.483625 0.063875)
(0.428875 0.483625 0.063875)
(0.447125 0.483625 0.063875)
(0.465375 0.483625 0.063875)
(0.483625 0.483625 0.063875)
(0.501875 0.483625 0.063875)
(0.520125 0.483625 0.063875)
(0.538375 0.483625 0.063875)
(0.556625 0.483625 0.063875)
(0.574875 0.483625 0.063875)
(0.009125 0.501875 0.063875)
(0.027375 0.501875 0.063875)
(0.045625 0.501875 0.063875)
(0.063875 0.501875 0.063875)
(0.082125 0.501875 0.063875)
(0.100375 0.501875 0.063875)
(0.118625 0.501875 0.063875)
(0.136875 0.501875 0.063875)
(0.155125 0.501875 0.063875)
(0.173375 0.501875 0.063875)
(0.191625 0.501875 0.063875)
(0.209875 0.501875 0.063875)
(0.228125 0.501875 0.063875)
(0.246375 0.501875 0.063875)
(0.264625 0.501875 0.063875)
(0.282875 0.501875 0.063875)
(0.301125 0.501875 0.063875)
(0.319375 0.501875 0.063875)
(0.337625 0.501875 0.063875)
(0.355875 0.501875 0.063875)
(0.374125 0.501875 0.063875)
(0.392375 0.501875 0.063875)
(0.410625 0.501875 0.063875)
(0.428875 0.501875 0.063875)
(0.447125 0.501875 0.063875)
(0.465375 0.501875 0.063875)
(0.483625 0.501875 0.063875)
(0.501875 0.501875 0.063875)
(0.520125 0.501875 0.063875)
(0.538375 0.501875 0.063875)
(0.556625 0.501875 0.063875)
(0.574875 0.501875 0.063875)
(0.009125 0.520125 0.063875)
(0.027375 0.520125 0.063875)
(0.045625 0.520125 0.063875)
(0.063875 0.520125 0.063875)
(0.082125 0.520125 0.063875)
(0.100375 0.520125 0.063875)
(0.118625 0.520125 0.063875)
(0.136875 0.520125 0.063875)
(0.155125 0.520125 0.063875)
(0.173375 0.520125 0.063875)
(0.191625 0.520125 0.063875)
(0.209875 0.520125 0.063875)
(0.228125 0.520125 0.063875)
(0.246375 0.520125 0.063875)
(0.264625 0.520125 0.063875)
(0.282875 0.520125 0.063875)
(0.301125 0.520125 0.063875)
(0.319375 0.520125 0.063875)
(0.337625 0.520125 0.063875)
(0.355875 0.520125 0.063875)
(0.374125 0.520125 0.063875)
(0.392375 0.520125 0.063875)
(0.410625 0.520125 0.063875)
(0.428875 0.520125 0.063875)
(0.447125 0.520125 0.063875)
(0.465375 0.520125 0.063875)
(0.483625 0.520125 0.063875)
(0.501875 0.520125 0.063875)
(0.520125 0.520125 0.063875)
(0.538375 0.520125 0.063875)
(0.556625 0.520125 0.063875)
(0.574875 0.520125 0.063875)
(0.009125 0.538375 0.063875)
(0.027375 0.538375 0.063875)
(0.045625 0.538375 0.063875)
(0.063875 0.538375 0.063875)
(0.082125 0.538375 0.063875)
(0.100375 0.538375 0.063875)
(0.118625 0.538375 0.063875)
(0.136875 0.538375 0.063875)
(0.155125 0.538375 0.063875)
(0.173375 0.538375 0.063875)
(0.191625 0.538375 0.063875)
(0.209875 0.538375 0.063875)
(0.228125 0.538375 0.063875)
(0.246375 0.538375 0.063875)
(0.264625 0.538375 0.063875)
(0.282875 0.538375 0.063875)
(0.301125 0.538375 0.063875)
(0.319375 0.538375 0.063875)
(0.337625 0.538375 0.063875)
(0.355875 0.538375 0.063875)
(0.374125 0.538375 0.063875)
(0.392375 0.538375 0.063875)
(0.410625 0.538375 0.063875)
(0.428875 0.538375 0.063875)
(0.447125 0.538375 0.063875)
(0.465375 0.538375 0.063875)
(0.483625 0.538375 0.063875)
(0.501875 0.538375 0.063875)
(0.520125 0.538375 0.063875)
(0.538375 0.538375 0.063875)
(0.556625 0.538375 0.063875)
(0.574875 0.538375 0.063875)
(0.009125 0.556625 0.063875)
(0.027375 0.556625 0.063875)
(0.045625 0.556625 0.063875)
(0.063875 0.556625 0.063875)
(0.082125 0.556625 0.063875)
(0.100375 0.556625 0.063875)
(0.118625 0.556625 0.063875)
(0.136875 0.556625 0.063875)
(0.155125 0.556625 0.063875)
(0.173375 0.556625 0.063875)
(0.191625 0.556625 0.063875)
(0.209875 0.556625 0.063875)
(0.228125 0.556625 0.063875)
(0.246375 0.556625 0.063875)
(0.264625 0.556625 0.063875)
(0.282875 0.556625 0.063875)
(0.301125 0.556625 0.063875)
(0.319375 0.556625 0.063875)
(0.337625 0.556625 0.063875)
(0.355875 0.556625 0.063875)
(0.374125 0.556625 0.063875)
(0.392375 0.556625 0.063875)
(0.410625 0.556625 0.063875)
(0.428875 0.556625 0.063875)
(0.447125 0.556625 0.063875)
(0.465375 0.556625 0.063875)
(0.483625 0.556625 0.063875)
(0.501875 0.556625 0.063875)
(0.520125 0.556625 0.063875)
(0.538375 0.556625 0.063875)
(0.556625 0.556625 0.063875)
(0.574875 0.556625 0.063875)
(0.009125 0.574875 0.063875)
(0.027375 0.574875 0.063875)
(0.045625 0.574875 0.063875)
(0.063875 0.574875 0.063875)
(0.082125 0.574875 0.063875)
(0.100375 0.574875 0.063875)
(0.118625 0.574875 0.063875)
(0.136875 0.574875 0.063875)
(0.155125 0.574875 0.063875)
(0.173375 0.574875 0.063875)
(0.191625 0.574875 0.063875)
(0.209875 0.574875 0.063875)
(0.228125 0.574875 0.063875)
(0.246375 0.574875 0.063875)
(0.264625 0.574875 0.063875)
(0.282875 0.574875 0.063875)
(0.301125 0.574875 0.063875)
(0.319375 0.574875 0.063875)
(0.337625 0.574875 0.063875)
(0.355875 0.574875 0.063875)
(0.374125 0.574875 0.063875)
(0.392375 0.574875 0.063875)
(0.410625 0.574875 0.063875)
(0.428875 0.574875 0.063875)
(0.447125 0.574875 0.063875)
(0.465375 0.574875 0.063875)
(0.483625 0.574875 0.063875)
(0.501875 0.574875 0.063875)
(0.520125 0.574875 0.063875)
(0.538375 0.574875 0.063875)
(0.556625 0.574875 0.063875)
(0.574875 0.574875 0.063875)
(0.009125 0.009125 0.082125)
(0.027375 0.009125 0.082125)
(0.045625 0.009125 0.082125)
(0.063875 0.009125 0.082125)
(0.082125 0.009125 0.082125)
(0.100375 0.009125 0.082125)
(0.118625 0.009125 0.082125)
(0.136875 0.009125 0.082125)
(0.155125 0.009125 0.082125)
(0.173375 0.009125 0.082125)
(0.191625 0.009125 0.082125)
(0.209875 0.009125 0.082125)
(0.228125 0.009125 0.082125)
(0.246375 0.009125 0.082125)
(0.264625 0.009125 0.082125)
(0.282875 0.009125 0.082125)
(0.301125 0.009125 0.082125)
(0.319375 0.009125 0.082125)
(0.337625 0.009125 0.082125)
(0.355875 0.009125 0.082125)
(0.374125 0.009125 0.082125)
(0.392375 0.009125 0.082125)
(0.410625 0.009125 0.082125)
(0.428875 0.009125 0.082125)
(0.447125 0.009125 0.082125)
(0.465375 0.009125 0.082125)
(0.483625 0.009125 0.082125)
(0.501875 0.009125 0.082125)
(0.520125 0.009125 0.082125)
(0.538375 0.009125 0.082125)
(0.556625 0.009125 0.082125)
(0.574875 0.009125 0.082125)
(0.009125 0.027375 0.082125)
(0.027375 0.027375 0.082125)
(0.045625 0.027375 0.082125)
(0.063875 0.027375 0.082125)
(0.082125 0.027375 0.082125)
(0.100375 0.027375 0.082125)
(0.118625 0.027375 0.082125)
(0.136875 0.027375 0.082125)
(0.155125 0.027375 0.082125)
(0.173375 0.027375 0.082125)
(0.191625 0.027375 0.082125)
(0.209875 0.027375 0.082125)
(0.228125 0.027375 0.082125)
(0.246375 0.027375 0.082125)
(0.264625 0.027375 0.082125)
(0.282875 0.027375 0.082125)
(0.301125 0.027375 0.082125)
(0.319375 0.027375 0.082125)
(0.337625 0.027375 0.082125)
(0.355875 0.027375 0.082125)
(0.374125 0.027375 0.082125)
(0.392375 0.027375 0.082125)
(0.410625 0.027375 0.082125)
(0.428875 0.027375 0.082125)
(0.447125 0.027375 0.082125)
(0.465375 0.027375 0.082125)
(0.483625 0.027375 0.082125)
(0.501875 0.027375 0.082125)
(0.520125 0.027375 0.082125)
(0.538375 0.027375 0.082125)
(0.556625 0.027375 0.082125)
(0.574875 0.027375 0.082125)
(0.009125 0.045625 0.082125)
(0.027375 0.045625 0.082125)
(0.045625 0.045625 0.082125)
(0.063875 0.045625 0.082125)
(0.082125 0.045625 0.082125)
(0.100375 0.045625 0.082125)
(0.118625 0.045625 0.082125)
(0.136875 0.045625 0.082125)
(0.155125 0.045625 0.082125)
(0.173375 0.045625 0.082125)
(0.191625 0.045625 0.082125)
(0.209875 0.045625 0.082125)
(0.228125 0.045625 0.082125)
(0.246375 0.045625 0.082125)
(0.264625 0.045625 0.082125)
(0.282875 0.045625 0.082125)
(0.301125 0.045625 0.082125)
(0.319375 0.045625 0.082125)
(0.337625 0.045625 0.082125)
(0.355875 0.045625 0.082125)
(0.374125 0.045625 0.082125)
(0.392375 0.045625 0.082125)
(0.410625 0.045625 0.082125)
(0.428875 0.045625 0.082125)
(0.447125 0.045625 0.082125)
(0.465375 0.045625 0.082125)
(0.483625 0.045625 0.082125)
(0.501875 0.045625 0.082125)
(0.520125 0.045625 0.082125)
(0.538375 0.045625 0.082125)
(0.556625 0.045625 0.082125)
(0.574875 0.045625 0.082125)
(0.009125 0.063875 0.082125)
(0.027375 0.063875 0.082125)
(0.045625 0.063875 0.082125)
(0.063875 0.063875 0.082125)
(0.082125 0.063875 0.082125)
(0.100375 0.063875 0.082125)
(0.118625 0.063875 0.082125)
(0.136875 0.063875 0.082125)
(0.155125 0.063875 0.082125)
(0.173375 0.063875 0.082125)
(0.191625 0.063875 0.082125)
(0.209875 0.063875 0.082125)
(0.228125 0.063875 0.082125)
(0.246375 0.063875 0.082125)
(0.264625 0.063875 0.082125)
(0.282875 0.063875 0.082125)
(0.301125 0.063875 0.082125)
(0.319375 0.063875 0.082125)
(0.337625 0.063875 0.082125)
(0.355875 0.063875 0.082125)
(0.374125 0.063875 0.082125)
(0.392375 0.063875 0.082125)
(0.410625 0.063875 0.082125)
(0.428875 0.063875 0.082125)
(0.447125 0.063875 0.082125)
(0.465375 0.063875 0.082125)
(0.483625 0.063875 0.082125)
(0.501875 0.063875 0.082125)
(0.520125 0.063875 0.082125)
(0.538375 0.063875 0.082125)
(0.556625 0.063875 0.082125)
(0.574875 0.063875 0.082125)
(0.009125 0.082125 0.082125)
(0.027375 0.082125 0.082125)
(0.045625 0.082125 0.082125)
(0.063875 0.082125 0.082125)
(0.082125 0.082125 0.082125)
(0.100375 0.082125 0.082125)
(0.118625 0.082125 0.082125)
(0.136875 0.082125 0.082125)
(0.155125 0.082125 0.082125)
(0.173375 0.082125 0.082125)
(0.191625 0.082125 0.082125)
(0.209875 0.082125 0.082125)
(0.228125 0.082125 0.082125)
(0.246375 0.082125 0.082125)
(0.264625 0.082125 0.082125)
(0.282875 0.082125 0.082125)
(0.301125 0.082125 0.082125)
(0.319375 0.082125 0.082125)
(0.337625 0.082125 0.082125)
(0.355875 0.082125 0.082125)
(0.374125 0.082125 0.082125)
(0.392375 0.082125 0.082125)
(0.410625 0.082125 0.082125)
(0.428875 0.082125 0.082125)
(0.447125 0.082125 0.082125)
(0.465375 0.082125 0.082125)
(0.483625 0.082125 0.082125)
(0.501875 0.082125 0.082125)
(0.520125 0.082125 0.082125)
(0.538375 0.082125 0.082125)
(0.556625 0.082125 0.082125)
(0.574875 0.082125 0.082125)
(0.009125 0.100375 0.082125)
(0.027375 0.100375 0.082125)
(0.045625 0.100375 0.082125)
(0.063875 0.100375 0.082125)
(0.082125 0.100375 0.082125)
(0.100375 0.100375 0.082125)
(0.118625 0.100375 0.082125)
(0.136875 0.100375 0.082125)
(0.155125 0.100375 0.082125)
(0.173375 0.100375 0.082125)
(0.191625 0.100375 0.082125)
(0.209875 0.100375 0.082125)
(0.228125 0.100375 0.082125)
(0.246375 0.100375 0.082125)
(0.264625 0.100375 0.082125)
(0.282875 0.100375 0.082125)
(0.301125 0.100375 0.082125)
(0.319375 0.100375 0.082125)
(0.337625 0.100375 0.082125)
(0.355875 0.100375 0.082125)
(0.374125 0.100375 0.082125)
(0.392375 0.100375 0.082125)
(0.410625 0.100375 0.082125)
(0.428875 0.100375 0.082125)
(0.447125 0.100375 0.082125)
(0.465375 0.100375 0.082125)
(0.483625 0.100375 0.082125)
(0.501875 0.100375 0.082125)
(0.520125 0.100375 0.082125)
(0.538375 0.100375 0.082125)
(0.556625 0.100375 0.082125)
(0.574875 0.100375 0.082125)
(0.009125 0.118625 0.082125)
(0.027375 0.118625 0.082125)
(0.045625 0.118625 0.082125)
(0.063875 0.118625 0.082125)
(0.082125 0.118625 0.082125)
(0.100375 0.118625 0.082125)
(0.118625 0.118625 0.082125)
(0.136875 0.118625 0.082125)
(0.155125 0.118625 0.082125)
(0.173375 0.118625 0.082125)
(0.191625 0.118625 0.082125)
(0.209875 0.118625 0.082125)
(0.228125 0.118625 0.082125)
(0.246375 0.118625 0.082125)
(0.264625 0.118625 0.082125)
(0.282875 0.118625 0.082125)
(0.301125 0.118625 0.082125)
(0.319375 0.118625 0.082125)
(0.337625 0.118625 0.082125)
(0.355875 0.118625 0.082125)
(0.374125 0.118625 0.082125)
(0.392375 0.118625 0.082125)
(0.410625 0.118625 0.082125)
(0.428875 0.118625 0.082125)
(0.447125 0.118625 0.082125)
(0.465375 0.118625 0.082125)
(0.483625 0.118625 0.082125)
(0.501875 0.118625 0.082125)
(0.520125 0.118625 0.082125)
(0.538375 0.118625 0.082125)
(0.556625 0.118625 0.082125)
(0.574875 0.118625 0.082125)
(0.009125 0.136875 0.082125)
(0.027375 0.136875 0.082125)
(0.045625 0.136875 0.082125)
(0.063875 0.136875 0.082125)
(0.082125 0.136875 0.082125)
(0.100375 0.136875 0.082125)
(0.118625 0.136875 0.082125)
(0.136875 0.136875 0.082125)
(0.155125 0.136875 0.082125)
(0.173375 0.136875 0.082125)
(0.191625 0.136875 0.082125)
(0.209875 0.136875 0.082125)
(0.228125 0.136875 0.082125)
(0.246375 0.136875 0.082125)
(0.264625 0.136875 0.082125)
(0.282875 0.136875 0.082125)
(0.301125 0.136875 0.082125)
(0.319375 0.136875 0.082125)
(0.337625 0.136875 0.082125)
(0.355875 0.136875 0.082125)
(0.374125 0.136875 0.082125)
(0.392375 0.136875 0.082125)
(0.410625 0.136875 0.082125)
(0.428875 0.136875 0.082125)
(0.447125 0.136875 0.082125)
(0.465375 0.136875 0.082125)
(0.483625 0.136875 0.082125)
(0.501875 0.136875 0.082125)
(0.520125 0.136875 0.082125)
(0.538375 0.136875 0.082125)
(0.556625 0.136875 0.082125)
(0.574875 0.136875 0.082125)
(0.009125 0.155125 0.082125)
(0.027375 0.155125 0.082125)
(0.045625 0.155125 0.082125)
(0.063875 0.155125 0.082125)
(0.082125 0.155125 0.082125)
(0.100375 0.155125 0.082125)
(0.118625 0.155125 0.082125)
(0.136875 0.155125 0.082125)
(0.155125 0.155125 0.082125)
(0.173375 0.155125 0.082125)
(0.191625 0.155125 0.082125)
(0.209875 0.155125 0.082125)
(0.228125 0.155125 0.082125)
(0.246375 0.155125 0.082125)
(0.264625 0.155125 0.082125)
(0.282875 0.155125 0.082125)
(0.301125 0.155125 0.082125)
(0.319375 0.155125 0.082125)
(0.337625 0.155125 0.082125)
(0.355875 0.155125 0.082125)
(0.374125 0.155125 0.082125)
(0.392375 0.155125 0.082125)
(0.410625 0.155125 0.082125)
(0.428875 0.155125 0.082125)
(0.447125 0.155125 0.082125)
(0.465375 0.155125 0.082125)
(0.483625 0.155125 0.082125)
(0.501875 0.155125 0.082125)
(0.520125 0.155125 0.082125)
(0.538375 0.155125 0.082125)
(0.556625 0.155125 0.082125)
(0.574875 0.155125 0.082125)
(0.009125 0.173375 0.082125)
(0.027375 0.173375 0.082125)
(0.045625 0.173375 0.082125)
(0.063875 0.173375 0.082125)
(0.082125 0.173375 0.082125)
(0.100375 0.173375 0.082125)
(0.118625 0.173375 0.082125)
(0.136875 0.173375 0.082125)
(0.155125 0.173375 0.082125)
(0.173375 0.173375 0.082125)
(0.191625 0.173375 0.082125)
(0.209875 0.173375 0.082125)
(0.228125 0.173375 0.082125)
(0.246375 0.173375 0.082125)
(0.264625 0.173375 0.082125)
(0.282875 0.173375 0.082125)
(0.301125 0.173375 0.082125)
(0.319375 0.173375 0.082125)
(0.337625 0.173375 0.082125)
(0.355875 0.173375 0.082125)
(0.374125 0.173375 0.082125)
(0.392375 0.173375 0.082125)
(0.410625 0.173375 0.082125)
(0.428875 0.173375 0.082125)
(0.447125 0.173375 0.082125)
(0.465375 0.173375 0.082125)
(0.483625 0.173375 0.082125)
(0.501875 0.173375 0.082125)
(0.520125 0.173375 0.082125)
(0.538375 0.173375 0.082125)
(0.556625 0.173375 0.082125)
(0.574875 0.173375 0.082125)
(0.009125 0.191625 0.082125)
(0.027375 0.191625 0.082125)
(0.045625 0.191625 0.082125)
(0.063875 0.191625 0.082125)
(0.082125 0.191625 0.082125)
(0.100375 0.191625 0.082125)
(0.118625 0.191625 0.082125)
(0.136875 0.191625 0.082125)
(0.155125 0.191625 0.082125)
(0.173375 0.191625 0.082125)
(0.191625 0.191625 0.082125)
(0.209875 0.191625 0.082125)
(0.228125 0.191625 0.082125)
(0.246375 0.191625 0.082125)
(0.264625 0.191625 0.082125)
(0.282875 0.191625 0.082125)
(0.301125 0.191625 0.082125)
(0.319375 0.191625 0.082125)
(0.337625 0.191625 0.082125)
(0.355875 0.191625 0.082125)
(0.374125 0.191625 0.082125)
(0.392375 0.191625 0.082125)
(0.410625 0.191625 0.082125)
(0.428875 0.191625 0.082125)
(0.447125 0.191625 0.082125)
(0.465375 0.191625 0.082125)
(0.483625 0.191625 0.082125)
(0.501875 0.191625 0.082125)
(0.520125 0.191625 0.082125)
(0.538375 0.191625 0.082125)
(0.556625 0.191625 0.082125)
(0.574875 0.191625 0.082125)
(0.009125 0.209875 0.082125)
(0.027375 0.209875 0.082125)
(0.045625 0.209875 0.082125)
(0.063875 0.209875 0.082125)
(0.082125 0.209875 0.082125)
(0.100375 0.209875 0.082125)
(0.118625 0.209875 0.082125)
(0.136875 0.209875 0.082125)
(0.155125 0.209875 0.082125)
(0.173375 0.209875 0.082125)
(0.191625 0.209875 0.082125)
(0.209875 0.209875 0.082125)
(0.228125 0.209875 0.082125)
(0.246375 0.209875 0.082125)
(0.264625 0.209875 0.082125)
(0.282875 0.209875 0.082125)
(0.301125 0.209875 0.082125)
(0.319375 0.209875 0.082125)
(0.337625 0.209875 0.082125)
(0.355875 0.209875 0.082125)
(0.374125 0.209875 0.082125)
(0.392375 0.209875 0.082125)
(0.410625 0.209875 0.082125)
(0.428875 0.209875 0.082125)
(0.447125 0.209875 0.082125)
(0.465375 0.209875 0.082125)
(0.483625 0.209875 0.082125)
(0.501875 0.209875 0.082125)
(0.520125 0.209875 0.082125)
(0.538375 0.209875 0.082125)
(0.556625 0.209875 0.082125)
(0.574875 0.209875 0.082125)
(0.009125 0.228125 0.082125)
(0.027375 0.228125 0.082125)
(0.045625 0.228125 0.082125)
(0.063875 0.228125 0.082125)
(0.082125 0.228125 0.082125)
(0.100375 0.228125 0.082125)
(0.118625 0.228125 0.082125)
(0.136875 0.228125 0.082125)
(0.155125 0.228125 0.082125)
(0.173375 0.228125 0.082125)
(0.191625 0.228125 0.082125)
(0.209875 0.228125 0.082125)
(0.228125 0.228125 0.082125)
(0.246375 0.228125 0.082125)
(0.264625 0.228125 0.082125)
(0.282875 0.228125 0.082125)
(0.301125 0.228125 0.082125)
(0.319375 0.228125 0.082125)
(0.337625 0.228125 0.082125)
(0.355875 0.228125 0.082125)
(0.374125 0.228125 0.082125)
(0.392375 0.228125 0.082125)
(0.410625 0.228125 0.082125)
(0.428875 0.228125 0.082125)
(0.447125 0.228125 0.082125)
(0.465375 0.228125 0.082125)
(0.483625 0.228125 0.082125)
(0.501875 0.228125 0.082125)
(0.520125 0.228125 0.082125)
(0.538375 0.228125 0.082125)
(0.556625 0.228125 0.082125)
(0.574875 0.228125 0.082125)
(0.009125 0.246375 0.082125)
(0.027375 0.246375 0.082125)
(0.045625 0.246375 0.082125)
(0.063875 0.246375 0.082125)
(0.082125 0.246375 0.082125)
(0.100375 0.246375 0.082125)
(0.118625 0.246375 0.082125)
(0.136875 0.246375 0.082125)
(0.155125 0.246375 0.082125)
(0.173375 0.246375 0.082125)
(0.191625 0.246375 0.082125)
(0.209875 0.246375 0.082125)
(0.228125 0.246375 0.082125)
(0.246375 0.246375 0.082125)
(0.264625 0.246375 0.082125)
(0.282875 0.246375 0.082125)
(0.301125 0.246375 0.082125)
(0.319375 0.246375 0.082125)
(0.337625 0.246375 0.082125)
(0.355875 0.246375 0.082125)
(0.374125 0.246375 0.082125)
(0.392375 0.246375 0.082125)
(0.410625 0.246375 0.082125)
(0.428875 0.246375 0.082125)
(0.447125 0.246375 0.082125)
(0.465375 0.246375 0.082125)
(0.483625 0.246375 0.082125)
(0.501875 0.246375 0.082125)
(0.520125 0.246375 0.082125)
(0.538375 0.246375 0.082125)
(0.556625 0.246375 0.082125)
(0.574875 0.246375 0.082125)
(0.009125 0.264625 0.082125)
(0.027375 0.264625 0.082125)
(0.045625 0.264625 0.082125)
(0.063875 0.264625 0.082125)
(0.082125 0.264625 0.082125)
(0.100375 0.264625 0.082125)
(0.118625 0.264625 0.082125)
(0.136875 0.264625 0.082125)
(0.155125 0.264625 0.082125)
(0.173375 0.264625 0.082125)
(0.191625 0.264625 0.082125)
(0.209875 0.264625 0.082125)
(0.228125 0.264625 0.082125)
(0.246375 0.264625 0.082125)
(0.264625 0.264625 0.082125)
(0.282875 0.264625 0.082125)
(0.301125 0.264625 0.082125)
(0.319375 0.264625 0.082125)
(0.337625 0.264625 0.082125)
(0.355875 0.264625 0.082125)
(0.374125 0.264625 0.082125)
(0.392375 0.264625 0.082125)
(0.410625 0.264625 0.082125)
(0.428875 0.264625 0.082125)
(0.447125 0.264625 0.082125)
(0.465375 0.264625 0.082125)
(0.483625 0.264625 0.082125)
(0.501875 0.264625 0.082125)
(0.520125 0.264625 0.082125)
(0.538375 0.264625 0.082125)
(0.556625 0.264625 0.082125)
(0.574875 0.264625 0.082125)
(0.009125 0.282875 0.082125)
(0.027375 0.282875 0.082125)
(0.045625 0.282875 0.082125)
(0.063875 0.282875 0.082125)
(0.082125 0.282875 0.082125)
(0.100375 0.282875 0.082125)
(0.118625 0.282875 0.082125)
(0.136875 0.282875 0.082125)
(0.155125 0.282875 0.082125)
(0.173375 0.282875 0.082125)
(0.191625 0.282875 0.082125)
(0.209875 0.282875 0.082125)
(0.228125 0.282875 0.082125)
(0.246375 0.282875 0.082125)
(0.264625 0.282875 0.082125)
(0.282875 0.282875 0.082125)
(0.301125 0.282875 0.082125)
(0.319375 0.282875 0.082125)
(0.337625 0.282875 0.082125)
(0.355875 0.282875 0.082125)
(0.374125 0.282875 0.082125)
(0.392375 0.282875 0.082125)
(0.410625 0.282875 0.082125)
(0.428875 0.282875 0.082125)
(0.447125 0.282875 0.082125)
(0.465375 0.282875 0.082125)
(0.483625 0.282875 0.082125)
(0.501875 0.282875 0.082125)
(0.520125 0.282875 0.082125)
(0.538375 0.282875 0.082125)
(0.556625 0.282875 0.082125)
(0.574875 0.282875 0.082125)
(0.009125 0.301125 0.082125)
(0.027375 0.301125 0.082125)
(0.045625 0.301125 0.082125)
(0.063875 0.301125 0.082125)
(0.082125 0.301125 0.082125)
(0.100375 0.301125 0.082125)
(0.118625 0.301125 0.082125)
(0.136875 0.301125 0.082125)
(0.155125 0.301125 0.082125)
(0.173375 0.301125 0.082125)
(0.191625 0.301125 0.082125)
(0.209875 0.301125 0.082125)
(0.228125 0.301125 0.082125)
(0.246375 0.301125 0.082125)
(0.264625 0.301125 0.082125)
(0.282875 0.301125 0.082125)
(0.301125 0.301125 0.082125)
(0.319375 0.301125 0.082125)
(0.337625 0.301125 0.082125)
(0.355875 0.301125 0.082125)
(0.374125 0.301125 0.082125)
(0.392375 0.301125 0.082125)
(0.410625 0.301125 0.082125)
(0.428875 0.301125 0.082125)
(0.447125 0.301125 0.082125)
(0.465375 0.301125 0.082125)
(0.483625 0.301125 0.082125)
(0.501875 0.301125 0.082125)
(0.520125 0.301125 0.082125)
(0.538375 0.301125 0.082125)
(0.556625 0.301125 0.082125)
(0.574875 0.301125 0.082125)
(0.009125 0.319375 0.082125)
(0.027375 0.319375 0.082125)
(0.045625 0.319375 0.082125)
(0.063875 0.319375 0.082125)
(0.082125 0.319375 0.082125)
(0.100375 0.319375 0.082125)
(0.118625 0.319375 0.082125)
(0.136875 0.319375 0.082125)
(0.155125 0.319375 0.082125)
(0.173375 0.319375 0.082125)
(0.191625 0.319375 0.082125)
(0.209875 0.319375 0.082125)
(0.228125 0.319375 0.082125)
(0.246375 0.319375 0.082125)
(0.264625 0.319375 0.082125)
(0.282875 0.319375 0.082125)
(0.301125 0.319375 0.082125)
(0.319375 0.319375 0.082125)
(0.337625 0.319375 0.082125)
(0.355875 0.319375 0.082125)
(0.374125 0.319375 0.082125)
(0.392375 0.319375 0.082125)
(0.410625 0.319375 0.082125)
(0.428875 0.319375 0.082125)
(0.447125 0.319375 0.082125)
(0.465375 0.319375 0.082125)
(0.483625 0.319375 0.082125)
(0.501875 0.319375 0.082125)
(0.520125 0.319375 0.082125)
(0.538375 0.319375 0.082125)
(0.556625 0.319375 0.082125)
(0.574875 0.319375 0.082125)
(0.009125 0.337625 0.082125)
(0.027375 0.337625 0.082125)
(0.045625 0.337625 0.082125)
(0.063875 0.337625 0.082125)
(0.082125 0.337625 0.082125)
(0.100375 0.337625 0.082125)
(0.118625 0.337625 0.082125)
(0.136875 0.337625 0.082125)
(0.155125 0.337625 0.082125)
(0.173375 0.337625 0.082125)
(0.191625 0.337625 0.082125)
(0.209875 0.337625 0.082125)
(0.228125 0.337625 0.082125)
(0.246375 0.337625 0.082125)
(0.264625 0.337625 0.082125)
(0.282875 0.337625 0.082125)
(0.301125 0.337625 0.082125)
(0.319375 0.337625 0.082125)
(0.337625 0.337625 0.082125)
(0.355875 0.337625 0.082125)
(0.374125 0.337625 0.082125)
(0.392375 0.337625 0.082125)
(0.410625 0.337625 0.082125)
(0.428875 0.337625 0.082125)
(0.447125 0.337625 0.082125)
(0.465375 0.337625 0.082125)
(0.483625 0.337625 0.082125)
(0.501875 0.337625 0.082125)
(0.520125 0.337625 0.082125)
(0.538375 0.337625 0.082125)
(0.556625 0.337625 0.082125)
(0.574875 0.337625 0.082125)
(0.009125 0.355875 0.082125)
(0.027375 0.355875 0.082125)
(0.045625 0.355875 0.082125)
(0.063875 0.355875 0.082125)
(0.082125 0.355875 0.082125)
(0.100375 0.355875 0.082125)
(0.118625 0.355875 0.082125)
(0.136875 0.355875 0.082125)
(0.155125 0.355875 0.082125)
(0.173375 0.355875 0.082125)
(0.191625 0.355875 0.082125)
(0.209875 0.355875 0.082125)
(0.228125 0.355875 0.082125)
(0.246375 0.355875 0.082125)
(0.264625 0.355875 0.082125)
(0.282875 0.355875 0.082125)
(0.301125 0.355875 0.082125)
(0.319375 0.355875 0.082125)
(0.337625 0.355875 0.082125)
(0.355875 0.355875 0.082125)
(0.374125 0.355875 0.082125)
(0.392375 0.355875 0.082125)
(0.410625 0.355875 0.082125)
(0.428875 0.355875 0.082125)
(0.447125 0.355875 0.082125)
(0.465375 0.355875 0.082125)
(0.483625 0.355875 0.082125)
(0.501875 0.355875 0.082125)
(0.520125 0.355875 0.082125)
(0.538375 0.355875 0.082125)
(0.556625 0.355875 0.082125)
(0.574875 0.355875 0.082125)
(0.009125 0.374125 0.082125)
(0.027375 0.374125 0.082125)
(0.045625 0.374125 0.082125)
(0.063875 0.374125 0.082125)
(0.082125 0.374125 0.082125)
(0.100375 0.374125 0.082125)
(0.118625 0.374125 0.082125)
(0.136875 0.374125 0.082125)
(0.155125 0.374125 0.082125)
(0.173375 0.374125 0.082125)
(0.191625 0.374125 0.082125)
(0.209875 0.374125 0.082125)
(0.228125 0.374125 0.082125)
(0.246375 0.374125 0.082125)
(0.264625 0.374125 0.082125)
(0.282875 0.374125 0.082125)
(0.301125 0.374125 0.082125)
(0.319375 0.374125 0.082125)
(0.337625 0.374125 0.082125)
(0.355875 0.374125 0.082125)
(0.374125 0.374125 0.082125)
(0.392375 0.374125 0.082125)
(0.410625 0.374125 0.082125)
(0.428875 0.374125 0.082125)
(0.447125 0.374125 0.082125)
(0.465375 0.374125 0.082125)
(0.483625 0.374125 0.082125)
(0.501875 0.374125 0.082125)
(0.520125 0.374125 0.082125)
(0.538375 0.374125 0.082125)
(0.556625 0.374125 0.082125)
(0.574875 0.374125 0.082125)
(0.009125 0.392375 0.082125)
(0.027375 0.392375 0.082125)
(0.045625 0.392375 0.082125)
(0.063875 0.392375 0.082125)
(0.082125 0.392375 0.082125)
(0.100375 0.392375 0.082125)
(0.118625 0.392375 0.082125)
(0.136875 0.392375 0.082125)
(0.155125 0.392375 0.082125)
(0.173375 0.392375 0.082125)
(0.191625 0.392375 0.082125)
(0.209875 0.392375 0.082125)
(0.228125 0.392375 0.082125)
(0.246375 0.392375 0.082125)
(0.264625 0.392375 0.082125)
(0.282875 0.392375 0.082125)
(0.301125 0.392375 0.082125)
(0.319375 0.392375 0.082125)
(0.337625 0.392375 0.082125)
(0.355875 0.392375 0.082125)
(0.374125 0.392375 0.082125)
(0.392375 0.392375 0.082125)
(0.410625 0.392375 0.082125)
(0.428875 0.392375 0.082125)
(0.447125 0.392375 0.082125)
(0.465375 0.392375 0.082125)
(0.483625 0.392375 0.082125)
(0.501875 0.392375 0.082125)
(0.520125 0.392375 0.082125)
(0.538375 0.392375 0.082125)
(0.556625 0.392375 0.082125)
(0.574875 0.392375 0.082125)
(0.009125 0.410625 0.082125)
(0.027375 0.410625 0.082125)
(0.045625 0.410625 0.082125)
(0.063875 0.410625 0.082125)
(0.082125 0.410625 0.082125)
(0.100375 0.410625 0.082125)
(0.118625 0.410625 0.082125)
(0.136875 0.410625 0.082125)
(0.155125 0.410625 0.082125)
(0.173375 0.410625 0.082125)
(0.191625 0.410625 0.082125)
(0.209875 0.410625 0.082125)
(0.228125 0.410625 0.082125)
(0.246375 0.410625 0.082125)
(0.264625 0.410625 0.082125)
(0.282875 0.410625 0.082125)
(0.301125 0.410625 0.082125)
(0.319375 0.410625 0.082125)
(0.337625 0.410625 0.082125)
(0.355875 0.410625 0.082125)
(0.374125 0.410625 0.082125)
(0.392375 0.410625 0.082125)
(0.410625 0.410625 0.082125)
(0.428875 0.410625 0.082125)
(0.447125 0.410625 0.082125)
(0.465375 0.410625 0.082125)
(0.483625 0.410625 0.082125)
(0.501875 0.410625 0.082125)
(0.520125 0.410625 0.082125)
(0.538375 0.410625 0.082125)
(0.556625 0.410625 0.082125)
(0.574875 0.410625 0.082125)
(0.009125 0.428875 0.082125)
(0.027375 0.428875 0.082125)
(0.045625 0.428875 0.082125)
(0.063875 0.428875 0.082125)
(0.082125 0.428875 0.082125)
(0.100375 0.428875 0.082125)
(0.118625 0.428875 0.082125)
(0.136875 0.428875 0.082125)
(0.155125 0.428875 0.082125)
(0.173375 0.428875 0.082125)
(0.191625 0.428875 0.082125)
(0.209875 0.428875 0.082125)
(0.228125 0.428875 0.082125)
(0.246375 0.428875 0.082125)
(0.264625 0.428875 0.082125)
(0.282875 0.428875 0.082125)
(0.301125 0.428875 0.082125)
(0.319375 0.428875 0.082125)
(0.337625 0.428875 0.082125)
(0.355875 0.428875 0.082125)
(0.374125 0.428875 0.082125)
(0.392375 0.428875 0.082125)
(0.410625 0.428875 0.082125)
(0.428875 0.428875 0.082125)
(0.447125 0.428875 0.082125)
(0.465375 0.428875 0.082125)
(0.483625 0.428875 0.082125)
(0.501875 0.428875 0.082125)
(0.520125 0.428875 0.082125)
(0.538375 0.428875 0.082125)
(0.556625 0.428875 0.082125)
(0.574875 0.428875 0.082125)
(0.009125 0.447125 0.082125)
(0.027375 0.447125 0.082125)
(0.045625 0.447125 0.082125)
(0.063875 0.447125 0.082125)
(0.082125 0.447125 0.082125)
(0.100375 0.447125 0.082125)
(0.118625 0.447125 0.082125)
(0.136875 0.447125 0.082125)
(0.155125 0.447125 0.082125)
(0.173375 0.447125 0.082125)
(0.191625 0.447125 0.082125)
(0.209875 0.447125 0.082125)
(0.228125 0.447125 0.082125)
(0.246375 0.447125 0.082125)
(0.264625 0.447125 0.082125)
(0.282875 0.447125 0.082125)
(0.301125 0.447125 0.082125)
(0.319375 0.447125 0.082125)
(0.337625 0.447125 0.082125)
(0.355875 0.447125 0.082125)
(0.374125 0.447125 0.082125)
(0.392375 0.447125 0.082125)
(0.410625 0.447125 0.082125)
(0.428875 0.447125 0.082125)
(0.447125 0.447125 0.082125)
(0.465375 0.447125 0.082125)
(0.483625 0.447125 0.082125)
(0.501875 0.447125 0.082125)
(0.520125 0.447125 0.082125)
(0.538375 0.447125 0.082125)
(0.556625 0.447125 0.082125)
(0.574875 0.447125 0.082125)
(0.009125 0.465375 0.082125)
(0.027375 0.465375 0.082125)
(0.045625 0.465375 0.082125)
(0.063875 0.465375 0.082125)
(0.082125 0.465375 0.082125)
(0.100375 0.465375 0.082125)
(0.118625 0.465375 0.082125)
(0.136875 0.465375 0.082125)
(0.155125 0.465375 0.082125)
(0.173375 0.465375 0.082125)
(0.191625 0.465375 0.082125)
(0.209875 0.465375 0.082125)
(0.228125 0.465375 0.082125)
(0.246375 0.465375 0.082125)
(0.264625 0.465375 0.082125)
(0.282875 0.465375 0.082125)
(0.301125 0.465375 0.082125)
(0.319375 0.465375 0.082125)
(0.337625 0.465375 0.082125)
(0.355875 0.465375 0.082125)
(0.374125 0.465375 0.082125)
(0.392375 0.465375 0.082125)
(0.410625 0.465375 0.082125)
(0.428875 0.465375 0.082125)
(0.447125 0.465375 0.082125)
(0.465375 0.465375 0.082125)
(0.483625 0.465375 0.082125)
(0.501875 0.465375 0.082125)
(0.520125 0.465375 0.082125)
(0.538375 0.465375 0.082125)
(0.556625 0.465375 0.082125)
(0.574875 0.465375 0.082125)
(0.009125 0.483625 0.082125)
(0.027375 0.483625 0.082125)
(0.045625 0.483625 0.082125)
(0.063875 0.483625 0.082125)
(0.082125 0.483625 0.082125)
(0.100375 0.483625 0.082125)
(0.118625 0.483625 0.082125)
(0.136875 0.483625 0.082125)
(0.155125 0.483625 0.082125)
(0.173375 0.483625 0.082125)
(0.191625 0.483625 0.082125)
(0.209875 0.483625 0.082125)
(0.228125 0.483625 0.082125)
(0.246375 0.483625 0.082125)
(0.264625 0.483625 0.082125)
(0.282875 0.483625 0.082125)
(0.301125 0.483625 0.082125)
(0.319375 0.483625 0.082125)
(0.337625 0.483625 0.082125)
(0.355875 0.483625 0.082125)
(0.374125 0.483625 0.082125)
(0.392375 0.483625 0.082125)
(0.410625 0.483625 0.082125)
(0.428875 0.483625 0.082125)
(0.447125 0.483625 0.082125)
(0.465375 0.483625 0.082125)
(0.483625 0.483625 0.082125)
(0.501875 0.483625 0.082125)
(0.520125 0.483625 0.082125)
(0.538375 0.483625 0.082125)
(0.556625 0.483625 0.082125)
(0.574875 0.483625 0.082125)
(0.009125 0.501875 0.082125)
(0.027375 0.501875 0.082125)
(0.045625 0.501875 0.082125)
(0.063875 0.501875 0.082125)
(0.082125 0.501875 0.082125)
(0.100375 0.501875 0.082125)
(0.118625 0.501875 0.082125)
(0.136875 0.501875 0.082125)
(0.155125 0.501875 0.082125)
(0.173375 0.501875 0.082125)
(0.191625 0.501875 0.082125)
(0.209875 0.501875 0.082125)
(0.228125 0.501875 0.082125)
(0.246375 0.501875 0.082125)
(0.264625 0.501875 0.082125)
(0.282875 0.501875 0.082125)
(0.301125 0.501875 0.082125)
(0.319375 0.501875 0.082125)
(0.337625 0.501875 0.082125)
(0.355875 0.501875 0.082125)
(0.374125 0.501875 0.082125)
(0.392375 0.501875 0.082125)
(0.410625 0.501875 0.082125)
(0.428875 0.501875 0.082125)
(0.447125 0.501875 0.082125)
(0.465375 0.501875 0.082125)
(0.483625 0.501875 0.082125)
(0.501875 0.501875 0.082125)
(0.520125 0.501875 0.082125)
(0.538375 0.501875 0.082125)
(0.556625 0.501875 0.082125)
(0.574875 0.501875 0.082125)
(0.009125 0.520125 0.082125)
(0.027375 0.520125 0.082125)
(0.045625 0.520125 0.082125)
(0.063875 0.520125 0.082125)
(0.082125 0.520125 0.082125)
(0.100375 0.520125 0.082125)
(0.118625 0.520125 0.082125)
(0.136875 0.520125 0.082125)
(0.155125 0.520125 0.082125)
(0.173375 0.520125 0.082125)
(0.191625 0.520125 0.082125)
(0.209875 0.520125 0.082125)
(0.228125 0.520125 0.082125)
(0.246375 0.520125 0.082125)
(0.264625 0.520125 0.082125)
(0.282875 0.520125 0.082125)
(0.301125 0.520125 0.082125)
(0.319375 0.520125 0.082125)
(0.337625 0.520125 0.082125)
(0.355875 0.520125 0.082125)
(0.374125 0.520125 0.082125)
(0.392375 0.520125 0.082125)
(0.410625 0.520125 0.082125)
(0.428875 0.520125 0.082125)
(0.447125 0.520125 0.082125)
(0.465375 0.520125 0.082125)
(0.483625 0.520125 0.082125)
(0.501875 0.520125 0.082125)
(0.520125 0.520125 0.082125)
(0.538375 0.520125 0.082125)
(0.556625 0.520125 0.082125)
(0.574875 0.520125 0.082125)
(0.009125 0.538375 0.082125)
(0.027375 0.538375 0.082125)
(0.045625 0.538375 0.082125)
(0.063875 0.538375 0.082125)
(0.082125 0.538375 0.082125)
(0.100375 0.538375 0.082125)
(0.118625 0.538375 0.082125)
(0.136875 0.538375 0.082125)
(0.155125 0.538375 0.082125)
(0.173375 0.538375 0.082125)
(0.191625 0.538375 0.082125)
(0.209875 0.538375 0.082125)
(0.228125 0.538375 0.082125)
(0.246375 0.538375 0.082125)
(0.264625 0.538375 0.082125)
(0.282875 0.538375 0.082125)
(0.301125 0.538375 0.082125)
(0.319375 0.538375 0.082125)
(0.337625 0.538375 0.082125)
(0.355875 0.538375 0.082125)
(0.374125 0.538375 0.082125)
(0.392375 0.538375 0.082125)
(0.410625 0.538375 0.082125)
(0.428875 0.538375 0.082125)
(0.447125 0.538375 0.082125)
(0.465375 0.538375 0.082125)
(0.483625 0.538375 0.082125)
(0.501875 0.538375 0.082125)
(0.520125 0.538375 0.082125)
(0.538375 0.538375 0.082125)
(0.556625 0.538375 0.082125)
(0.574875 0.538375 0.082125)
(0.009125 0.556625 0.082125)
(0.027375 0.556625 0.082125)
(0.045625 0.556625 0.082125)
(0.063875 0.556625 0.082125)
(0.082125 0.556625 0.082125)
(0.100375 0.556625 0.082125)
(0.118625 0.556625 0.082125)
(0.136875 0.556625 0.082125)
(0.155125 0.556625 0.082125)
(0.173375 0.556625 0.082125)
(0.191625 0.556625 0.082125)
(0.209875 0.556625 0.082125)
(0.228125 0.556625 0.082125)
(0.246375 0.556625 0.082125)
(0.264625 0.556625 0.082125)
(0.282875 0.556625 0.082125)
(0.301125 0.556625 0.082125)
(0.319375 0.556625 0.082125)
(0.337625 0.556625 0.082125)
(0.355875 0.556625 0.082125)
(0.374125 0.556625 0.082125)
(0.392375 0.556625 0.082125)
(0.410625 0.556625 0.082125)
(0.428875 0.556625 0.082125)
(0.447125 0.556625 0.082125)
(0.465375 0.556625 0.082125)
(0.483625 0.556625 0.082125)
(0.501875 0.556625 0.082125)
(0.520125 0.556625 0.082125)
(0.538375 0.556625 0.082125)
(0.556625 0.556625 0.082125)
(0.574875 0.556625 0.082125)
(0.009125 0.574875 0.082125)
(0.027375 0.574875 0.082125)
(0.045625 0.574875 0.082125)
(0.063875 0.574875 0.082125)
(0.082125 0.574875 0.082125)
(0.100375 0.574875 0.082125)
(0.118625 0.574875 0.082125)
(0.136875 0.574875 0.082125)
(0.155125 0.574875 0.082125)
(0.173375 0.574875 0.082125)
(0.191625 0.574875 0.082125)
(0.209875 0.574875 0.082125)
(0.228125 0.574875 0.082125)
(0.246375 0.574875 0.082125)
(0.264625 0.574875 0.082125)
(0.282875 0.574875 0.082125)
(0.301125 0.574875 0.082125)
(0.319375 0.574875 0.082125)
(0.337625 0.574875 0.082125)
(0.355875 0.574875 0.082125)
(0.374125 0.574875 0.082125)
(0.392375 0.574875 0.082125)
(0.410625 0.574875 0.082125)
(0.428875 0.574875 0.082125)
(0.447125 0.574875 0.082125)
(0.465375 0.574875 0.082125)
(0.483625 0.574875 0.082125)
(0.501875 0.574875 0.082125)
(0.520125 0.574875 0.082125)
(0.538375 0.574875 0.082125)
(0.556625 0.574875 0.082125)
(0.574875 0.574875 0.082125)
(0.009125 0.009125 0.100375)
(0.027375 0.009125 0.100375)
(0.045625 0.009125 0.100375)
(0.063875 0.009125 0.100375)
(0.082125 0.009125 0.100375)
(0.100375 0.009125 0.100375)
(0.118625 0.009125 0.100375)
(0.136875 0.009125 0.100375)
(0.155125 0.009125 0.100375)
(0.173375 0.009125 0.100375)
(0.191625 0.009125 0.100375)
(0.209875 0.009125 0.100375)
(0.228125 0.009125 0.100375)
(0.246375 0.009125 0.100375)
(0.264625 0.009125 0.100375)
(0.282875 0.009125 0.100375)
(0.301125 0.009125 0.100375)
(0.319375 0.009125 0.100375)
(0.337625 0.009125 0.100375)
(0.355875 0.009125 0.100375)
(0.374125 0.009125 0.100375)
(0.392375 0.009125 0.100375)
(0.410625 0.009125 0.100375)
(0.428875 0.009125 0.100375)
(0.447125 0.009125 0.100375)
(0.465375 0.009125 0.100375)
(0.483625 0.009125 0.100375)
(0.501875 0.009125 0.100375)
(0.520125 0.009125 0.100375)
(0.538375 0.009125 0.100375)
(0.556625 0.009125 0.100375)
(0.574875 0.009125 0.100375)
(0.009125 0.027375 0.100375)
(0.027375 0.027375 0.100375)
(0.045625 0.027375 0.100375)
(0.063875 0.027375 0.100375)
(0.082125 0.027375 0.100375)
(0.100375 0.027375 0.100375)
(0.118625 0.027375 0.100375)
(0.136875 0.027375 0.100375)
(0.155125 0.027375 0.100375)
(0.173375 0.027375 0.100375)
(0.191625 0.027375 0.100375)
(0.209875 0.027375 0.100375)
(0.228125 0.027375 0.100375)
(0.246375 0.027375 0.100375)
(0.264625 0.027375 0.100375)
(0.282875 0.027375 0.100375)
(0.301125 0.027375 0.100375)
(0.319375 0.027375 0.100375)
(0.337625 0.027375 0.100375)
(0.355875 0.027375 0.100375)
(0.374125 0.027375 0.100375)
(0.392375 0.027375 0.100375)
(0.410625 0.027375 0.100375)
(0.428875 0.027375 0.100375)
(0.447125 0.027375 0.100375)
(0.465375 0.027375 0.100375)
(0.483625 0.027375 0.100375)
(0.501875 0.027375 0.100375)
(0.520125 0.027375 0.100375)
(0.538375 0.027375 0.100375)
(0.556625 0.027375 0.100375)
(0.574875 0.027375 0.100375)
(0.009125 0.045625 0.100375)
(0.027375 0.045625 0.100375)
(0.045625 0.045625 0.100375)
(0.063875 0.045625 0.100375)
(0.082125 0.045625 0.100375)
(0.100375 0.045625 0.100375)
(0.118625 0.045625 0.100375)
(0.136875 0.045625 0.100375)
(0.155125 0.045625 0.100375)
(0.173375 0.045625 0.100375)
(0.191625 0.045625 0.100375)
(0.209875 0.045625 0.100375)
(0.228125 0.045625 0.100375)
(0.246375 0.045625 0.100375)
(0.264625 0.045625 0.100375)
(0.282875 0.045625 0.100375)
(0.301125 0.045625 0.100375)
(0.319375 0.045625 0.100375)
(0.337625 0.045625 0.100375)
(0.355875 0.045625 0.100375)
(0.374125 0.045625 0.100375)
(0.392375 0.045625 0.100375)
(0.410625 0.045625 0.100375)
(0.428875 0.045625 0.100375)
(0.447125 0.045625 0.100375)
(0.465375 0.045625 0.100375)
(0.483625 0.045625 0.100375)
(0.501875 0.045625 0.100375)
(0.520125 0.045625 0.100375)
(0.538375 0.045625 0.100375)
(0.556625 0.045625 0.100375)
(0.574875 0.045625 0.100375)
(0.009125 0.063875 0.100375)
(0.027375 0.063875 0.100375)
(0.045625 0.063875 0.100375)
(0.063875 0.063875 0.100375)
(0.082125 0.063875 0.100375)
(0.100375 0.063875 0.100375)
(0.118625 0.063875 0.100375)
(0.136875 0.063875 0.100375)
(0.155125 0.063875 0.100375)
(0.173375 0.063875 0.100375)
(0.191625 0.063875 0.100375)
(0.209875 0.063875 0.100375)
(0.228125 0.063875 0.100375)
(0.246375 0.063875 0.100375)
(0.264625 0.063875 0.100375)
(0.282875 0.063875 0.100375)
(0.301125 0.063875 0.100375)
(0.319375 0.063875 0.100375)
(0.337625 0.063875 0.100375)
(0.355875 0.063875 0.100375)
(0.374125 0.063875 0.100375)
(0.392375 0.063875 0.100375)
(0.410625 0.063875 0.100375)
(0.428875 0.063875 0.100375)
(0.447125 0.063875 0.100375)
(0.465375 0.063875 0.100375)
(0.483625 0.063875 0.100375)
(0.501875 0.063875 0.100375)
(0.520125 0.063875 0.100375)
(0.538375 0.063875 0.100375)
(0.556625 0.063875 0.100375)
(0.574875 0.063875 0.100375)
(0.009125 0.082125 0.100375)
(0.027375 0.082125 0.100375)
(0.045625 0.082125 0.100375)
(0.063875 0.082125 0.100375)
(0.082125 0.082125 0.100375)
(0.100375 0.082125 0.100375)
(0.118625 0.082125 0.100375)
(0.136875 0.082125 0.100375)
(0.155125 0.082125 0.100375)
(0.173375 0.082125 0.100375)
(0.191625 0.082125 0.100375)
(0.209875 0.082125 0.100375)
(0.228125 0.082125 0.100375)
(0.246375 0.082125 0.100375)
(0.264625 0.082125 0.100375)
(0.282875 0.082125 0.100375)
(0.301125 0.082125 0.100375)
(0.319375 0.082125 0.100375)
(0.337625 0.082125 0.100375)
(0.355875 0.082125 0.100375)
(0.374125 0.082125 0.100375)
(0.392375 0.082125 0.100375)
(0.410625 0.082125 0.100375)
(0.428875 0.082125 0.100375)
(0.447125 0.082125 0.100375)
(0.465375 0.082125 0.100375)
(0.483625 0.082125 0.100375)
(0.501875 0.082125 0.100375)
(0.520125 0.082125 0.100375)
(0.538375 0.082125 0.100375)
(0.556625 0.082125 0.100375)
(0.574875 0.082125 0.100375)
(0.009125 0.100375 0.100375)
(0.027375 0.100375 0.100375)
(0.045625 0.100375 0.100375)
(0.063875 0.100375 0.100375)
(0.082125 0.100375 0.100375)
(0.100375 0.100375 0.100375)
(0.118625 0.100375 0.100375)
(0.136875 0.100375 0.100375)
(0.155125 0.100375 0.100375)
(0.173375 0.100375 0.100375)
(0.191625 0.100375 0.100375)
(0.209875 0.100375 0.100375)
(0.228125 0.100375 0.100375)
(0.246375 0.100375 0.100375)
(0.264625 0.100375 0.100375)
(0.282875 0.100375 0.100375)
(0.301125 0.100375 0.100375)
(0.319375 0.100375 0.100375)
(0.337625 0.100375 0.100375)
(0.355875 0.100375 0.100375)
(0.374125 0.100375 0.100375)
(0.392375 0.100375 0.100375)
(0.410625 0.100375 0.100375)
(0.428875 0.100375 0.100375)
(0.447125 0.100375 0.100375)
(0.465375 0.100375 0.100375)
(0.483625 0.100375 0.100375)
(0.501875 0.100375 0.100375)
(0.520125 0.100375 0.100375)
(0.538375 0.100375 0.100375)
(0.556625 0.100375 0.100375)
(0.574875 0.100375 0.100375)
(0.009125 0.118625 0.100375)
(0.027375 0.118625 0.100375)
(0.045625 0.118625 0.100375)
(0.063875 0.118625 0.100375)
(0.082125 0.118625 0.100375)
(0.100375 0.118625 0.100375)
(0.118625 0.118625 0.100375)
(0.136875 0.118625 0.100375)
(0.155125 0.118625 0.100375)
(0.173375 0.118625 0.100375)
(0.191625 0.118625 0.100375)
(0.209875 0.118625 0.100375)
(0.228125 0.118625 0.100375)
(0.246375 0.118625 0.100375)
(0.264625 0.118625 0.100375)
(0.282875 0.118625 0.100375)
(0.301125 0.118625 0.100375)
(0.319375 0.118625 0.100375)
(0.337625 0.118625 0.100375)
(0.355875 0.118625 0.100375)
(0.374125 0.118625 0.100375)
(0.392375 0.118625 0.100375)
(0.410625 0.118625 0.100375)
(0.428875 0.118625 0.100375)
(0.447125 0.118625 0.100375)
(0.465375 0.118625 0.100375)
(0.483625 0.118625 0.100375)
(0.501875 0.118625 0.100375)
(0.520125 0.118625 0.100375)
(0.538375 0.118625 0.100375)
(0.556625 0.118625 0.100375)
(0.574875 0.118625 0.100375)
(0.009125 0.136875 0.100375)
(0.027375 0.136875 0.100375)
(0.045625 0.136875 0.100375)
(0.063875 0.136875 0.100375)
(0.082125 0.136875 0.100375)
(0.100375 0.136875 0.100375)
(0.118625 0.136875 0.100375)
(0.136875 0.136875 0.100375)
(0.155125 0.136875 0.100375)
(0.173375 0.136875 0.100375)
(0.191625 0.136875 0.100375)
(0.209875 0.136875 0.100375)
(0.228125 0.136875 0.100375)
(0.246375 0.136875 0.100375)
(0.264625 0.136875 0.100375)
(0.282875 0.136875 0.100375)
(0.301125 0.136875 0.100375)
(0.319375 0.136875 0.100375)
(0.337625 0.136875 0.100375)
(0.355875 0.136875 0.100375)
(0.374125 0.136875 0.100375)
(0.392375 0.136875 0.100375)
(0.410625 0.136875 0.100375)
(0.428875 0.136875 0.100375)
(0.447125 0.136875 0.100375)
(0.465375 0.136875 0.100375)
(0.483625 0.136875 0.100375)
(0.501875 0.136875 0.100375)
(0.520125 0.136875 0.100375)
(0.538375 0.136875 0.100375)
(0.556625 0.136875 0.100375)
(0.574875 0.136875 0.100375)
(0.009125 0.155125 0.100375)
(0.027375 0.155125 0.100375)
(0.045625 0.155125 0.100375)
(0.063875 0.155125 0.100375)
(0.082125 0.155125 0.100375)
(0.100375 0.155125 0.100375)
(0.118625 0.155125 0.100375)
(0.136875 0.155125 0.100375)
(0.155125 0.155125 0.100375)
(0.173375 0.155125 0.100375)
(0.191625 0.155125 0.100375)
(0.209875 0.155125 0.100375)
(0.228125 0.155125 0.100375)
(0.246375 0.155125 0.100375)
(0.264625 0.155125 0.100375)
(0.282875 0.155125 0.100375)
(0.301125 0.155125 0.100375)
(0.319375 0.155125 0.100375)
(0.337625 0.155125 0.100375)
(0.355875 0.155125 0.100375)
(0.374125 0.155125 0.100375)
(0.392375 0.155125 0.100375)
(0.410625 0.155125 0.100375)
(0.428875 0.155125 0.100375)
(0.447125 0.155125 0.100375)
(0.465375 0.155125 0.100375)
(0.483625 0.155125 0.100375)
(0.501875 0.155125 0.100375)
(0.520125 0.155125 0.100375)
(0.538375 0.155125 0.100375)
(0.556625 0.155125 0.100375)
(0.574875 0.155125 0.100375)
(0.009125 0.173375 0.100375)
(0.027375 0.173375 0.100375)
(0.045625 0.173375 0.100375)
(0.063875 0.173375 0.100375)
(0.082125 0.173375 0.100375)
(0.100375 0.173375 0.100375)
(0.118625 0.173375 0.100375)
(0.136875 0.173375 0.100375)
(0.155125 0.173375 0.100375)
(0.173375 0.173375 0.100375)
(0.191625 0.173375 0.100375)
(0.209875 0.173375 0.100375)
(0.228125 0.173375 0.100375)
(0.246375 0.173375 0.100375)
(0.264625 0.173375 0.100375)
(0.282875 0.173375 0.100375)
(0.301125 0.173375 0.100375)
(0.319375 0.173375 0.100375)
(0.337625 0.173375 0.100375)
(0.355875 0.173375 0.100375)
(0.374125 0.173375 0.100375)
(0.392375 0.173375 0.100375)
(0.410625 0.173375 0.100375)
(0.428875 0.173375 0.100375)
(0.447125 0.173375 0.100375)
(0.465375 0.173375 0.100375)
(0.483625 0.173375 0.100375)
(0.501875 0.173375 0.100375)
(0.520125 0.173375 0.100375)
(0.538375 0.173375 0.100375)
(0.556625 0.173375 0.100375)
(0.574875 0.173375 0.100375)
(0.009125 0.191625 0.100375)
(0.027375 0.191625 0.100375)
(0.045625 0.191625 0.100375)
(0.063875 0.191625 0.100375)
(0.082125 0.191625 0.100375)
(0.100375 0.191625 0.100375)
(0.118625 0.191625 0.100375)
(0.136875 0.191625 0.100375)
(0.155125 0.191625 0.100375)
(0.173375 0.191625 0.100375)
(0.191625 0.191625 0.100375)
(0.209875 0.191625 0.100375)
(0.228125 0.191625 0.100375)
(0.246375 0.191625 0.100375)
(0.264625 0.191625 0.100375)
(0.282875 0.191625 0.100375)
(0.301125 0.191625 0.100375)
(0.319375 0.191625 0.100375)
(0.337625 0.191625 0.100375)
(0.355875 0.191625 0.100375)
(0.374125 0.191625 0.100375)
(0.392375 0.191625 0.100375)
(0.410625 0.191625 0.100375)
(0.428875 0.191625 0.100375)
(0.447125 0.191625 0.100375)
(0.465375 0.191625 0.100375)
(0.483625 0.191625 0.100375)
(0.501875 0.191625 0.100375)
(0.520125 0.191625 0.100375)
(0.538375 0.191625 0.100375)
(0.556625 0.191625 0.100375)
(0.574875 0.191625 0.100375)
(0.009125 0.209875 0.100375)
(0.027375 0.209875 0.100375)
(0.045625 0.209875 0.100375)
(0.063875 0.209875 0.100375)
(0.082125 0.209875 0.100375)
(0.100375 0.209875 0.100375)
(0.118625 0.209875 0.100375)
(0.136875 0.209875 0.100375)
(0.155125 0.209875 0.100375)
(0.173375 0.209875 0.100375)
(0.191625 0.209875 0.100375)
(0.209875 0.209875 0.100375)
(0.228125 0.209875 0.100375)
(0.246375 0.209875 0.100375)
(0.264625 0.209875 0.100375)
(0.282875 0.209875 0.100375)
(0.301125 0.209875 0.100375)
(0.319375 0.209875 0.100375)
(0.337625 0.209875 0.100375)
(0.355875 0.209875 0.100375)
(0.374125 0.209875 0.100375)
(0.392375 0.209875 0.100375)
(0.410625 0.209875 0.100375)
(0.428875 0.209875 0.100375)
(0.447125 0.209875 0.100375)
(0.465375 0.209875 0.100375)
(0.483625 0.209875 0.100375)
(0.501875 0.209875 0.100375)
(0.520125 0.209875 0.100375)
(0.538375 0.209875 0.100375)
(0.556625 0.209875 0.100375)
(0.574875 0.209875 0.100375)
(0.009125 0.228125 0.100375)
(0.027375 0.228125 0.100375)
(0.045625 0.228125 0.100375)
(0.063875 0.228125 0.100375)
(0.082125 0.228125 0.100375)
(0.100375 0.228125 0.100375)
(0.118625 0.228125 0.100375)
(0.136875 0.228125 0.100375)
(0.155125 0.228125 0.100375)
(0.173375 0.228125 0.100375)
(0.191625 0.228125 0.100375)
(0.209875 0.228125 0.100375)
(0.228125 0.228125 0.100375)
(0.246375 0.228125 0.100375)
(0.264625 0.228125 0.100375)
(0.282875 0.228125 0.100375)
(0.301125 0.228125 0.100375)
(0.319375 0.228125 0.100375)
(0.337625 0.228125 0.100375)
(0.355875 0.228125 0.100375)
(0.374125 0.228125 0.100375)
(0.392375 0.228125 0.100375)
(0.410625 0.228125 0.100375)
(0.428875 0.228125 0.100375)
(0.447125 0.228125 0.100375)
(0.465375 0.228125 0.100375)
(0.483625 0.228125 0.100375)
(0.501875 0.228125 0.100375)
(0.520125 0.228125 0.100375)
(0.538375 0.228125 0.100375)
(0.556625 0.228125 0.100375)
(0.574875 0.228125 0.100375)
(0.009125 0.246375 0.100375)
(0.027375 0.246375 0.100375)
(0.045625 0.246375 0.100375)
(0.063875 0.246375 0.100375)
(0.082125 0.246375 0.100375)
(0.100375 0.246375 0.100375)
(0.118625 0.246375 0.100375)
(0.136875 0.246375 0.100375)
(0.155125 0.246375 0.100375)
(0.173375 0.246375 0.100375)
(0.191625 0.246375 0.100375)
(0.209875 0.246375 0.100375)
(0.228125 0.246375 0.100375)
(0.246375 0.246375 0.100375)
(0.264625 0.246375 0.100375)
(0.282875 0.246375 0.100375)
(0.301125 0.246375 0.100375)
(0.319375 0.246375 0.100375)
(0.337625 0.246375 0.100375)
(0.355875 0.246375 0.100375)
(0.374125 0.246375 0.100375)
(0.392375 0.246375 0.100375)
(0.410625 0.246375 0.100375)
(0.428875 0.246375 0.100375)
(0.447125 0.246375 0.100375)
(0.465375 0.246375 0.100375)
(0.483625 0.246375 0.100375)
(0.501875 0.246375 0.100375)
(0.520125 0.246375 0.100375)
(0.538375 0.246375 0.100375)
(0.556625 0.246375 0.100375)
(0.574875 0.246375 0.100375)
(0.009125 0.264625 0.100375)
(0.027375 0.264625 0.100375)
(0.045625 0.264625 0.100375)
(0.063875 0.264625 0.100375)
(0.082125 0.264625 0.100375)
(0.100375 0.264625 0.100375)
(0.118625 0.264625 0.100375)
(0.136875 0.264625 0.100375)
(0.155125 0.264625 0.100375)
(0.173375 0.264625 0.100375)
(0.191625 0.264625 0.100375)
(0.209875 0.264625 0.100375)
(0.228125 0.264625 0.100375)
(0.246375 0.264625 0.100375)
(0.264625 0.264625 0.100375)
(0.282875 0.264625 0.100375)
(0.301125 0.264625 0.100375)
(0.319375 0.264625 0.100375)
(0.337625 0.264625 0.100375)
(0.355875 0.264625 0.100375)
(0.374125 0.264625 0.100375)
(0.392375 0.264625 0.100375)
(0.410625 0.264625 0.100375)
(0.428875 0.264625 0.100375)
(0.447125 0.264625 0.100375)
(0.465375 0.264625 0.100375)
(0.483625 0.264625 0.100375)
(0.501875 0.264625 0.100375)
(0.520125 0.264625 0.100375)
(0.538375 0.264625 0.100375)
(0.556625 0.264625 0.100375)
(0.574875 0.264625 0.100375)
(0.009125 0.282875 0.100375)
(0.027375 0.282875 0.100375)
(0.045625 0.282875 0.100375)
(0.063875 0.282875 0.100375)
(0.082125 0.282875 0.100375)
(0.100375 0.282875 0.100375)
(0.118625 0.282875 0.100375)
(0.136875 0.282875 0.100375)
(0.155125 0.282875 0.100375)
(0.173375 0.282875 0.100375)
(0.191625 0.282875 0.100375)
(0.209875 0.282875 0.100375)
(0.228125 0.282875 0.100375)
(0.246375 0.282875 0.100375)
(0.264625 0.282875 0.100375)
(0.282875 0.282875 0.100375)
(0.301125 0.282875 0.100375)
(0.319375 0.282875 0.100375)
(0.337625 0.282875 0.100375)
(0.355875 0.282875 0.100375)
(0.374125 0.282875 0.100375)
(0.392375 0.282875 0.100375)
(0.410625 0.282875 0.100375)
(0.428875 0.282875 0.100375)
(0.447125 0.282875 0.100375)
(0.465375 0.282875 0.100375)
(0.483625 0.282875 0.100375)
(0.501875 0.282875 0.100375)
(0.520125 0.282875 0.100375)
(0.538375 0.282875 0.100375)
(0.556625 0.282875 0.100375)
(0.574875 0.282875 0.100375)
(0.009125 0.301125 0.100375)
(0.027375 0.301125 0.100375)
(0.045625 0.301125 0.100375)
(0.063875 0.301125 0.100375)
(0.082125 0.301125 0.100375)
(0.100375 0.301125 0.100375)
(0.118625 0.301125 0.100375)
(0.136875 0.301125 0.100375)
(0.155125 0.301125 0.100375)
(0.173375 0.301125 0.100375)
(0.191625 0.301125 0.100375)
(0.209875 0.301125 0.100375)
(0.228125 0.301125 0.100375)
(0.246375 0.301125 0.100375)
(0.264625 0.301125 0.100375)
(0.282875 0.301125 0.100375)
(0.301125 0.301125 0.100375)
(0.319375 0.301125 0.100375)
(0.337625 0.301125 0.100375)
(0.355875 0.301125 0.100375)
(0.374125 0.301125 0.100375)
(0.392375 0.301125 0.100375)
(0.410625 0.301125 0.100375)
(0.428875 0.301125 0.100375)
(0.447125 0.301125 0.100375)
(0.465375 0.301125 0.100375)
(0.483625 0.301125 0.100375)
(0.501875 0.301125 0.100375)
(0.520125 0.301125 0.100375)
(0.538375 0.301125 0.100375)
(0.556625 0.301125 0.100375)
(0.574875 0.301125 0.100375)
(0.009125 0.319375 0.100375)
(0.027375 0.319375 0.100375)
(0.045625 0.319375 0.100375)
(0.063875 0.319375 0.100375)
(0.082125 0.319375 0.100375)
(0.100375 0.319375 0.100375)
(0.118625 0.319375 0.100375)
(0.136875 0.319375 0.100375)
(0.155125 0.319375 0.100375)
(0.173375 0.319375 0.100375)
(0.191625 0.319375 0.100375)
(0.209875 0.319375 0.100375)
(0.228125 0.319375 0.100375)
(0.246375 0.319375 0.100375)
(0.264625 0.319375 0.100375)
(0.282875 0.319375 0.100375)
(0.301125 0.319375 0.100375)
(0.319375 0.319375 0.100375)
(0.337625 0.319375 0.100375)
(0.355875 0.319375 0.100375)
(0.374125 0.319375 0.100375)
(0.392375 0.319375 0.100375)
(0.410625 0.319375 0.100375)
(0.428875 0.319375 0.100375)
(0.447125 0.319375 0.100375)
(0.465375 0.319375 0.100375)
(0.483625 0.319375 0.100375)
(0.501875 0.319375 0.100375)
(0.520125 0.319375 0.100375)
(0.538375 0.319375 0.100375)
(0.556625 0.319375 0.100375)
(0.574875 0.319375 0.100375)
(0.009125 0.337625 0.100375)
(0.027375 0.337625 0.100375)
(0.045625 0.337625 0.100375)
(0.063875 0.337625 0.100375)
(0.082125 0.337625 0.100375)
(0.100375 0.337625 0.100375)
(0.118625 0.337625 0.100375)
(0.136875 0.337625 0.100375)
(0.155125 0.337625 0.100375)
(0.173375 0.337625 0.100375)
(0.191625 0.337625 0.100375)
(0.209875 0.337625 0.100375)
(0.228125 0.337625 0.100375)
(0.246375 0.337625 0.100375)
(0.264625 0.337625 0.100375)
(0.282875 0.337625 0.100375)
(0.301125 0.337625 0.100375)
(0.319375 0.337625 0.100375)
(0.337625 0.337625 0.100375)
(0.355875 0.337625 0.100375)
(0.374125 0.337625 0.100375)
(0.392375 0.337625 0.100375)
(0.410625 0.337625 0.100375)
(0.428875 0.337625 0.100375)
(0.447125 0.337625 0.100375)
(0.465375 0.337625 0.100375)
(0.483625 0.337625 0.100375)
(0.501875 0.337625 0.100375)
(0.520125 0.337625 0.100375)
(0.538375 0.337625 0.100375)
(0.556625 0.337625 0.100375)
(0.574875 0.337625 0.100375)
(0.009125 0.355875 0.100375)
(0.027375 0.355875 0.100375)
(0.045625 0.355875 0.100375)
(0.063875 0.355875 0.100375)
(0.082125 0.355875 0.100375)
(0.100375 0.355875 0.100375)
(0.118625 0.355875 0.100375)
(0.136875 0.355875 0.100375)
(0.155125 0.355875 0.100375)
(0.173375 0.355875 0.100375)
(0.191625 0.355875 0.100375)
(0.209875 0.355875 0.100375)
(0.228125 0.355875 0.100375)
(0.246375 0.355875 0.100375)
(0.264625 0.355875 0.100375)
(0.282875 0.355875 0.100375)
(0.301125 0.355875 0.100375)
(0.319375 0.355875 0.100375)
(0.337625 0.355875 0.100375)
(0.355875 0.355875 0.100375)
(0.374125 0.355875 0.100375)
(0.392375 0.355875 0.100375)
(0.410625 0.355875 0.100375)
(0.428875 0.355875 0.100375)
(0.447125 0.355875 0.100375)
(0.465375 0.355875 0.100375)
(0.483625 0.355875 0.100375)
(0.501875 0.355875 0.100375)
(0.520125 0.355875 0.100375)
(0.538375 0.355875 0.100375)
(0.556625 0.355875 0.100375)
(0.574875 0.355875 0.100375)
(0.009125 0.374125 0.100375)
(0.027375 0.374125 0.100375)
(0.045625 0.374125 0.100375)
(0.063875 0.374125 0.100375)
(0.082125 0.374125 0.100375)
(0.100375 0.374125 0.100375)
(0.118625 0.374125 0.100375)
(0.136875 0.374125 0.100375)
(0.155125 0.374125 0.100375)
(0.173375 0.374125 0.100375)
(0.191625 0.374125 0.100375)
(0.209875 0.374125 0.100375)
(0.228125 0.374125 0.100375)
(0.246375 0.374125 0.100375)
(0.264625 0.374125 0.100375)
(0.282875 0.374125 0.100375)
(0.301125 0.374125 0.100375)
(0.319375 0.374125 0.100375)
(0.337625 0.374125 0.100375)
(0.355875 0.374125 0.100375)
(0.374125 0.374125 0.100375)
(0.392375 0.374125 0.100375)
(0.410625 0.374125 0.100375)
(0.428875 0.374125 0.100375)
(0.447125 0.374125 0.100375)
(0.465375 0.374125 0.100375)
(0.483625 0.374125 0.100375)
(0.501875 0.374125 0.100375)
(0.520125 0.374125 0.100375)
(0.538375 0.374125 0.100375)
(0.556625 0.374125 0.100375)
(0.574875 0.374125 0.100375)
(0.009125 0.392375 0.100375)
(0.027375 0.392375 0.100375)
(0.045625 0.392375 0.100375)
(0.063875 0.392375 0.100375)
(0.082125 0.392375 0.100375)
(0.100375 0.392375 0.100375)
(0.118625 0.392375 0.100375)
(0.136875 0.392375 0.100375)
(0.155125 0.392375 0.100375)
(0.173375 0.392375 0.100375)
(0.191625 0.392375 0.100375)
(0.209875 0.392375 0.100375)
(0.228125 0.392375 0.100375)
(0.246375 0.392375 0.100375)
(0.264625 0.392375 0.100375)
(0.282875 0.392375 0.100375)
(0.301125 0.392375 0.100375)
(0.319375 0.392375 0.100375)
(0.337625 0.392375 0.100375)
(0.355875 0.392375 0.100375)
(0.374125 0.392375 0.100375)
(0.392375 0.392375 0.100375)
(0.410625 0.392375 0.100375)
(0.428875 0.392375 0.100375)
(0.447125 0.392375 0.100375)
(0.465375 0.392375 0.100375)
(0.483625 0.392375 0.100375)
(0.501875 0.392375 0.100375)
(0.520125 0.392375 0.100375)
(0.538375 0.392375 0.100375)
(0.556625 0.392375 0.100375)
(0.574875 0.392375 0.100375)
(0.009125 0.410625 0.100375)
(0.027375 0.410625 0.100375)
(0.045625 0.410625 0.100375)
(0.063875 0.410625 0.100375)
(0.082125 0.410625 0.100375)
(0.100375 0.410625 0.100375)
(0.118625 0.410625 0.100375)
(0.136875 0.410625 0.100375)
(0.155125 0.410625 0.100375)
(0.173375 0.410625 0.100375)
(0.191625 0.410625 0.100375)
(0.209875 0.410625 0.100375)
(0.228125 0.410625 0.100375)
(0.246375 0.410625 0.100375)
(0.264625 0.410625 0.100375)
(0.282875 0.410625 0.100375)
(0.301125 0.410625 0.100375)
(0.319375 0.410625 0.100375)
(0.337625 0.410625 0.100375)
(0.355875 0.410625 0.100375)
(0.374125 0.410625 0.100375)
(0.392375 0.410625 0.100375)
(0.410625 0.410625 0.100375)
(0.428875 0.410625 0.100375)
(0.447125 0.410625 0.100375)
(0.465375 0.410625 0.100375)
(0.483625 0.410625 0.100375)
(0.501875 0.410625 0.100375)
(0.520125 0.410625 0.100375)
(0.538375 0.410625 0.100375)
(0.556625 0.410625 0.100375)
(0.574875 0.410625 0.100375)
(0.009125 0.428875 0.100375)
(0.027375 0.428875 0.100375)
(0.045625 0.428875 0.100375)
(0.063875 0.428875 0.100375)
(0.082125 0.428875 0.100375)
(0.100375 0.428875 0.100375)
(0.118625 0.428875 0.100375)
(0.136875 0.428875 0.100375)
(0.155125 0.428875 0.100375)
(0.173375 0.428875 0.100375)
(0.191625 0.428875 0.100375)
(0.209875 0.428875 0.100375)
(0.228125 0.428875 0.100375)
(0.246375 0.428875 0.100375)
(0.264625 0.428875 0.100375)
(0.282875 0.428875 0.100375)
(0.301125 0.428875 0.100375)
(0.319375 0.428875 0.100375)
(0.337625 0.428875 0.100375)
(0.355875 0.428875 0.100375)
(0.374125 0.428875 0.100375)
(0.392375 0.428875 0.100375)
(0.410625 0.428875 0.100375)
(0.428875 0.428875 0.100375)
(0.447125 0.428875 0.100375)
(0.465375 0.428875 0.100375)
(0.483625 0.428875 0.100375)
(0.501875 0.428875 0.100375)
(0.520125 0.428875 0.100375)
(0.538375 0.428875 0.100375)
(0.556625 0.428875 0.100375)
(0.574875 0.428875 0.100375)
(0.009125 0.447125 0.100375)
(0.027375 0.447125 0.100375)
(0.045625 0.447125 0.100375)
(0.063875 0.447125 0.100375)
(0.082125 0.447125 0.100375)
(0.100375 0.447125 0.100375)
(0.118625 0.447125 0.100375)
(0.136875 0.447125 0.100375)
(0.155125 0.447125 0.100375)
(0.173375 0.447125 0.100375)
(0.191625 0.447125 0.100375)
(0.209875 0.447125 0.100375)
(0.228125 0.447125 0.100375)
(0.246375 0.447125 0.100375)
(0.264625 0.447125 0.100375)
(0.282875 0.447125 0.100375)
(0.301125 0.447125 0.100375)
(0.319375 0.447125 0.100375)
(0.337625 0.447125 0.100375)
(0.355875 0.447125 0.100375)
(0.374125 0.447125 0.100375)
(0.392375 0.447125 0.100375)
(0.410625 0.447125 0.100375)
(0.428875 0.447125 0.100375)
(0.447125 0.447125 0.100375)
(0.465375 0.447125 0.100375)
(0.483625 0.447125 0.100375)
(0.501875 0.447125 0.100375)
(0.520125 0.447125 0.100375)
(0.538375 0.447125 0.100375)
(0.556625 0.447125 0.100375)
(0.574875 0.447125 0.100375)
(0.009125 0.465375 0.100375)
(0.027375 0.465375 0.100375)
(0.045625 0.465375 0.100375)
(0.063875 0.465375 0.100375)
(0.082125 0.465375 0.100375)
(0.100375 0.465375 0.100375)
(0.118625 0.465375 0.100375)
(0.136875 0.465375 0.100375)
(0.155125 0.465375 0.100375)
(0.173375 0.465375 0.100375)
(0.191625 0.465375 0.100375)
(0.209875 0.465375 0.100375)
(0.228125 0.465375 0.100375)
(0.246375 0.465375 0.100375)
(0.264625 0.465375 0.100375)
(0.282875 0.465375 0.100375)
(0.301125 0.465375 0.100375)
(0.319375 0.465375 0.100375)
(0.337625 0.465375 0.100375)
(0.355875 0.465375 0.100375)
(0.374125 0.465375 0.100375)
(0.392375 0.465375 0.100375)
(0.410625 0.465375 0.100375)
(0.428875 0.465375 0.100375)
(0.447125 0.465375 0.100375)
(0.465375 0.465375 0.100375)
(0.483625 0.465375 0.100375)
(0.501875 0.465375 0.100375)
(0.520125 0.465375 0.100375)
(0.538375 0.465375 0.100375)
(0.556625 0.465375 0.100375)
(0.574875 0.465375 0.100375)
(0.009125 0.483625 0.100375)
(0.027375 0.483625 0.100375)
(0.045625 0.483625 0.100375)
(0.063875 0.483625 0.100375)
(0.082125 0.483625 0.100375)
(0.100375 0.483625 0.100375)
(0.118625 0.483625 0.100375)
(0.136875 0.483625 0.100375)
(0.155125 0.483625 0.100375)
(0.173375 0.483625 0.100375)
(0.191625 0.483625 0.100375)
(0.209875 0.483625 0.100375)
(0.228125 0.483625 0.100375)
(0.246375 0.483625 0.100375)
(0.264625 0.483625 0.100375)
(0.282875 0.483625 0.100375)
(0.301125 0.483625 0.100375)
(0.319375 0.483625 0.100375)
(0.337625 0.483625 0.100375)
(0.355875 0.483625 0.100375)
(0.374125 0.483625 0.100375)
(0.392375 0.483625 0.100375)
(0.410625 0.483625 0.100375)
(0.428875 0.483625 0.100375)
(0.447125 0.483625 0.100375)
(0.465375 0.483625 0.100375)
(0.483625 0.483625 0.100375)
(0.501875 0.483625 0.100375)
(0.520125 0.483625 0.100375)
(0.538375 0.483625 0.100375)
(0.556625 0.483625 0.100375)
(0.574875 0.483625 0.100375)
(0.009125 0.501875 0.100375)
(0.027375 0.501875 0.100375)
(0.045625 0.501875 0.100375)
(0.063875 0.501875 0.100375)
(0.082125 0.501875 0.100375)
(0.100375 0.501875 0.100375)
(0.118625 0.501875 0.100375)
(0.136875 0.501875 0.100375)
(0.155125 0.501875 0.100375)
(0.173375 0.501875 0.100375)
(0.191625 0.501875 0.100375)
(0.209875 0.501875 0.100375)
(0.228125 0.501875 0.100375)
(0.246375 0.501875 0.100375)
(0.264625 0.501875 0.100375)
(0.282875 0.501875 0.100375)
(0.301125 0.501875 0.100375)
(0.319375 0.501875 0.100375)
(0.337625 0.501875 0.100375)
(0.355875 0.501875 0.100375)
(0.374125 0.501875 0.100375)
(0.392375 0.501875 0.100375)
(0.410625 0.501875 0.100375)
(0.428875 0.501875 0.100375)
(0.447125 0.501875 0.100375)
(0.465375 0.501875 0.100375)
(0.483625 0.501875 0.100375)
(0.501875 0.501875 0.100375)
(0.520125 0.501875 0.100375)
(0.538375 0.501875 0.100375)
(0.556625 0.501875 0.100375)
(0.574875 0.501875 0.100375)
(0.009125 0.520125 0.100375)
(0.027375 0.520125 0.100375)
(0.045625 0.520125 0.100375)
(0.063875 0.520125 0.100375)
(0.082125 0.520125 0.100375)
(0.100375 0.520125 0.100375)
(0.118625 0.520125 0.100375)
(0.136875 0.520125 0.100375)
(0.155125 0.520125 0.100375)
(0.173375 0.520125 0.100375)
(0.191625 0.520125 0.100375)
(0.209875 0.520125 0.100375)
(0.228125 0.520125 0.100375)
(0.246375 0.520125 0.100375)
(0.264625 0.520125 0.100375)
(0.282875 0.520125 0.100375)
(0.301125 0.520125 0.100375)
(0.319375 0.520125 0.100375)
(0.337625 0.520125 0.100375)
(0.355875 0.520125 0.100375)
(0.374125 0.520125 0.100375)
(0.392375 0.520125 0.100375)
(0.410625 0.520125 0.100375)
(0.428875 0.520125 0.100375)
(0.447125 0.520125 0.100375)
(0.465375 0.520125 0.100375)
(0.483625 0.520125 0.100375)
(0.501875 0.520125 0.100375)
(0.520125 0.520125 0.100375)
(0.538375 0.520125 0.100375)
(0.556625 0.520125 0.100375)
(0.574875 0.520125 0.100375)
(0.009125 0.538375 0.100375)
(0.027375 0.538375 0.100375)
(0.045625 0.538375 0.100375)
(0.063875 0.538375 0.100375)
(0.082125 0.538375 0.100375)
(0.100375 0.538375 0.100375)
(0.118625 0.538375 0.100375)
(0.136875 0.538375 0.100375)
(0.155125 0.538375 0.100375)
(0.173375 0.538375 0.100375)
(0.191625 0.538375 0.100375)
(0.209875 0.538375 0.100375)
(0.228125 0.538375 0.100375)
(0.246375 0.538375 0.100375)
(0.264625 0.538375 0.100375)
(0.282875 0.538375 0.100375)
(0.301125 0.538375 0.100375)
(0.319375 0.538375 0.100375)
(0.337625 0.538375 0.100375)
(0.355875 0.538375 0.100375)
(0.374125 0.538375 0.100375)
(0.392375 0.538375 0.100375)
(0.410625 0.538375 0.100375)
(0.428875 0.538375 0.100375)
(0.447125 0.538375 0.100375)
(0.465375 0.538375 0.100375)
(0.483625 0.538375 0.100375)
(0.501875 0.538375 0.100375)
(0.520125 0.538375 0.100375)
(0.538375 0.538375 0.100375)
(0.556625 0.538375 0.100375)
(0.574875 0.538375 0.100375)
(0.009125 0.556625 0.100375)
(0.027375 0.556625 0.100375)
(0.045625 0.556625 0.100375)
(0.063875 0.556625 0.100375)
(0.082125 0.556625 0.100375)
(0.100375 0.556625 0.100375)
(0.118625 0.556625 0.100375)
(0.136875 0.556625 0.100375)
(0.155125 0.556625 0.100375)
(0.173375 0.556625 0.100375)
(0.191625 0.556625 0.100375)
(0.209875 0.556625 0.100375)
(0.228125 0.556625 0.100375)
(0.246375 0.556625 0.100375)
(0.264625 0.556625 0.100375)
(0.282875 0.556625 0.100375)
(0.301125 0.556625 0.100375)
(0.319375 0.556625 0.100375)
(0.337625 0.556625 0.100375)
(0.355875 0.556625 0.100375)
(0.374125 0.556625 0.100375)
(0.392375 0.556625 0.100375)
(0.410625 0.556625 0.100375)
(0.428875 0.556625 0.100375)
(0.447125 0.556625 0.100375)
(0.465375 0.556625 0.100375)
(0.483625 0.556625 0.100375)
(0.501875 0.556625 0.100375)
(0.520125 0.556625 0.100375)
(0.538375 0.556625 0.100375)
(0.556625 0.556625 0.100375)
(0.574875 0.556625 0.100375)
(0.009125 0.574875 0.100375)
(0.027375 0.574875 0.100375)
(0.045625 0.574875 0.100375)
(0.063875 0.574875 0.100375)
(0.082125 0.574875 0.100375)
(0.100375 0.574875 0.100375)
(0.118625 0.574875 0.100375)
(0.136875 0.574875 0.100375)
(0.155125 0.574875 0.100375)
(0.173375 0.574875 0.100375)
(0.191625 0.574875 0.100375)
(0.209875 0.574875 0.100375)
(0.228125 0.574875 0.100375)
(0.246375 0.574875 0.100375)
(0.264625 0.574875 0.100375)
(0.282875 0.574875 0.100375)
(0.301125 0.574875 0.100375)
(0.319375 0.574875 0.100375)
(0.337625 0.574875 0.100375)
(0.355875 0.574875 0.100375)
(0.374125 0.574875 0.100375)
(0.392375 0.574875 0.100375)
(0.410625 0.574875 0.100375)
(0.428875 0.574875 0.100375)
(0.447125 0.574875 0.100375)
(0.465375 0.574875 0.100375)
(0.483625 0.574875 0.100375)
(0.501875 0.574875 0.100375)
(0.520125 0.574875 0.100375)
(0.538375 0.574875 0.100375)
(0.556625 0.574875 0.100375)
(0.574875 0.574875 0.100375)
(0.009125 0.009125 0.118625)
(0.027375 0.009125 0.118625)
(0.045625 0.009125 0.118625)
(0.063875 0.009125 0.118625)
(0.082125 0.009125 0.118625)
(0.100375 0.009125 0.118625)
(0.118625 0.009125 0.118625)
(0.136875 0.009125 0.118625)
(0.155125 0.009125 0.118625)
(0.173375 0.009125 0.118625)
(0.191625 0.009125 0.118625)
(0.209875 0.009125 0.118625)
(0.228125 0.009125 0.118625)
(0.246375 0.009125 0.118625)
(0.264625 0.009125 0.118625)
(0.282875 0.009125 0.118625)
(0.301125 0.009125 0.118625)
(0.319375 0.009125 0.118625)
(0.337625 0.009125 0.118625)
(0.355875 0.009125 0.118625)
(0.374125 0.009125 0.118625)
(0.392375 0.009125 0.118625)
(0.410625 0.009125 0.118625)
(0.428875 0.009125 0.118625)
(0.447125 0.009125 0.118625)
(0.465375 0.009125 0.118625)
(0.483625 0.009125 0.118625)
(0.501875 0.009125 0.118625)
(0.520125 0.009125 0.118625)
(0.538375 0.009125 0.118625)
(0.556625 0.009125 0.118625)
(0.574875 0.009125 0.118625)
(0.009125 0.027375 0.118625)
(0.027375 0.027375 0.118625)
(0.045625 0.027375 0.118625)
(0.063875 0.027375 0.118625)
(0.082125 0.027375 0.118625)
(0.100375 0.027375 0.118625)
(0.118625 0.027375 0.118625)
(0.136875 0.027375 0.118625)
(0.155125 0.027375 0.118625)
(0.173375 0.027375 0.118625)
(0.191625 0.027375 0.118625)
(0.209875 0.027375 0.118625)
(0.228125 0.027375 0.118625)
(0.246375 0.027375 0.118625)
(0.264625 0.027375 0.118625)
(0.282875 0.027375 0.118625)
(0.301125 0.027375 0.118625)
(0.319375 0.027375 0.118625)
(0.337625 0.027375 0.118625)
(0.355875 0.027375 0.118625)
(0.374125 0.027375 0.118625)
(0.392375 0.027375 0.118625)
(0.410625 0.027375 0.118625)
(0.428875 0.027375 0.118625)
(0.447125 0.027375 0.118625)
(0.465375 0.027375 0.118625)
(0.483625 0.027375 0.118625)
(0.501875 0.027375 0.118625)
(0.520125 0.027375 0.118625)
(0.538375 0.027375 0.118625)
(0.556625 0.027375 0.118625)
(0.574875 0.027375 0.118625)
(0.009125 0.045625 0.118625)
(0.027375 0.045625 0.118625)
(0.045625 0.045625 0.118625)
(0.063875 0.045625 0.118625)
(0.082125 0.045625 0.118625)
(0.100375 0.045625 0.118625)
(0.118625 0.045625 0.118625)
(0.136875 0.045625 0.118625)
(0.155125 0.045625 0.118625)
(0.173375 0.045625 0.118625)
(0.191625 0.045625 0.118625)
(0.209875 0.045625 0.118625)
(0.228125 0.045625 0.118625)
(0.246375 0.045625 0.118625)
(0.264625 0.045625 0.118625)
(0.282875 0.045625 0.118625)
(0.301125 0.045625 0.118625)
(0.319375 0.045625 0.118625)
(0.337625 0.045625 0.118625)
(0.355875 0.045625 0.118625)
(0.374125 0.045625 0.118625)
(0.392375 0.045625 0.118625)
(0.410625 0.045625 0.118625)
(0.428875 0.045625 0.118625)
(0.447125 0.045625 0.118625)
(0.465375 0.045625 0.118625)
(0.483625 0.045625 0.118625)
(0.501875 0.045625 0.118625)
(0.520125 0.045625 0.118625)
(0.538375 0.045625 0.118625)
(0.556625 0.045625 0.118625)
(0.574875 0.045625 0.118625)
(0.009125 0.063875 0.118625)
(0.027375 0.063875 0.118625)
(0.045625 0.063875 0.118625)
(0.063875 0.063875 0.118625)
(0.082125 0.063875 0.118625)
(0.100375 0.063875 0.118625)
(0.118625 0.063875 0.118625)
(0.136875 0.063875 0.118625)
(0.155125 0.063875 0.118625)
(0.173375 0.063875 0.118625)
(0.191625 0.063875 0.118625)
(0.209875 0.063875 0.118625)
(0.228125 0.063875 0.118625)
(0.246375 0.063875 0.118625)
(0.264625 0.063875 0.118625)
(0.282875 0.063875 0.118625)
(0.301125 0.063875 0.118625)
(0.319375 0.063875 0.118625)
(0.337625 0.063875 0.118625)
(0.355875 0.063875 0.118625)
(0.374125 0.063875 0.118625)
(0.392375 0.063875 0.118625)
(0.410625 0.063875 0.118625)
(0.428875 0.063875 0.118625)
(0.447125 0.063875 0.118625)
(0.465375 0.063875 0.118625)
(0.483625 0.063875 0.118625)
(0.501875 0.063875 0.118625)
(0.520125 0.063875 0.118625)
(0.538375 0.063875 0.118625)
(0.556625 0.063875 0.118625)
(0.574875 0.063875 0.118625)
(0.009125 0.082125 0.118625)
(0.027375 0.082125 0.118625)
(0.045625 0.082125 0.118625)
(0.063875 0.082125 0.118625)
(0.082125 0.082125 0.118625)
(0.100375 0.082125 0.118625)
(0.118625 0.082125 0.118625)
(0.136875 0.082125 0.118625)
(0.155125 0.082125 0.118625)
(0.173375 0.082125 0.118625)
(0.191625 0.082125 0.118625)
(0.209875 0.082125 0.118625)
(0.228125 0.082125 0.118625)
(0.246375 0.082125 0.118625)
(0.264625 0.082125 0.118625)
(0.282875 0.082125 0.118625)
(0.301125 0.082125 0.118625)
(0.319375 0.082125 0.118625)
(0.337625 0.082125 0.118625)
(0.355875 0.082125 0.118625)
(0.374125 0.082125 0.118625)
(0.392375 0.082125 0.118625)
(0.410625 0.082125 0.118625)
(0.428875 0.082125 0.118625)
(0.447125 0.082125 0.118625)
(0.465375 0.082125 0.118625)
(0.483625 0.082125 0.118625)
(0.501875 0.082125 0.118625)
(0.520125 0.082125 0.118625)
(0.538375 0.082125 0.118625)
(0.556625 0.082125 0.118625)
(0.574875 0.082125 0.118625)
(0.009125 0.100375 0.118625)
(0.027375 0.100375 0.118625)
(0.045625 0.100375 0.118625)
(0.063875 0.100375 0.118625)
(0.082125 0.100375 0.118625)
(0.100375 0.100375 0.118625)
(0.118625 0.100375 0.118625)
(0.136875 0.100375 0.118625)
(0.155125 0.100375 0.118625)
(0.173375 0.100375 0.118625)
(0.191625 0.100375 0.118625)
(0.209875 0.100375 0.118625)
(0.228125 0.100375 0.118625)
(0.246375 0.100375 0.118625)
(0.264625 0.100375 0.118625)
(0.282875 0.100375 0.118625)
(0.301125 0.100375 0.118625)
(0.319375 0.100375 0.118625)
(0.337625 0.100375 0.118625)
(0.355875 0.100375 0.118625)
(0.374125 0.100375 0.118625)
(0.392375 0.100375 0.118625)
(0.410625 0.100375 0.118625)
(0.428875 0.100375 0.118625)
(0.447125 0.100375 0.118625)
(0.465375 0.100375 0.118625)
(0.483625 0.100375 0.118625)
(0.501875 0.100375 0.118625)
(0.520125 0.100375 0.118625)
(0.538375 0.100375 0.118625)
(0.556625 0.100375 0.118625)
(0.574875 0.100375 0.118625)
(0.009125 0.118625 0.118625)
(0.027375 0.118625 0.118625)
(0.045625 0.118625 0.118625)
(0.063875 0.118625 0.118625)
(0.082125 0.118625 0.118625)
(0.100375 0.118625 0.118625)
(0.118625 0.118625 0.118625)
(0.136875 0.118625 0.118625)
(0.155125 0.118625 0.118625)
(0.173375 0.118625 0.118625)
(0.191625 0.118625 0.118625)
(0.209875 0.118625 0.118625)
(0.228125 0.118625 0.118625)
(0.246375 0.118625 0.118625)
(0.264625 0.118625 0.118625)
(0.282875 0.118625 0.118625)
(0.301125 0.118625 0.118625)
(0.319375 0.118625 0.118625)
(0.337625 0.118625 0.118625)
(0.355875 0.118625 0.118625)
(0.374125 0.118625 0.118625)
(0.392375 0.118625 0.118625)
(0.410625 0.118625 0.118625)
(0.428875 0.118625 0.118625)
(0.447125 0.118625 0.118625)
(0.465375 0.118625 0.118625)
(0.483625 0.118625 0.118625)
(0.501875 0.118625 0.118625)
(0.520125 0.118625 0.118625)
(0.538375 0.118625 0.118625)
(0.556625 0.118625 0.118625)
(0.574875 0.118625 0.118625)
(0.009125 0.136875 0.118625)
(0.027375 0.136875 0.118625)
(0.045625 0.136875 0.118625)
(0.063875 0.136875 0.118625)
(0.082125 0.136875 0.118625)
(0.100375 0.136875 0.118625)
(0.118625 0.136875 0.118625)
(0.136875 0.136875 0.118625)
(0.155125 0.136875 0.118625)
(0.173375 0.136875 0.118625)
(0.191625 0.136875 0.118625)
(0.209875 0.136875 0.118625)
(0.228125 0.136875 0.118625)
(0.246375 0.136875 0.118625)
(0.264625 0.136875 0.118625)
(0.282875 0.136875 0.118625)
(0.301125 0.136875 0.118625)
(0.319375 0.136875 0.118625)
(0.337625 0.136875 0.118625)
(0.355875 0.136875 0.118625)
(0.374125 0.136875 0.118625)
(0.392375 0.136875 0.118625)
(0.410625 0.136875 0.118625)
(0.428875 0.136875 0.118625)
(0.447125 0.136875 0.118625)
(0.465375 0.136875 0.118625)
(0.483625 0.136875 0.118625)
(0.501875 0.136875 0.118625)
(0.520125 0.136875 0.118625)
(0.538375 0.136875 0.118625)
(0.556625 0.136875 0.118625)
(0.574875 0.136875 0.118625)
(0.009125 0.155125 0.118625)
(0.027375 0.155125 0.118625)
(0.045625 0.155125 0.118625)
(0.063875 0.155125 0.118625)
(0.082125 0.155125 0.118625)
(0.100375 0.155125 0.118625)
(0.118625 0.155125 0.118625)
(0.136875 0.155125 0.118625)
(0.155125 0.155125 0.118625)
(0.173375 0.155125 0.118625)
(0.191625 0.155125 0.118625)
(0.209875 0.155125 0.118625)
(0.228125 0.155125 0.118625)
(0.246375 0.155125 0.118625)
(0.264625 0.155125 0.118625)
(0.282875 0.155125 0.118625)
(0.301125 0.155125 0.118625)
(0.319375 0.155125 0.118625)
(0.337625 0.155125 0.118625)
(0.355875 0.155125 0.118625)
(0.374125 0.155125 0.118625)
(0.392375 0.155125 0.118625)
(0.410625 0.155125 0.118625)
(0.428875 0.155125 0.118625)
(0.447125 0.155125 0.118625)
(0.465375 0.155125 0.118625)
(0.483625 0.155125 0.118625)
(0.501875 0.155125 0.118625)
(0.520125 0.155125 0.118625)
(0.538375 0.155125 0.118625)
(0.556625 0.155125 0.118625)
(0.574875 0.155125 0.118625)
(0.009125 0.173375 0.118625)
(0.027375 0.173375 0.118625)
(0.045625 0.173375 0.118625)
(0.063875 0.173375 0.118625)
(0.082125 0.173375 0.118625)
(0.100375 0.173375 0.118625)
(0.118625 0.173375 0.118625)
(0.136875 0.173375 0.118625)
(0.155125 0.173375 0.118625)
(0.173375 0.173375 0.118625)
(0.191625 0.173375 0.118625)
(0.209875 0.173375 0.118625)
(0.228125 0.173375 0.118625)
(0.246375 0.173375 0.118625)
(0.264625 0.173375 0.118625)
(0.282875 0.173375 0.118625)
(0.301125 0.173375 0.118625)
(0.319375 0.173375 0.118625)
(0.337625 0.173375 0.118625)
(0.355875 0.173375 0.118625)
(0.374125 0.173375 0.118625)
(0.392375 0.173375 0.118625)
(0.410625 0.173375 0.118625)
(0.428875 0.173375 0.118625)
(0.447125 0.173375 0.118625)
(0.465375 0.173375 0.118625)
(0.483625 0.173375 0.118625)
(0.501875 0.173375 0.118625)
(0.520125 0.173375 0.118625)
(0.538375 0.173375 0.118625)
(0.556625 0.173375 0.118625)
(0.574875 0.173375 0.118625)
(0.009125 0.191625 0.118625)
(0.027375 0.191625 0.118625)
(0.045625 0.191625 0.118625)
(0.063875 0.191625 0.118625)
(0.082125 0.191625 0.118625)
(0.100375 0.191625 0.118625)
(0.118625 0.191625 0.118625)
(0.136875 0.191625 0.118625)
(0.155125 0.191625 0.118625)
(0.173375 0.191625 0.118625)
(0.191625 0.191625 0.118625)
(0.209875 0.191625 0.118625)
(0.228125 0.191625 0.118625)
(0.246375 0.191625 0.118625)
(0.264625 0.191625 0.118625)
(0.282875 0.191625 0.118625)
(0.301125 0.191625 0.118625)
(0.319375 0.191625 0.118625)
(0.337625 0.191625 0.118625)
(0.355875 0.191625 0.118625)
(0.374125 0.191625 0.118625)
(0.392375 0.191625 0.118625)
(0.410625 0.191625 0.118625)
(0.428875 0.191625 0.118625)
(0.447125 0.191625 0.118625)
(0.465375 0.191625 0.118625)
(0.483625 0.191625 0.118625)
(0.501875 0.191625 0.118625)
(0.520125 0.191625 0.118625)
(0.538375 0.191625 0.118625)
(0.556625 0.191625 0.118625)
(0.574875 0.191625 0.118625)
(0.009125 0.209875 0.118625)
(0.027375 0.209875 0.118625)
(0.045625 0.209875 0.118625)
(0.063875 0.209875 0.118625)
(0.082125 0.209875 0.118625)
(0.100375 0.209875 0.118625)
(0.118625 0.209875 0.118625)
(0.136875 0.209875 0.118625)
(0.155125 0.209875 0.118625)
(0.173375 0.209875 0.118625)
(0.191625 0.209875 0.118625)
(0.209875 0.209875 0.118625)
(0.228125 0.209875 0.118625)
(0.246375 0.209875 0.118625)
(0.264625 0.209875 0.118625)
(0.282875 0.209875 0.118625)
(0.301125 0.209875 0.118625)
(0.319375 0.209875 0.118625)
(0.337625 0.209875 0.118625)
(0.355875 0.209875 0.118625)
(0.374125 0.209875 0.118625)
(0.392375 0.209875 0.118625)
(0.410625 0.209875 0.118625)
(0.428875 0.209875 0.118625)
(0.447125 0.209875 0.118625)
(0.465375 0.209875 0.118625)
(0.483625 0.209875 0.118625)
(0.501875 0.209875 0.118625)
(0.520125 0.209875 0.118625)
(0.538375 0.209875 0.118625)
(0.556625 0.209875 0.118625)
(0.574875 0.209875 0.118625)
(0.009125 0.228125 0.118625)
(0.027375 0.228125 0.118625)
(0.045625 0.228125 0.118625)
(0.063875 0.228125 0.118625)
(0.082125 0.228125 0.118625)
(0.100375 0.228125 0.118625)
(0.118625 0.228125 0.118625)
(0.136875 0.228125 0.118625)
(0.155125 0.228125 0.118625)
(0.173375 0.228125 0.118625)
(0.191625 0.228125 0.118625)
(0.209875 0.228125 0.118625)
(0.228125 0.228125 0.118625)
(0.246375 0.228125 0.118625)
(0.264625 0.228125 0.118625)
(0.282875 0.228125 0.118625)
(0.301125 0.228125 0.118625)
(0.319375 0.228125 0.118625)
(0.337625 0.228125 0.118625)
(0.355875 0.228125 0.118625)
(0.374125 0.228125 0.118625)
(0.392375 0.228125 0.118625)
(0.410625 0.228125 0.118625)
(0.428875 0.228125 0.118625)
(0.447125 0.228125 0.118625)
(0.465375 0.228125 0.118625)
(0.483625 0.228125 0.118625)
(0.501875 0.228125 0.118625)
(0.520125 0.228125 0.118625)
(0.538375 0.228125 0.118625)
(0.556625 0.228125 0.118625)
(0.574875 0.228125 0.118625)
(0.009125 0.246375 0.118625)
(0.027375 0.246375 0.118625)
(0.045625 0.246375 0.118625)
(0.063875 0.246375 0.118625)
(0.082125 0.246375 0.118625)
(0.100375 0.246375 0.118625)
(0.118625 0.246375 0.118625)
(0.136875 0.246375 0.118625)
(0.155125 0.246375 0.118625)
(0.173375 0.246375 0.118625)
(0.191625 0.246375 0.118625)
(0.209875 0.246375 0.118625)
(0.228125 0.246375 0.118625)
(0.246375 0.246375 0.118625)
(0.264625 0.246375 0.118625)
(0.282875 0.246375 0.118625)
(0.301125 0.246375 0.118625)
(0.319375 0.246375 0.118625)
(0.337625 0.246375 0.118625)
(0.355875 0.246375 0.118625)
(0.374125 0.246375 0.118625)
(0.392375 0.246375 0.118625)
(0.410625 0.246375 0.118625)
(0.428875 0.246375 0.118625)
(0.447125 0.246375 0.118625)
(0.465375 0.246375 0.118625)
(0.483625 0.246375 0.118625)
(0.501875 0.246375 0.118625)
(0.520125 0.246375 0.118625)
(0.538375 0.246375 0.118625)
(0.556625 0.246375 0.118625)
(0.574875 0.246375 0.118625)
(0.009125 0.264625 0.118625)
(0.027375 0.264625 0.118625)
(0.045625 0.264625 0.118625)
(0.063875 0.264625 0.118625)
(0.082125 0.264625 0.118625)
(0.100375 0.264625 0.118625)
(0.118625 0.264625 0.118625)
(0.136875 0.264625 0.118625)
(0.155125 0.264625 0.118625)
(0.173375 0.264625 0.118625)
(0.191625 0.264625 0.118625)
(0.209875 0.264625 0.118625)
(0.228125 0.264625 0.118625)
(0.246375 0.264625 0.118625)
(0.264625 0.264625 0.118625)
(0.282875 0.264625 0.118625)
(0.301125 0.264625 0.118625)
(0.319375 0.264625 0.118625)
(0.337625 0.264625 0.118625)
(0.355875 0.264625 0.118625)
(0.374125 0.264625 0.118625)
(0.392375 0.264625 0.118625)
(0.410625 0.264625 0.118625)
(0.428875 0.264625 0.118625)
(0.447125 0.264625 0.118625)
(0.465375 0.264625 0.118625)
(0.483625 0.264625 0.118625)
(0.501875 0.264625 0.118625)
(0.520125 0.264625 0.118625)
(0.538375 0.264625 0.118625)
(0.556625 0.264625 0.118625)
(0.574875 0.264625 0.118625)
(0.009125 0.282875 0.118625)
(0.027375 0.282875 0.118625)
(0.045625 0.282875 0.118625)
(0.063875 0.282875 0.118625)
(0.082125 0.282875 0.118625)
(0.100375 0.282875 0.118625)
(0.118625 0.282875 0.118625)
(0.136875 0.282875 0.118625)
(0.155125 0.282875 0.118625)
(0.173375 0.282875 0.118625)
(0.191625 0.282875 0.118625)
(0.209875 0.282875 0.118625)
(0.228125 0.282875 0.118625)
(0.246375 0.282875 0.118625)
(0.264625 0.282875 0.118625)
(0.282875 0.282875 0.118625)
(0.301125 0.282875 0.118625)
(0.319375 0.282875 0.118625)
(0.337625 0.282875 0.118625)
(0.355875 0.282875 0.118625)
(0.374125 0.282875 0.118625)
(0.392375 0.282875 0.118625)
(0.410625 0.282875 0.118625)
(0.428875 0.282875 0.118625)
(0.447125 0.282875 0.118625)
(0.465375 0.282875 0.118625)
(0.483625 0.282875 0.118625)
(0.501875 0.282875 0.118625)
(0.520125 0.282875 0.118625)
(0.538375 0.282875 0.118625)
(0.556625 0.282875 0.118625)
(0.574875 0.282875 0.118625)
(0.009125 0.301125 0.118625)
(0.027375 0.301125 0.118625)
(0.045625 0.301125 0.118625)
(0.063875 0.301125 0.118625)
(0.082125 0.301125 0.118625)
(0.100375 0.301125 0.118625)
(0.118625 0.301125 0.118625)
(0.136875 0.301125 0.118625)
(0.155125 0.301125 0.118625)
(0.173375 0.301125 0.118625)
(0.191625 0.301125 0.118625)
(0.209875 0.301125 0.118625)
(0.228125 0.301125 0.118625)
(0.246375 0.301125 0.118625)
(0.264625 0.301125 0.118625)
(0.282875 0.301125 0.118625)
(0.301125 0.301125 0.118625)
(0.319375 0.301125 0.118625)
(0.337625 0.301125 0.118625)
(0.355875 0.301125 0.118625)
(0.374125 0.301125 0.118625)
(0.392375 0.301125 0.118625)
(0.410625 0.301125 0.118625)
(0.428875 0.301125 0.118625)
(0.447125 0.301125 0.118625)
(0.465375 0.301125 0.118625)
(0.483625 0.301125 0.118625)
(0.501875 0.301125 0.118625)
(0.520125 0.301125 0.118625)
(0.538375 0.301125 0.118625)
(0.556625 0.301125 0.118625)
(0.574875 0.301125 0.118625)
(0.009125 0.319375 0.118625)
(0.027375 0.319375 0.118625)
(0.045625 0.319375 0.118625)
(0.063875 0.319375 0.118625)
(0.082125 0.319375 0.118625)
(0.100375 0.319375 0.118625)
(0.118625 0.319375 0.118625)
(0.136875 0.319375 0.118625)
(0.155125 0.319375 0.118625)
(0.173375 0.319375 0.118625)
(0.191625 0.319375 0.118625)
(0.209875 0.319375 0.118625)
(0.228125 0.319375 0.118625)
(0.246375 0.319375 0.118625)
(0.264625 0.319375 0.118625)
(0.282875 0.319375 0.118625)
(0.301125 0.319375 0.118625)
(0.319375 0.319375 0.118625)
(0.337625 0.319375 0.118625)
(0.355875 0.319375 0.118625)
(0.374125 0.319375 0.118625)
(0.392375 0.319375 0.118625)
(0.410625 0.319375 0.118625)
(0.428875 0.319375 0.118625)
(0.447125 0.319375 0.118625)
(0.465375 0.319375 0.118625)
(0.483625 0.319375 0.118625)
(0.501875 0.319375 0.118625)
(0.520125 0.319375 0.118625)
(0.538375 0.319375 0.118625)
(0.556625 0.319375 0.118625)
(0.574875 0.319375 0.118625)
(0.009125 0.337625 0.118625)
(0.027375 0.337625 0.118625)
(0.045625 0.337625 0.118625)
(0.063875 0.337625 0.118625)
(0.082125 0.337625 0.118625)
(0.100375 0.337625 0.118625)
(0.118625 0.337625 0.118625)
(0.136875 0.337625 0.118625)
(0.155125 0.337625 0.118625)
(0.173375 0.337625 0.118625)
(0.191625 0.337625 0.118625)
(0.209875 0.337625 0.118625)
(0.228125 0.337625 0.118625)
(0.246375 0.337625 0.118625)
(0.264625 0.337625 0.118625)
(0.282875 0.337625 0.118625)
(0.301125 0.337625 0.118625)
(0.319375 0.337625 0.118625)
(0.337625 0.337625 0.118625)
(0.355875 0.337625 0.118625)
(0.374125 0.337625 0.118625)
(0.392375 0.337625 0.118625)
(0.410625 0.337625 0.118625)
(0.428875 0.337625 0.118625)
(0.447125 0.337625 0.118625)
(0.465375 0.337625 0.118625)
(0.483625 0.337625 0.118625)
(0.501875 0.337625 0.118625)
(0.520125 0.337625 0.118625)
(0.538375 0.337625 0.118625)
(0.556625 0.337625 0.118625)
(0.574875 0.337625 0.118625)
(0.009125 0.355875 0.118625)
(0.027375 0.355875 0.118625)
(0.045625 0.355875 0.118625)
(0.063875 0.355875 0.118625)
(0.082125 0.355875 0.118625)
(0.100375 0.355875 0.118625)
(0.118625 0.355875 0.118625)
(0.136875 0.355875 0.118625)
(0.155125 0.355875 0.118625)
(0.173375 0.355875 0.118625)
(0.191625 0.355875 0.118625)
(0.209875 0.355875 0.118625)
(0.228125 0.355875 0.118625)
(0.246375 0.355875 0.118625)
(0.264625 0.355875 0.118625)
(0.282875 0.355875 0.118625)
(0.301125 0.355875 0.118625)
(0.319375 0.355875 0.118625)
(0.337625 0.355875 0.118625)
(0.355875 0.355875 0.118625)
(0.374125 0.355875 0.118625)
(0.392375 0.355875 0.118625)
(0.410625 0.355875 0.118625)
(0.428875 0.355875 0.118625)
(0.447125 0.355875 0.118625)
(0.465375 0.355875 0.118625)
(0.483625 0.355875 0.118625)
(0.501875 0.355875 0.118625)
(0.520125 0.355875 0.118625)
(0.538375 0.355875 0.118625)
(0.556625 0.355875 0.118625)
(0.574875 0.355875 0.118625)
(0.009125 0.374125 0.118625)
(0.027375 0.374125 0.118625)
(0.045625 0.374125 0.118625)
(0.063875 0.374125 0.118625)
(0.082125 0.374125 0.118625)
(0.100375 0.374125 0.118625)
(0.118625 0.374125 0.118625)
(0.136875 0.374125 0.118625)
(0.155125 0.374125 0.118625)
(0.173375 0.374125 0.118625)
(0.191625 0.374125 0.118625)
(0.209875 0.374125 0.118625)
(0.228125 0.374125 0.118625)
(0.246375 0.374125 0.118625)
(0.264625 0.374125 0.118625)
(0.282875 0.374125 0.118625)
(0.301125 0.374125 0.118625)
(0.319375 0.374125 0.118625)
(0.337625 0.374125 0.118625)
(0.355875 0.374125 0.118625)
(0.374125 0.374125 0.118625)
(0.392375 0.374125 0.118625)
(0.410625 0.374125 0.118625)
(0.428875 0.374125 0.118625)
(0.447125 0.374125 0.118625)
(0.465375 0.374125 0.118625)
(0.483625 0.374125 0.118625)
(0.501875 0.374125 0.118625)
(0.520125 0.374125 0.118625)
(0.538375 0.374125 0.118625)
(0.556625 0.374125 0.118625)
(0.574875 0.374125 0.118625)
(0.009125 0.392375 0.118625)
(0.027375 0.392375 0.118625)
(0.045625 0.392375 0.118625)
(0.063875 0.392375 0.118625)
(0.082125 0.392375 0.118625)
(0.100375 0.392375 0.118625)
(0.118625 0.392375 0.118625)
(0.136875 0.392375 0.118625)
(0.155125 0.392375 0.118625)
(0.173375 0.392375 0.118625)
(0.191625 0.392375 0.118625)
(0.209875 0.392375 0.118625)
(0.228125 0.392375 0.118625)
(0.246375 0.392375 0.118625)
(0.264625 0.392375 0.118625)
(0.282875 0.392375 0.118625)
(0.301125 0.392375 0.118625)
(0.319375 0.392375 0.118625)
(0.337625 0.392375 0.118625)
(0.355875 0.392375 0.118625)
(0.374125 0.392375 0.118625)
(0.392375 0.392375 0.118625)
(0.410625 0.392375 0.118625)
(0.428875 0.392375 0.118625)
(0.447125 0.392375 0.118625)
(0.465375 0.392375 0.118625)
(0.483625 0.392375 0.118625)
(0.501875 0.392375 0.118625)
(0.520125 0.392375 0.118625)
(0.538375 0.392375 0.118625)
(0.556625 0.392375 0.118625)
(0.574875 0.392375 0.118625)
(0.009125 0.410625 0.118625)
(0.027375 0.410625 0.118625)
(0.045625 0.410625 0.118625)
(0.063875 0.410625 0.118625)
(0.082125 0.410625 0.118625)
(0.100375 0.410625 0.118625)
(0.118625 0.410625 0.118625)
(0.136875 0.410625 0.118625)
(0.155125 0.410625 0.118625)
(0.173375 0.410625 0.118625)
(0.191625 0.410625 0.118625)
(0.209875 0.410625 0.118625)
(0.228125 0.410625 0.118625)
(0.246375 0.410625 0.118625)
(0.264625 0.410625 0.118625)
(0.282875 0.410625 0.118625)
(0.301125 0.410625 0.118625)
(0.319375 0.410625 0.118625)
(0.337625 0.410625 0.118625)
(0.355875 0.410625 0.118625)
(0.374125 0.410625 0.118625)
(0.392375 0.410625 0.118625)
(0.410625 0.410625 0.118625)
(0.428875 0.410625 0.118625)
(0.447125 0.410625 0.118625)
(0.465375 0.410625 0.118625)
(0.483625 0.410625 0.118625)
(0.501875 0.410625 0.118625)
(0.520125 0.410625 0.118625)
(0.538375 0.410625 0.118625)
(0.556625 0.410625 0.118625)
(0.574875 0.410625 0.118625)
(0.009125 0.428875 0.118625)
(0.027375 0.428875 0.118625)
(0.045625 0.428875 0.118625)
(0.063875 0.428875 0.118625)
(0.082125 0.428875 0.118625)
(0.100375 0.428875 0.118625)
(0.118625 0.428875 0.118625)
(0.136875 0.428875 0.118625)
(0.155125 0.428875 0.118625)
(0.173375 0.428875 0.118625)
(0.191625 0.428875 0.118625)
(0.209875 0.428875 0.118625)
(0.228125 0.428875 0.118625)
(0.246375 0.428875 0.118625)
(0.264625 0.428875 0.118625)
(0.282875 0.428875 0.118625)
(0.301125 0.428875 0.118625)
(0.319375 0.428875 0.118625)
(0.337625 0.428875 0.118625)
(0.355875 0.428875 0.118625)
(0.374125 0.428875 0.118625)
(0.392375 0.428875 0.118625)
(0.410625 0.428875 0.118625)
(0.428875 0.428875 0.118625)
(0.447125 0.428875 0.118625)
(0.465375 0.428875 0.118625)
(0.483625 0.428875 0.118625)
(0.501875 0.428875 0.118625)
(0.520125 0.428875 0.118625)
(0.538375 0.428875 0.118625)
(0.556625 0.428875 0.118625)
(0.574875 0.428875 0.118625)
(0.009125 0.447125 0.118625)
(0.027375 0.447125 0.118625)
(0.045625 0.447125 0.118625)
(0.063875 0.447125 0.118625)
(0.082125 0.447125 0.118625)
(0.100375 0.447125 0.118625)
(0.118625 0.447125 0.118625)
(0.136875 0.447125 0.118625)
(0.155125 0.447125 0.118625)
(0.173375 0.447125 0.118625)
(0.191625 0.447125 0.118625)
(0.209875 0.447125 0.118625)
(0.228125 0.447125 0.118625)
(0.246375 0.447125 0.118625)
(0.264625 0.447125 0.118625)
(0.282875 0.447125 0.118625)
(0.301125 0.447125 0.118625)
(0.319375 0.447125 0.118625)
(0.337625 0.447125 0.118625)
(0.355875 0.447125 0.118625)
(0.374125 0.447125 0.118625)
(0.392375 0.447125 0.118625)
(0.410625 0.447125 0.118625)
(0.428875 0.447125 0.118625)
(0.447125 0.447125 0.118625)
(0.465375 0.447125 0.118625)
(0.483625 0.447125 0.118625)
(0.501875 0.447125 0.118625)
(0.520125 0.447125 0.118625)
(0.538375 0.447125 0.118625)
(0.556625 0.447125 0.118625)
(0.574875 0.447125 0.118625)
(0.009125 0.465375 0.118625)
(0.027375 0.465375 0.118625)
(0.045625 0.465375 0.118625)
(0.063875 0.465375 0.118625)
(0.082125 0.465375 0.118625)
(0.100375 0.465375 0.118625)
(0.118625 0.465375 0.118625)
(0.136875 0.465375 0.118625)
(0.155125 0.465375 0.118625)
(0.173375 0.465375 0.118625)
(0.191625 0.465375 0.118625)
(0.209875 0.465375 0.118625)
(0.228125 0.465375 0.118625)
(0.246375 0.465375 0.118625)
(0.264625 0.465375 0.118625)
(0.282875 0.465375 0.118625)
(0.301125 0.465375 0.118625)
(0.319375 0.465375 0.118625)
(0.337625 0.465375 0.118625)
(0.355875 0.465375 0.118625)
(0.374125 0.465375 0.118625)
(0.392375 0.465375 0.118625)
(0.410625 0.465375 0.118625)
(0.428875 0.465375 0.118625)
(0.447125 0.465375 0.118625)
(0.465375 0.465375 0.118625)
(0.483625 0.465375 0.118625)
(0.501875 0.465375 0.118625)
(0.520125 0.465375 0.118625)
(0.538375 0.465375 0.118625)
(0.556625 0.465375 0.118625)
(0.574875 0.465375 0.118625)
(0.009125 0.483625 0.118625)
(0.027375 0.483625 0.118625)
(0.045625 0.483625 0.118625)
(0.063875 0.483625 0.118625)
(0.082125 0.483625 0.118625)
(0.100375 0.483625 0.118625)
(0.118625 0.483625 0.118625)
(0.136875 0.483625 0.118625)
(0.155125 0.483625 0.118625)
(0.173375 0.483625 0.118625)
(0.191625 0.483625 0.118625)
(0.209875 0.483625 0.118625)
(0.228125 0.483625 0.118625)
(0.246375 0.483625 0.118625)
(0.264625 0.483625 0.118625)
(0.282875 0.483625 0.118625)
(0.301125 0.483625 0.118625)
(0.319375 0.483625 0.118625)
(0.337625 0.483625 0.118625)
(0.355875 0.483625 0.118625)
(0.374125 0.483625 0.118625)
(0.392375 0.483625 0.118625)
(0.410625 0.483625 0.118625)
(0.428875 0.483625 0.118625)
(0.447125 0.483625 0.118625)
(0.465375 0.483625 0.118625)
(0.483625 0.483625 0.118625)
(0.501875 0.483625 0.118625)
(0.520125 0.483625 0.118625)
(0.538375 0.483625 0.118625)
(0.556625 0.483625 0.118625)
(0.574875 0.483625 0.118625)
(0.009125 0.501875 0.118625)
(0.027375 0.501875 0.118625)
(0.045625 0.501875 0.118625)
(0.063875 0.501875 0.118625)
(0.082125 0.501875 0.118625)
(0.100375 0.501875 0.118625)
(0.118625 0.501875 0.118625)
(0.136875 0.501875 0.118625)
(0.155125 0.501875 0.118625)
(0.173375 0.501875 0.118625)
(0.191625 0.501875 0.118625)
(0.209875 0.501875 0.118625)
(0.228125 0.501875 0.118625)
(0.246375 0.501875 0.118625)
(0.264625 0.501875 0.118625)
(0.282875 0.501875 0.118625)
(0.301125 0.501875 0.118625)
(0.319375 0.501875 0.118625)
(0.337625 0.501875 0.118625)
(0.355875 0.501875 0.118625)
(0.374125 0.501875 0.118625)
(0.392375 0.501875 0.118625)
(0.410625 0.501875 0.118625)
(0.428875 0.501875 0.118625)
(0.447125 0.501875 0.118625)
(0.465375 0.501875 0.118625)
(0.483625 0.501875 0.118625)
(0.501875 0.501875 0.118625)
(0.520125 0.501875 0.118625)
(0.538375 0.501875 0.118625)
(0.556625 0.501875 0.118625)
(0.574875 0.501875 0.118625)
(0.009125 0.520125 0.118625)
(0.027375 0.520125 0.118625)
(0.045625 0.520125 0.118625)
(0.063875 0.520125 0.118625)
(0.082125 0.520125 0.118625)
(0.100375 0.520125 0.118625)
(0.118625 0.520125 0.118625)
(0.136875 0.520125 0.118625)
(0.155125 0.520125 0.118625)
(0.173375 0.520125 0.118625)
(0.191625 0.520125 0.118625)
(0.209875 0.520125 0.118625)
(0.228125 0.520125 0.118625)
(0.246375 0.520125 0.118625)
(0.264625 0.520125 0.118625)
(0.282875 0.520125 0.118625)
(0.301125 0.520125 0.118625)
(0.319375 0.520125 0.118625)
(0.337625 0.520125 0.118625)
(0.355875 0.520125 0.118625)
(0.374125 0.520125 0.118625)
(0.392375 0.520125 0.118625)
(0.410625 0.520125 0.118625)
(0.428875 0.520125 0.118625)
(0.447125 0.520125 0.118625)
(0.465375 0.520125 0.118625)
(0.483625 0.520125 0.118625)
(0.501875 0.520125 0.118625)
(0.520125 0.520125 0.118625)
(0.538375 0.520125 0.118625)
(0.556625 0.520125 0.118625)
(0.574875 0.520125 0.118625)
(0.009125 0.538375 0.118625)
(0.027375 0.538375 0.118625)
(0.045625 0.538375 0.118625)
(0.063875 0.538375 0.118625)
(0.082125 0.538375 0.118625)
(0.100375 0.538375 0.118625)
(0.118625 0.538375 0.118625)
(0.136875 0.538375 0.118625)
(0.155125 0.538375 0.118625)
(0.173375 0.538375 0.118625)
(0.191625 0.538375 0.118625)
(0.209875 0.538375 0.118625)
(0.228125 0.538375 0.118625)
(0.246375 0.538375 0.118625)
(0.264625 0.538375 0.118625)
(0.282875 0.538375 0.118625)
(0.301125 0.538375 0.118625)
(0.319375 0.538375 0.118625)
(0.337625 0.538375 0.118625)
(0.355875 0.538375 0.118625)
(0.374125 0.538375 0.118625)
(0.392375 0.538375 0.118625)
(0.410625 0.538375 0.118625)
(0.428875 0.538375 0.118625)
(0.447125 0.538375 0.118625)
(0.465375 0.538375 0.118625)
(0.483625 0.538375 0.118625)
(0.501875 0.538375 0.118625)
(0.520125 0.538375 0.118625)
(0.538375 0.538375 0.118625)
(0.556625 0.538375 0.118625)
(0.574875 0.538375 0.118625)
(0.009125 0.556625 0.118625)
(0.027375 0.556625 0.118625)
(0.045625 0.556625 0.118625)
(0.063875 0.556625 0.118625)
(0.082125 0.556625 0.118625)
(0.100375 0.556625 0.118625)
(0.118625 0.556625 0.118625)
(0.136875 0.556625 0.118625)
(0.155125 0.556625 0.118625)
(0.173375 0.556625 0.118625)
(0.191625 0.556625 0.118625)
(0.209875 0.556625 0.118625)
(0.228125 0.556625 0.118625)
(0.246375 0.556625 0.118625)
(0.264625 0.556625 0.118625)
(0.282875 0.556625 0.118625)
(0.301125 0.556625 0.118625)
(0.319375 0.556625 0.118625)
(0.337625 0.556625 0.118625)
(0.355875 0.556625 0.118625)
(0.374125 0.556625 0.118625)
(0.392375 0.556625 0.118625)
(0.410625 0.556625 0.118625)
(0.428875 0.556625 0.118625)
(0.447125 0.556625 0.118625)
(0.465375 0.556625 0.118625)
(0.483625 0.556625 0.118625)
(0.501875 0.556625 0.118625)
(0.520125 0.556625 0.118625)
(0.538375 0.556625 0.118625)
(0.556625 0.556625 0.118625)
(0.574875 0.556625 0.118625)
(0.009125 0.574875 0.118625)
(0.027375 0.574875 0.118625)
(0.045625 0.574875 0.118625)
(0.063875 0.574875 0.118625)
(0.082125 0.574875 0.118625)
(0.100375 0.574875 0.118625)
(0.118625 0.574875 0.118625)
(0.136875 0.574875 0.118625)
(0.155125 0.574875 0.118625)
(0.173375 0.574875 0.118625)
(0.191625 0.574875 0.118625)
(0.209875 0.574875 0.118625)
(0.228125 0.574875 0.118625)
(0.246375 0.574875 0.118625)
(0.264625 0.574875 0.118625)
(0.282875 0.574875 0.118625)
(0.301125 0.574875 0.118625)
(0.319375 0.574875 0.118625)
(0.337625 0.574875 0.118625)
(0.355875 0.574875 0.118625)
(0.374125 0.574875 0.118625)
(0.392375 0.574875 0.118625)
(0.410625 0.574875 0.118625)
(0.428875 0.574875 0.118625)
(0.447125 0.574875 0.118625)
(0.465375 0.574875 0.118625)
(0.483625 0.574875 0.118625)
(0.501875 0.574875 0.118625)
(0.520125 0.574875 0.118625)
(0.538375 0.574875 0.118625)
(0.556625 0.574875 0.118625)
(0.574875 0.574875 0.118625)
(0.009125 0.009125 0.136875)
(0.027375 0.009125 0.136875)
(0.045625 0.009125 0.136875)
(0.063875 0.009125 0.136875)
(0.082125 0.009125 0.136875)
(0.100375 0.009125 0.136875)
(0.118625 0.009125 0.136875)
(0.136875 0.009125 0.136875)
(0.155125 0.009125 0.136875)
(0.173375 0.009125 0.136875)
(0.191625 0.009125 0.136875)
(0.209875 0.009125 0.136875)
(0.228125 0.009125 0.136875)
(0.246375 0.009125 0.136875)
(0.264625 0.009125 0.136875)
(0.282875 0.009125 0.136875)
(0.301125 0.009125 0.136875)
(0.319375 0.009125 0.136875)
(0.337625 0.009125 0.136875)
(0.355875 0.009125 0.136875)
(0.374125 0.009125 0.136875)
(0.392375 0.009125 0.136875)
(0.410625 0.009125 0.136875)
(0.428875 0.009125 0.136875)
(0.447125 0.009125 0.136875)
(0.465375 0.009125 0.136875)
(0.483625 0.009125 0.136875)
(0.501875 0.009125 0.136875)
(0.520125 0.009125 0.136875)
(0.538375 0.009125 0.136875)
(0.556625 0.009125 0.136875)
(0.574875 0.009125 0.136875)
(0.009125 0.027375 0.136875)
(0.027375 0.027375 0.136875)
(0.045625 0.027375 0.136875)
(0.063875 0.027375 0.136875)
(0.082125 0.027375 0.136875)
(0.100375 0.027375 0.136875)
(0.118625 0.027375 0.136875)
(0.136875 0.027375 0.136875)
(0.155125 0.027375 0.136875)
(0.173375 0.027375 0.136875)
(0.191625 0.027375 0.136875)
(0.209875 0.027375 0.136875)
(0.228125 0.027375 0.136875)
(0.246375 0.027375 0.136875)
(0.264625 0.027375 0.136875)
(0.282875 0.027375 0.136875)
(0.301125 0.027375 0.136875)
(0.319375 0.027375 0.136875)
(0.337625 0.027375 0.136875)
(0.355875 0.027375 0.136875)
(0.374125 0.027375 0.136875)
(0.392375 0.027375 0.136875)
(0.410625 0.027375 0.136875)
(0.428875 0.027375 0.136875)
(0.447125 0.027375 0.136875)
(0.465375 0.027375 0.136875)
(0.483625 0.027375 0.136875)
(0.501875 0.027375 0.136875)
(0.520125 0.027375 0.136875)
(0.538375 0.027375 0.136875)
(0.556625 0.027375 0.136875)
(0.574875 0.027375 0.136875)
(0.009125 0.045625 0.136875)
(0.027375 0.045625 0.136875)
(0.045625 0.045625 0.136875)
(0.063875 0.045625 0.136875)
(0.082125 0.045625 0.136875)
(0.100375 0.045625 0.136875)
(0.118625 0.045625 0.136875)
(0.136875 0.045625 0.136875)
(0.155125 0.045625 0.136875)
(0.173375 0.045625 0.136875)
(0.191625 0.045625 0.136875)
(0.209875 0.045625 0.136875)
(0.228125 0.045625 0.136875)
(0.246375 0.045625 0.136875)
(0.264625 0.045625 0.136875)
(0.282875 0.045625 0.136875)
(0.301125 0.045625 0.136875)
(0.319375 0.045625 0.136875)
(0.337625 0.045625 0.136875)
(0.355875 0.045625 0.136875)
(0.374125 0.045625 0.136875)
(0.392375 0.045625 0.136875)
(0.410625 0.045625 0.136875)
(0.428875 0.045625 0.136875)
(0.447125 0.045625 0.136875)
(0.465375 0.045625 0.136875)
(0.483625 0.045625 0.136875)
(0.501875 0.045625 0.136875)
(0.520125 0.045625 0.136875)
(0.538375 0.045625 0.136875)
(0.556625 0.045625 0.136875)
(0.574875 0.045625 0.136875)
(0.009125 0.063875 0.136875)
(0.027375 0.063875 0.136875)
(0.045625 0.063875 0.136875)
(0.063875 0.063875 0.136875)
(0.082125 0.063875 0.136875)
(0.100375 0.063875 0.136875)
(0.118625 0.063875 0.136875)
(0.136875 0.063875 0.136875)
(0.155125 0.063875 0.136875)
(0.173375 0.063875 0.136875)
(0.191625 0.063875 0.136875)
(0.209875 0.063875 0.136875)
(0.228125 0.063875 0.136875)
(0.246375 0.063875 0.136875)
(0.264625 0.063875 0.136875)
(0.282875 0.063875 0.136875)
(0.301125 0.063875 0.136875)
(0.319375 0.063875 0.136875)
(0.337625 0.063875 0.136875)
(0.355875 0.063875 0.136875)
(0.374125 0.063875 0.136875)
(0.392375 0.063875 0.136875)
(0.410625 0.063875 0.136875)
(0.428875 0.063875 0.136875)
(0.447125 0.063875 0.136875)
(0.465375 0.063875 0.136875)
(0.483625 0.063875 0.136875)
(0.501875 0.063875 0.136875)
(0.520125 0.063875 0.136875)
(0.538375 0.063875 0.136875)
(0.556625 0.063875 0.136875)
(0.574875 0.063875 0.136875)
(0.009125 0.082125 0.136875)
(0.027375 0.082125 0.136875)
(0.045625 0.082125 0.136875)
(0.063875 0.082125 0.136875)
(0.082125 0.082125 0.136875)
(0.100375 0.082125 0.136875)
(0.118625 0.082125 0.136875)
(0.136875 0.082125 0.136875)
(0.155125 0.082125 0.136875)
(0.173375 0.082125 0.136875)
(0.191625 0.082125 0.136875)
(0.209875 0.082125 0.136875)
(0.228125 0.082125 0.136875)
(0.246375 0.082125 0.136875)
(0.264625 0.082125 0.136875)
(0.282875 0.082125 0.136875)
(0.301125 0.082125 0.136875)
(0.319375 0.082125 0.136875)
(0.337625 0.082125 0.136875)
(0.355875 0.082125 0.136875)
(0.374125 0.082125 0.136875)
(0.392375 0.082125 0.136875)
(0.410625 0.082125 0.136875)
(0.428875 0.082125 0.136875)
(0.447125 0.082125 0.136875)
(0.465375 0.082125 0.136875)
(0.483625 0.082125 0.136875)
(0.501875 0.082125 0.136875)
(0.520125 0.082125 0.136875)
(0.538375 0.082125 0.136875)
(0.556625 0.082125 0.136875)
(0.574875 0.082125 0.136875)
(0.009125 0.100375 0.136875)
(0.027375 0.100375 0.136875)
(0.045625 0.100375 0.136875)
(0.063875 0.100375 0.136875)
(0.082125 0.100375 0.136875)
(0.100375 0.100375 0.136875)
(0.118625 0.100375 0.136875)
(0.136875 0.100375 0.136875)
(0.155125 0.100375 0.136875)
(0.173375 0.100375 0.136875)
(0.191625 0.100375 0.136875)
(0.209875 0.100375 0.136875)
(0.228125 0.100375 0.136875)
(0.246375 0.100375 0.136875)
(0.264625 0.100375 0.136875)
(0.282875 0.100375 0.136875)
(0.301125 0.100375 0.136875)
(0.319375 0.100375 0.136875)
(0.337625 0.100375 0.136875)
(0.355875 0.100375 0.136875)
(0.374125 0.100375 0.136875)
(0.392375 0.100375 0.136875)
(0.410625 0.100375 0.136875)
(0.428875 0.100375 0.136875)
(0.447125 0.100375 0.136875)
(0.465375 0.100375 0.136875)
(0.483625 0.100375 0.136875)
(0.501875 0.100375 0.136875)
(0.520125 0.100375 0.136875)
(0.538375 0.100375 0.136875)
(0.556625 0.100375 0.136875)
(0.574875 0.100375 0.136875)
(0.009125 0.118625 0.136875)
(0.027375 0.118625 0.136875)
(0.045625 0.118625 0.136875)
(0.063875 0.118625 0.136875)
(0.082125 0.118625 0.136875)
(0.100375 0.118625 0.136875)
(0.118625 0.118625 0.136875)
(0.136875 0.118625 0.136875)
(0.155125 0.118625 0.136875)
(0.173375 0.118625 0.136875)
(0.191625 0.118625 0.136875)
(0.209875 0.118625 0.136875)
(0.228125 0.118625 0.136875)
(0.246375 0.118625 0.136875)
(0.264625 0.118625 0.136875)
(0.282875 0.118625 0.136875)
(0.301125 0.118625 0.136875)
(0.319375 0.118625 0.136875)
(0.337625 0.118625 0.136875)
(0.355875 0.118625 0.136875)
(0.374125 0.118625 0.136875)
(0.392375 0.118625 0.136875)
(0.410625 0.118625 0.136875)
(0.428875 0.118625 0.136875)
(0.447125 0.118625 0.136875)
(0.465375 0.118625 0.136875)
(0.483625 0.118625 0.136875)
(0.501875 0.118625 0.136875)
(0.520125 0.118625 0.136875)
(0.538375 0.118625 0.136875)
(0.556625 0.118625 0.136875)
(0.574875 0.118625 0.136875)
(0.009125 0.136875 0.136875)
(0.027375 0.136875 0.136875)
(0.045625 0.136875 0.136875)
(0.063875 0.136875 0.136875)
(0.082125 0.136875 0.136875)
(0.100375 0.136875 0.136875)
(0.118625 0.136875 0.136875)
(0.136875 0.136875 0.136875)
(0.155125 0.136875 0.136875)
(0.173375 0.136875 0.136875)
(0.191625 0.136875 0.136875)
(0.209875 0.136875 0.136875)
(0.228125 0.136875 0.136875)
(0.246375 0.136875 0.136875)
(0.264625 0.136875 0.136875)
(0.282875 0.136875 0.136875)
(0.301125 0.136875 0.136875)
(0.319375 0.136875 0.136875)
(0.337625 0.136875 0.136875)
(0.355875 0.136875 0.136875)
(0.374125 0.136875 0.136875)
(0.392375 0.136875 0.136875)
(0.410625 0.136875 0.136875)
(0.428875 0.136875 0.136875)
(0.447125 0.136875 0.136875)
(0.465375 0.136875 0.136875)
(0.483625 0.136875 0.136875)
(0.501875 0.136875 0.136875)
(0.520125 0.136875 0.136875)
(0.538375 0.136875 0.136875)
(0.556625 0.136875 0.136875)
(0.574875 0.136875 0.136875)
(0.009125 0.155125 0.136875)
(0.027375 0.155125 0.136875)
(0.045625 0.155125 0.136875)
(0.063875 0.155125 0.136875)
(0.082125 0.155125 0.136875)
(0.100375 0.155125 0.136875)
(0.118625 0.155125 0.136875)
(0.136875 0.155125 0.136875)
(0.155125 0.155125 0.136875)
(0.173375 0.155125 0.136875)
(0.191625 0.155125 0.136875)
(0.209875 0.155125 0.136875)
(0.228125 0.155125 0.136875)
(0.246375 0.155125 0.136875)
(0.264625 0.155125 0.136875)
(0.282875 0.155125 0.136875)
(0.301125 0.155125 0.136875)
(0.319375 0.155125 0.136875)
(0.337625 0.155125 0.136875)
(0.355875 0.155125 0.136875)
(0.374125 0.155125 0.136875)
(0.392375 0.155125 0.136875)
(0.410625 0.155125 0.136875)
(0.428875 0.155125 0.136875)
(0.447125 0.155125 0.136875)
(0.465375 0.155125 0.136875)
(0.483625 0.155125 0.136875)
(0.501875 0.155125 0.136875)
(0.520125 0.155125 0.136875)
(0.538375 0.155125 0.136875)
(0.556625 0.155125 0.136875)
(0.574875 0.155125 0.136875)
(0.009125 0.173375 0.136875)
(0.027375 0.173375 0.136875)
(0.045625 0.173375 0.136875)
(0.063875 0.173375 0.136875)
(0.082125 0.173375 0.136875)
(0.100375 0.173375 0.136875)
(0.118625 0.173375 0.136875)
(0.136875 0.173375 0.136875)
(0.155125 0.173375 0.136875)
(0.173375 0.173375 0.136875)
(0.191625 0.173375 0.136875)
(0.209875 0.173375 0.136875)
(0.228125 0.173375 0.136875)
(0.246375 0.173375 0.136875)
(0.264625 0.173375 0.136875)
(0.282875 0.173375 0.136875)
(0.301125 0.173375 0.136875)
(0.319375 0.173375 0.136875)
(0.337625 0.173375 0.136875)
(0.355875 0.173375 0.136875)
(0.374125 0.173375 0.136875)
(0.392375 0.173375 0.136875)
(0.410625 0.173375 0.136875)
(0.428875 0.173375 0.136875)
(0.447125 0.173375 0.136875)
(0.465375 0.173375 0.136875)
(0.483625 0.173375 0.136875)
(0.501875 0.173375 0.136875)
(0.520125 0.173375 0.136875)
(0.538375 0.173375 0.136875)
(0.556625 0.173375 0.136875)
(0.574875 0.173375 0.136875)
(0.009125 0.191625 0.136875)
(0.027375 0.191625 0.136875)
(0.045625 0.191625 0.136875)
(0.063875 0.191625 0.136875)
(0.082125 0.191625 0.136875)
(0.100375 0.191625 0.136875)
(0.118625 0.191625 0.136875)
(0.136875 0.191625 0.136875)
(0.155125 0.191625 0.136875)
(0.173375 0.191625 0.136875)
(0.191625 0.191625 0.136875)
(0.209875 0.191625 0.136875)
(0.228125 0.191625 0.136875)
(0.246375 0.191625 0.136875)
(0.264625 0.191625 0.136875)
(0.282875 0.191625 0.136875)
(0.301125 0.191625 0.136875)
(0.319375 0.191625 0.136875)
(0.337625 0.191625 0.136875)
(0.355875 0.191625 0.136875)
(0.374125 0.191625 0.136875)
(0.392375 0.191625 0.136875)
(0.410625 0.191625 0.136875)
(0.428875 0.191625 0.136875)
(0.447125 0.191625 0.136875)
(0.465375 0.191625 0.136875)
(0.483625 0.191625 0.136875)
(0.501875 0.191625 0.136875)
(0.520125 0.191625 0.136875)
(0.538375 0.191625 0.136875)
(0.556625 0.191625 0.136875)
(0.574875 0.191625 0.136875)
(0.009125 0.209875 0.136875)
(0.027375 0.209875 0.136875)
(0.045625 0.209875 0.136875)
(0.063875 0.209875 0.136875)
(0.082125 0.209875 0.136875)
(0.100375 0.209875 0.136875)
(0.118625 0.209875 0.136875)
(0.136875 0.209875 0.136875)
(0.155125 0.209875 0.136875)
(0.173375 0.209875 0.136875)
(0.191625 0.209875 0.136875)
(0.209875 0.209875 0.136875)
(0.228125 0.209875 0.136875)
(0.246375 0.209875 0.136875)
(0.264625 0.209875 0.136875)
(0.282875 0.209875 0.136875)
(0.301125 0.209875 0.136875)
(0.319375 0.209875 0.136875)
(0.337625 0.209875 0.136875)
(0.355875 0.209875 0.136875)
(0.374125 0.209875 0.136875)
(0.392375 0.209875 0.136875)
(0.410625 0.209875 0.136875)
(0.428875 0.209875 0.136875)
(0.447125 0.209875 0.136875)
(0.465375 0.209875 0.136875)
(0.483625 0.209875 0.136875)
(0.501875 0.209875 0.136875)
(0.520125 0.209875 0.136875)
(0.538375 0.209875 0.136875)
(0.556625 0.209875 0.136875)
(0.574875 0.209875 0.136875)
(0.009125 0.228125 0.136875)
(0.027375 0.228125 0.136875)
(0.045625 0.228125 0.136875)
(0.063875 0.228125 0.136875)
(0.082125 0.228125 0.136875)
(0.100375 0.228125 0.136875)
(0.118625 0.228125 0.136875)
(0.136875 0.228125 0.136875)
(0.155125 0.228125 0.136875)
(0.173375 0.228125 0.136875)
(0.191625 0.228125 0.136875)
(0.209875 0.228125 0.136875)
(0.228125 0.228125 0.136875)
(0.246375 0.228125 0.136875)
(0.264625 0.228125 0.136875)
(0.282875 0.228125 0.136875)
(0.301125 0.228125 0.136875)
(0.319375 0.228125 0.136875)
(0.337625 0.228125 0.136875)
(0.355875 0.228125 0.136875)
(0.374125 0.228125 0.136875)
(0.392375 0.228125 0.136875)
(0.410625 0.228125 0.136875)
(0.428875 0.228125 0.136875)
(0.447125 0.228125 0.136875)
(0.465375 0.228125 0.136875)
(0.483625 0.228125 0.136875)
(0.501875 0.228125 0.136875)
(0.520125 0.228125 0.136875)
(0.538375 0.228125 0.136875)
(0.556625 0.228125 0.136875)
(0.574875 0.228125 0.136875)
(0.009125 0.246375 0.136875)
(0.027375 0.246375 0.136875)
(0.045625 0.246375 0.136875)
(0.063875 0.246375 0.136875)
(0.082125 0.246375 0.136875)
(0.100375 0.246375 0.136875)
(0.118625 0.246375 0.136875)
(0.136875 0.246375 0.136875)
(0.155125 0.246375 0.136875)
(0.173375 0.246375 0.136875)
(0.191625 0.246375 0.136875)
(0.209875 0.246375 0.136875)
(0.228125 0.246375 0.136875)
(0.246375 0.246375 0.136875)
(0.264625 0.246375 0.136875)
(0.282875 0.246375 0.136875)
(0.301125 0.246375 0.136875)
(0.319375 0.246375 0.136875)
(0.337625 0.246375 0.136875)
(0.355875 0.246375 0.136875)
(0.374125 0.246375 0.136875)
(0.392375 0.246375 0.136875)
(0.410625 0.246375 0.136875)
(0.428875 0.246375 0.136875)
(0.447125 0.246375 0.136875)
(0.465375 0.246375 0.136875)
(0.483625 0.246375 0.136875)
(0.501875 0.246375 0.136875)
(0.520125 0.246375 0.136875)
(0.538375 0.246375 0.136875)
(0.556625 0.246375 0.136875)
(0.574875 0.246375 0.136875)
(0.009125 0.264625 0.136875)
(0.027375 0.264625 0.136875)
(0.045625 0.264625 0.136875)
(0.063875 0.264625 0.136875)
(0.082125 0.264625 0.136875)
(0.100375 0.264625 0.136875)
(0.118625 0.264625 0.136875)
(0.136875 0.264625 0.136875)
(0.155125 0.264625 0.136875)
(0.173375 0.264625 0.136875)
(0.191625 0.264625 0.136875)
(0.209875 0.264625 0.136875)
(0.228125 0.264625 0.136875)
(0.246375 0.264625 0.136875)
(0.264625 0.264625 0.136875)
(0.282875 0.264625 0.136875)
(0.301125 0.264625 0.136875)
(0.319375 0.264625 0.136875)
(0.337625 0.264625 0.136875)
(0.355875 0.264625 0.136875)
(0.374125 0.264625 0.136875)
(0.392375 0.264625 0.136875)
(0.410625 0.264625 0.136875)
(0.428875 0.264625 0.136875)
(0.447125 0.264625 0.136875)
(0.465375 0.264625 0.136875)
(0.483625 0.264625 0.136875)
(0.501875 0.264625 0.136875)
(0.520125 0.264625 0.136875)
(0.538375 0.264625 0.136875)
(0.556625 0.264625 0.136875)
(0.574875 0.264625 0.136875)
(0.009125 0.282875 0.136875)
(0.027375 0.282875 0.136875)
(0.045625 0.282875 0.136875)
(0.063875 0.282875 0.136875)
(0.082125 0.282875 0.136875)
(0.100375 0.282875 0.136875)
(0.118625 0.282875 0.136875)
(0.136875 0.282875 0.136875)
(0.155125 0.282875 0.136875)
(0.173375 0.282875 0.136875)
(0.191625 0.282875 0.136875)
(0.209875 0.282875 0.136875)
(0.228125 0.282875 0.136875)
(0.246375 0.282875 0.136875)
(0.264625 0.282875 0.136875)
(0.282875 0.282875 0.136875)
(0.301125 0.282875 0.136875)
(0.319375 0.282875 0.136875)
(0.337625 0.282875 0.136875)
(0.355875 0.282875 0.136875)
(0.374125 0.282875 0.136875)
(0.392375 0.282875 0.136875)
(0.410625 0.282875 0.136875)
(0.428875 0.282875 0.136875)
(0.447125 0.282875 0.136875)
(0.465375 0.282875 0.136875)
(0.483625 0.282875 0.136875)
(0.501875 0.282875 0.136875)
(0.520125 0.282875 0.136875)
(0.538375 0.282875 0.136875)
(0.556625 0.282875 0.136875)
(0.574875 0.282875 0.136875)
(0.009125 0.301125 0.136875)
(0.027375 0.301125 0.136875)
(0.045625 0.301125 0.136875)
(0.063875 0.301125 0.136875)
(0.082125 0.301125 0.136875)
(0.100375 0.301125 0.136875)
(0.118625 0.301125 0.136875)
(0.136875 0.301125 0.136875)
(0.155125 0.301125 0.136875)
(0.173375 0.301125 0.136875)
(0.191625 0.301125 0.136875)
(0.209875 0.301125 0.136875)
(0.228125 0.301125 0.136875)
(0.246375 0.301125 0.136875)
(0.264625 0.301125 0.136875)
(0.282875 0.301125 0.136875)
(0.301125 0.301125 0.136875)
(0.319375 0.301125 0.136875)
(0.337625 0.301125 0.136875)
(0.355875 0.301125 0.136875)
(0.374125 0.301125 0.136875)
(0.392375 0.301125 0.136875)
(0.410625 0.301125 0.136875)
(0.428875 0.301125 0.136875)
(0.447125 0.301125 0.136875)
(0.465375 0.301125 0.136875)
(0.483625 0.301125 0.136875)
(0.501875 0.301125 0.136875)
(0.520125 0.301125 0.136875)
(0.538375 0.301125 0.136875)
(0.556625 0.301125 0.136875)
(0.574875 0.301125 0.136875)
(0.009125 0.319375 0.136875)
(0.027375 0.319375 0.136875)
(0.045625 0.319375 0.136875)
(0.063875 0.319375 0.136875)
(0.082125 0.319375 0.136875)
(0.100375 0.319375 0.136875)
(0.118625 0.319375 0.136875)
(0.136875 0.319375 0.136875)
(0.155125 0.319375 0.136875)
(0.173375 0.319375 0.136875)
(0.191625 0.319375 0.136875)
(0.209875 0.319375 0.136875)
(0.228125 0.319375 0.136875)
(0.246375 0.319375 0.136875)
(0.264625 0.319375 0.136875)
(0.282875 0.319375 0.136875)
(0.301125 0.319375 0.136875)
(0.319375 0.319375 0.136875)
(0.337625 0.319375 0.136875)
(0.355875 0.319375 0.136875)
(0.374125 0.319375 0.136875)
(0.392375 0.319375 0.136875)
(0.410625 0.319375 0.136875)
(0.428875 0.319375 0.136875)
(0.447125 0.319375 0.136875)
(0.465375 0.319375 0.136875)
(0.483625 0.319375 0.136875)
(0.501875 0.319375 0.136875)
(0.520125 0.319375 0.136875)
(0.538375 0.319375 0.136875)
(0.556625 0.319375 0.136875)
(0.574875 0.319375 0.136875)
(0.009125 0.337625 0.136875)
(0.027375 0.337625 0.136875)
(0.045625 0.337625 0.136875)
(0.063875 0.337625 0.136875)
(0.082125 0.337625 0.136875)
(0.100375 0.337625 0.136875)
(0.118625 0.337625 0.136875)
(0.136875 0.337625 0.136875)
(0.155125 0.337625 0.136875)
(0.173375 0.337625 0.136875)
(0.191625 0.337625 0.136875)
(0.209875 0.337625 0.136875)
(0.228125 0.337625 0.136875)
(0.246375 0.337625 0.136875)
(0.264625 0.337625 0.136875)
(0.282875 0.337625 0.136875)
(0.301125 0.337625 0.136875)
(0.319375 0.337625 0.136875)
(0.337625 0.337625 0.136875)
(0.355875 0.337625 0.136875)
(0.374125 0.337625 0.136875)
(0.392375 0.337625 0.136875)
(0.410625 0.337625 0.136875)
(0.428875 0.337625 0.136875)
(0.447125 0.337625 0.136875)
(0.465375 0.337625 0.136875)
(0.483625 0.337625 0.136875)
(0.501875 0.337625 0.136875)
(0.520125 0.337625 0.136875)
(0.538375 0.337625 0.136875)
(0.556625 0.337625 0.136875)
(0.574875 0.337625 0.136875)
(0.009125 0.355875 0.136875)
(0.027375 0.355875 0.136875)
(0.045625 0.355875 0.136875)
(0.063875 0.355875 0.136875)
(0.082125 0.355875 0.136875)
(0.100375 0.355875 0.136875)
(0.118625 0.355875 0.136875)
(0.136875 0.355875 0.136875)
(0.155125 0.355875 0.136875)
(0.173375 0.355875 0.136875)
(0.191625 0.355875 0.136875)
(0.209875 0.355875 0.136875)
(0.228125 0.355875 0.136875)
(0.246375 0.355875 0.136875)
(0.264625 0.355875 0.136875)
(0.282875 0.355875 0.136875)
(0.301125 0.355875 0.136875)
(0.319375 0.355875 0.136875)
(0.337625 0.355875 0.136875)
(0.355875 0.355875 0.136875)
(0.374125 0.355875 0.136875)
(0.392375 0.355875 0.136875)
(0.410625 0.355875 0.136875)
(0.428875 0.355875 0.136875)
(0.447125 0.355875 0.136875)
(0.465375 0.355875 0.136875)
(0.483625 0.355875 0.136875)
(0.501875 0.355875 0.136875)
(0.520125 0.355875 0.136875)
(0.538375 0.355875 0.136875)
(0.556625 0.355875 0.136875)
(0.574875 0.355875 0.136875)
(0.009125 0.374125 0.136875)
(0.027375 0.374125 0.136875)
(0.045625 0.374125 0.136875)
(0.063875 0.374125 0.136875)
(0.082125 0.374125 0.136875)
(0.100375 0.374125 0.136875)
(0.118625 0.374125 0.136875)
(0.136875 0.374125 0.136875)
(0.155125 0.374125 0.136875)
(0.173375 0.374125 0.136875)
(0.191625 0.374125 0.136875)
(0.209875 0.374125 0.136875)
(0.228125 0.374125 0.136875)
(0.246375 0.374125 0.136875)
(0.264625 0.374125 0.136875)
(0.282875 0.374125 0.136875)
(0.301125 0.374125 0.136875)
(0.319375 0.374125 0.136875)
(0.337625 0.374125 0.136875)
(0.355875 0.374125 0.136875)
(0.374125 0.374125 0.136875)
(0.392375 0.374125 0.136875)
(0.410625 0.374125 0.136875)
(0.428875 0.374125 0.136875)
(0.447125 0.374125 0.136875)
(0.465375 0.374125 0.136875)
(0.483625 0.374125 0.136875)
(0.501875 0.374125 0.136875)
(0.520125 0.374125 0.136875)
(0.538375 0.374125 0.136875)
(0.556625 0.374125 0.136875)
(0.574875 0.374125 0.136875)
(0.009125 0.392375 0.136875)
(0.027375 0.392375 0.136875)
(0.045625 0.392375 0.136875)
(0.063875 0.392375 0.136875)
(0.082125 0.392375 0.136875)
(0.100375 0.392375 0.136875)
(0.118625 0.392375 0.136875)
(0.136875 0.392375 0.136875)
(0.155125 0.392375 0.136875)
(0.173375 0.392375 0.136875)
(0.191625 0.392375 0.136875)
(0.209875 0.392375 0.136875)
(0.228125 0.392375 0.136875)
(0.246375 0.392375 0.136875)
(0.264625 0.392375 0.136875)
(0.282875 0.392375 0.136875)
(0.301125 0.392375 0.136875)
(0.319375 0.392375 0.136875)
(0.337625 0.392375 0.136875)
(0.355875 0.392375 0.136875)
(0.374125 0.392375 0.136875)
(0.392375 0.392375 0.136875)
(0.410625 0.392375 0.136875)
(0.428875 0.392375 0.136875)
(0.447125 0.392375 0.136875)
(0.465375 0.392375 0.136875)
(0.483625 0.392375 0.136875)
(0.501875 0.392375 0.136875)
(0.520125 0.392375 0.136875)
(0.538375 0.392375 0.136875)
(0.556625 0.392375 0.136875)
(0.574875 0.392375 0.136875)
(0.009125 0.410625 0.136875)
(0.027375 0.410625 0.136875)
(0.045625 0.410625 0.136875)
(0.063875 0.410625 0.136875)
(0.082125 0.410625 0.136875)
(0.100375 0.410625 0.136875)
(0.118625 0.410625 0.136875)
(0.136875 0.410625 0.136875)
(0.155125 0.410625 0.136875)
(0.173375 0.410625 0.136875)
(0.191625 0.410625 0.136875)
(0.209875 0.410625 0.136875)
(0.228125 0.410625 0.136875)
(0.246375 0.410625 0.136875)
(0.264625 0.410625 0.136875)
(0.282875 0.410625 0.136875)
(0.301125 0.410625 0.136875)
(0.319375 0.410625 0.136875)
(0.337625 0.410625 0.136875)
(0.355875 0.410625 0.136875)
(0.374125 0.410625 0.136875)
(0.392375 0.410625 0.136875)
(0.410625 0.410625 0.136875)
(0.428875 0.410625 0.136875)
(0.447125 0.410625 0.136875)
(0.465375 0.410625 0.136875)
(0.483625 0.410625 0.136875)
(0.501875 0.410625 0.136875)
(0.520125 0.410625 0.136875)
(0.538375 0.410625 0.136875)
(0.556625 0.410625 0.136875)
(0.574875 0.410625 0.136875)
(0.009125 0.428875 0.136875)
(0.027375 0.428875 0.136875)
(0.045625 0.428875 0.136875)
(0.063875 0.428875 0.136875)
(0.082125 0.428875 0.136875)
(0.100375 0.428875 0.136875)
(0.118625 0.428875 0.136875)
(0.136875 0.428875 0.136875)
(0.155125 0.428875 0.136875)
(0.173375 0.428875 0.136875)
(0.191625 0.428875 0.136875)
(0.209875 0.428875 0.136875)
(0.228125 0.428875 0.136875)
(0.246375 0.428875 0.136875)
(0.264625 0.428875 0.136875)
(0.282875 0.428875 0.136875)
(0.301125 0.428875 0.136875)
(0.319375 0.428875 0.136875)
(0.337625 0.428875 0.136875)
(0.355875 0.428875 0.136875)
(0.374125 0.428875 0.136875)
(0.392375 0.428875 0.136875)
(0.410625 0.428875 0.136875)
(0.428875 0.428875 0.136875)
(0.447125 0.428875 0.136875)
(0.465375 0.428875 0.136875)
(0.483625 0.428875 0.136875)
(0.501875 0.428875 0.136875)
(0.520125 0.428875 0.136875)
(0.538375 0.428875 0.136875)
(0.556625 0.428875 0.136875)
(0.574875 0.428875 0.136875)
(0.009125 0.447125 0.136875)
(0.027375 0.447125 0.136875)
(0.045625 0.447125 0.136875)
(0.063875 0.447125 0.136875)
(0.082125 0.447125 0.136875)
(0.100375 0.447125 0.136875)
(0.118625 0.447125 0.136875)
(0.136875 0.447125 0.136875)
(0.155125 0.447125 0.136875)
(0.173375 0.447125 0.136875)
(0.191625 0.447125 0.136875)
(0.209875 0.447125 0.136875)
(0.228125 0.447125 0.136875)
(0.246375 0.447125 0.136875)
(0.264625 0.447125 0.136875)
(0.282875 0.447125 0.136875)
(0.301125 0.447125 0.136875)
(0.319375 0.447125 0.136875)
(0.337625 0.447125 0.136875)
(0.355875 0.447125 0.136875)
(0.374125 0.447125 0.136875)
(0.392375 0.447125 0.136875)
(0.410625 0.447125 0.136875)
(0.428875 0.447125 0.136875)
(0.447125 0.447125 0.136875)
(0.465375 0.447125 0.136875)
(0.483625 0.447125 0.136875)
(0.501875 0.447125 0.136875)
(0.520125 0.447125 0.136875)
(0.538375 0.447125 0.136875)
(0.556625 0.447125 0.136875)
(0.574875 0.447125 0.136875)
(0.009125 0.465375 0.136875)
(0.027375 0.465375 0.136875)
(0.045625 0.465375 0.136875)
(0.063875 0.465375 0.136875)
(0.082125 0.465375 0.136875)
(0.100375 0.465375 0.136875)
(0.118625 0.465375 0.136875)
(0.136875 0.465375 0.136875)
(0.155125 0.465375 0.136875)
(0.173375 0.465375 0.136875)
(0.191625 0.465375 0.136875)
(0.209875 0.465375 0.136875)
(0.228125 0.465375 0.136875)
(0.246375 0.465375 0.136875)
(0.264625 0.465375 0.136875)
(0.282875 0.465375 0.136875)
(0.301125 0.465375 0.136875)
(0.319375 0.465375 0.136875)
(0.337625 0.465375 0.136875)
(0.355875 0.465375 0.136875)
(0.374125 0.465375 0.136875)
(0.392375 0.465375 0.136875)
(0.410625 0.465375 0.136875)
(0.428875 0.465375 0.136875)
(0.447125 0.465375 0.136875)
(0.465375 0.465375 0.136875)
(0.483625 0.465375 0.136875)
(0.501875 0.465375 0.136875)
(0.520125 0.465375 0.136875)
(0.538375 0.465375 0.136875)
(0.556625 0.465375 0.136875)
(0.574875 0.465375 0.136875)
(0.009125 0.483625 0.136875)
(0.027375 0.483625 0.136875)
(0.045625 0.483625 0.136875)
(0.063875 0.483625 0.136875)
(0.082125 0.483625 0.136875)
(0.100375 0.483625 0.136875)
(0.118625 0.483625 0.136875)
(0.136875 0.483625 0.136875)
(0.155125 0.483625 0.136875)
(0.173375 0.483625 0.136875)
(0.191625 0.483625 0.136875)
(0.209875 0.483625 0.136875)
(0.228125 0.483625 0.136875)
(0.246375 0.483625 0.136875)
(0.264625 0.483625 0.136875)
(0.282875 0.483625 0.136875)
(0.301125 0.483625 0.136875)
(0.319375 0.483625 0.136875)
(0.337625 0.483625 0.136875)
(0.355875 0.483625 0.136875)
(0.374125 0.483625 0.136875)
(0.392375 0.483625 0.136875)
(0.410625 0.483625 0.136875)
(0.428875 0.483625 0.136875)
(0.447125 0.483625 0.136875)
(0.465375 0.483625 0.136875)
(0.483625 0.483625 0.136875)
(0.501875 0.483625 0.136875)
(0.520125 0.483625 0.136875)
(0.538375 0.483625 0.136875)
(0.556625 0.483625 0.136875)
(0.574875 0.483625 0.136875)
(0.009125 0.501875 0.136875)
(0.027375 0.501875 0.136875)
(0.045625 0.501875 0.136875)
(0.063875 0.501875 0.136875)
(0.082125 0.501875 0.136875)
(0.100375 0.501875 0.136875)
(0.118625 0.501875 0.136875)
(0.136875 0.501875 0.136875)
(0.155125 0.501875 0.136875)
(0.173375 0.501875 0.136875)
(0.191625 0.501875 0.136875)
(0.209875 0.501875 0.136875)
(0.228125 0.501875 0.136875)
(0.246375 0.501875 0.136875)
(0.264625 0.501875 0.136875)
(0.282875 0.501875 0.136875)
(0.301125 0.501875 0.136875)
(0.319375 0.501875 0.136875)
(0.337625 0.501875 0.136875)
(0.355875 0.501875 0.136875)
(0.374125 0.501875 0.136875)
(0.392375 0.501875 0.136875)
(0.410625 0.501875 0.136875)
(0.428875 0.501875 0.136875)
(0.447125 0.501875 0.136875)
(0.465375 0.501875 0.136875)
(0.483625 0.501875 0.136875)
(0.501875 0.501875 0.136875)
(0.520125 0.501875 0.136875)
(0.538375 0.501875 0.136875)
(0.556625 0.501875 0.136875)
(0.574875 0.501875 0.136875)
(0.009125 0.520125 0.136875)
(0.027375 0.520125 0.136875)
(0.045625 0.520125 0.136875)
(0.063875 0.520125 0.136875)
(0.082125 0.520125 0.136875)
(0.100375 0.520125 0.136875)
(0.118625 0.520125 0.136875)
(0.136875 0.520125 0.136875)
(0.155125 0.520125 0.136875)
(0.173375 0.520125 0.136875)
(0.191625 0.520125 0.136875)
(0.209875 0.520125 0.136875)
(0.228125 0.520125 0.136875)
(0.246375 0.520125 0.136875)
(0.264625 0.520125 0.136875)
(0.282875 0.520125 0.136875)
(0.301125 0.520125 0.136875)
(0.319375 0.520125 0.136875)
(0.337625 0.520125 0.136875)
(0.355875 0.520125 0.136875)
(0.374125 0.520125 0.136875)
(0.392375 0.520125 0.136875)
(0.410625 0.520125 0.136875)
(0.428875 0.520125 0.136875)
(0.447125 0.520125 0.136875)
(0.465375 0.520125 0.136875)
(0.483625 0.520125 0.136875)
(0.501875 0.520125 0.136875)
(0.520125 0.520125 0.136875)
(0.538375 0.520125 0.136875)
(0.556625 0.520125 0.136875)
(0.574875 0.520125 0.136875)
(0.009125 0.538375 0.136875)
(0.027375 0.538375 0.136875)
(0.045625 0.538375 0.136875)
(0.063875 0.538375 0.136875)
(0.082125 0.538375 0.136875)
(0.100375 0.538375 0.136875)
(0.118625 0.538375 0.136875)
(0.136875 0.538375 0.136875)
(0.155125 0.538375 0.136875)
(0.173375 0.538375 0.136875)
(0.191625 0.538375 0.136875)
(0.209875 0.538375 0.136875)
(0.228125 0.538375 0.136875)
(0.246375 0.538375 0.136875)
(0.264625 0.538375 0.136875)
(0.282875 0.538375 0.136875)
(0.301125 0.538375 0.136875)
(0.319375 0.538375 0.136875)
(0.337625 0.538375 0.136875)
(0.355875 0.538375 0.136875)
(0.374125 0.538375 0.136875)
(0.392375 0.538375 0.136875)
(0.410625 0.538375 0.136875)
(0.428875 0.538375 0.136875)
(0.447125 0.538375 0.136875)
(0.465375 0.538375 0.136875)
(0.483625 0.538375 0.136875)
(0.501875 0.538375 0.136875)
(0.520125 0.538375 0.136875)
(0.538375 0.538375 0.136875)
(0.556625 0.538375 0.136875)
(0.574875 0.538375 0.136875)
(0.009125 0.556625 0.136875)
(0.027375 0.556625 0.136875)
(0.045625 0.556625 0.136875)
(0.063875 0.556625 0.136875)
(0.082125 0.556625 0.136875)
(0.100375 0.556625 0.136875)
(0.118625 0.556625 0.136875)
(0.136875 0.556625 0.136875)
(0.155125 0.556625 0.136875)
(0.173375 0.556625 0.136875)
(0.191625 0.556625 0.136875)
(0.209875 0.556625 0.136875)
(0.228125 0.556625 0.136875)
(0.246375 0.556625 0.136875)
(0.264625 0.556625 0.136875)
(0.282875 0.556625 0.136875)
(0.301125 0.556625 0.136875)
(0.319375 0.556625 0.136875)
(0.337625 0.556625 0.136875)
(0.355875 0.556625 0.136875)
(0.374125 0.556625 0.136875)
(0.392375 0.556625 0.136875)
(0.410625 0.556625 0.136875)
(0.428875 0.556625 0.136875)
(0.447125 0.556625 0.136875)
(0.465375 0.556625 0.136875)
(0.483625 0.556625 0.136875)
(0.501875 0.556625 0.136875)
(0.520125 0.556625 0.136875)
(0.538375 0.556625 0.136875)
(0.556625 0.556625 0.136875)
(0.574875 0.556625 0.136875)
(0.009125 0.574875 0.136875)
(0.027375 0.574875 0.136875)
(0.045625 0.574875 0.136875)
(0.063875 0.574875 0.136875)
(0.082125 0.574875 0.136875)
(0.100375 0.574875 0.136875)
(0.118625 0.574875 0.136875)
(0.136875 0.574875 0.136875)
(0.155125 0.574875 0.136875)
(0.173375 0.574875 0.136875)
(0.191625 0.574875 0.136875)
(0.209875 0.574875 0.136875)
(0.228125 0.574875 0.136875)
(0.246375 0.574875 0.136875)
(0.264625 0.574875 0.136875)
(0.282875 0.574875 0.136875)
(0.301125 0.574875 0.136875)
(0.319375 0.574875 0.136875)
(0.337625 0.574875 0.136875)
(0.355875 0.574875 0.136875)
(0.374125 0.574875 0.136875)
(0.392375 0.574875 0.136875)
(0.410625 0.574875 0.136875)
(0.428875 0.574875 0.136875)
(0.447125 0.574875 0.136875)
(0.465375 0.574875 0.136875)
(0.483625 0.574875 0.136875)
(0.501875 0.574875 0.136875)
(0.520125 0.574875 0.136875)
(0.538375 0.574875 0.136875)
(0.556625 0.574875 0.136875)
(0.574875 0.574875 0.136875)
)
;

boundaryField
{
    backWall
    {
        type            calculated;
        value           nonuniform List<vector> 
1024
(
(0.009125 0.009125 0.146)
(0.009125 0.027375 0.146)
(0.009125 0.045625 0.146)
(0.009125 0.063875 0.146)
(0.009125 0.082125 0.146)
(0.009125 0.100375 0.146)
(0.009125 0.118625 0.146)
(0.009125 0.136875 0.146)
(0.009125 0.155125 0.146)
(0.009125 0.173375 0.146)
(0.009125 0.191625 0.146)
(0.009125 0.209875 0.146)
(0.009125 0.228125 0.146)
(0.009125 0.246375 0.146)
(0.009125 0.264625 0.146)
(0.009125 0.282875 0.146)
(0.009125 0.301125 0.146)
(0.009125 0.319375 0.146)
(0.009125 0.337625 0.146)
(0.009125 0.355875 0.146)
(0.009125 0.374125 0.146)
(0.009125 0.392375 0.146)
(0.009125 0.410625 0.146)
(0.009125 0.428875 0.146)
(0.009125 0.447125 0.146)
(0.009125 0.465375 0.146)
(0.009125 0.483625 0.146)
(0.009125 0.501875 0.146)
(0.009125 0.520125 0.146)
(0.009125 0.538375 0.146)
(0.009125 0.556625 0.146)
(0.009125 0.574875 0.146)
(0.027375 0.009125 0.146)
(0.027375 0.027375 0.146)
(0.027375 0.045625 0.146)
(0.027375 0.063875 0.146)
(0.027375 0.082125 0.146)
(0.027375 0.100375 0.146)
(0.027375 0.118625 0.146)
(0.027375 0.136875 0.146)
(0.027375 0.155125 0.146)
(0.027375 0.173375 0.146)
(0.027375 0.191625 0.146)
(0.027375 0.209875 0.146)
(0.027375 0.228125 0.146)
(0.027375 0.246375 0.146)
(0.027375 0.264625 0.146)
(0.027375 0.282875 0.146)
(0.027375 0.301125 0.146)
(0.027375 0.319375 0.146)
(0.027375 0.337625 0.146)
(0.027375 0.355875 0.146)
(0.027375 0.374125 0.146)
(0.027375 0.392375 0.146)
(0.027375 0.410625 0.146)
(0.027375 0.428875 0.146)
(0.027375 0.447125 0.146)
(0.027375 0.465375 0.146)
(0.027375 0.483625 0.146)
(0.027375 0.501875 0.146)
(0.027375 0.520125 0.146)
(0.027375 0.538375 0.146)
(0.027375 0.556625 0.146)
(0.027375 0.574875 0.146)
(0.045625 0.009125 0.146)
(0.045625 0.027375 0.146)
(0.045625 0.045625 0.146)
(0.045625 0.063875 0.146)
(0.045625 0.082125 0.146)
(0.045625 0.100375 0.146)
(0.045625 0.118625 0.146)
(0.045625 0.136875 0.146)
(0.045625 0.155125 0.146)
(0.045625 0.173375 0.146)
(0.045625 0.191625 0.146)
(0.045625 0.209875 0.146)
(0.045625 0.228125 0.146)
(0.045625 0.246375 0.146)
(0.045625 0.264625 0.146)
(0.045625 0.282875 0.146)
(0.045625 0.301125 0.146)
(0.045625 0.319375 0.146)
(0.045625 0.337625 0.146)
(0.045625 0.355875 0.146)
(0.045625 0.374125 0.146)
(0.045625 0.392375 0.146)
(0.045625 0.410625 0.146)
(0.045625 0.428875 0.146)
(0.045625 0.447125 0.146)
(0.045625 0.465375 0.146)
(0.045625 0.483625 0.146)
(0.045625 0.501875 0.146)
(0.045625 0.520125 0.146)
(0.045625 0.538375 0.146)
(0.045625 0.556625 0.146)
(0.045625 0.574875 0.146)
(0.063875 0.009125 0.146)
(0.063875 0.027375 0.146)
(0.063875 0.045625 0.146)
(0.063875 0.063875 0.146)
(0.063875 0.082125 0.146)
(0.063875 0.100375 0.146)
(0.063875 0.118625 0.146)
(0.063875 0.136875 0.146)
(0.063875 0.155125 0.146)
(0.063875 0.173375 0.146)
(0.063875 0.191625 0.146)
(0.063875 0.209875 0.146)
(0.063875 0.228125 0.146)
(0.063875 0.246375 0.146)
(0.063875 0.264625 0.146)
(0.063875 0.282875 0.146)
(0.063875 0.301125 0.146)
(0.063875 0.319375 0.146)
(0.063875 0.337625 0.146)
(0.063875 0.355875 0.146)
(0.063875 0.374125 0.146)
(0.063875 0.392375 0.146)
(0.063875 0.410625 0.146)
(0.063875 0.428875 0.146)
(0.063875 0.447125 0.146)
(0.063875 0.465375 0.146)
(0.063875 0.483625 0.146)
(0.063875 0.501875 0.146)
(0.063875 0.520125 0.146)
(0.063875 0.538375 0.146)
(0.063875 0.556625 0.146)
(0.063875 0.574875 0.146)
(0.082125 0.009125 0.146)
(0.082125 0.027375 0.146)
(0.082125 0.045625 0.146)
(0.082125 0.063875 0.146)
(0.082125 0.082125 0.146)
(0.082125 0.100375 0.146)
(0.082125 0.118625 0.146)
(0.082125 0.136875 0.146)
(0.082125 0.155125 0.146)
(0.082125 0.173375 0.146)
(0.082125 0.191625 0.146)
(0.082125 0.209875 0.146)
(0.082125 0.228125 0.146)
(0.082125 0.246375 0.146)
(0.082125 0.264625 0.146)
(0.082125 0.282875 0.146)
(0.082125 0.301125 0.146)
(0.082125 0.319375 0.146)
(0.082125 0.337625 0.146)
(0.082125 0.355875 0.146)
(0.082125 0.374125 0.146)
(0.082125 0.392375 0.146)
(0.082125 0.410625 0.146)
(0.082125 0.428875 0.146)
(0.082125 0.447125 0.146)
(0.082125 0.465375 0.146)
(0.082125 0.483625 0.146)
(0.082125 0.501875 0.146)
(0.082125 0.520125 0.146)
(0.082125 0.538375 0.146)
(0.082125 0.556625 0.146)
(0.082125 0.574875 0.146)
(0.100375 0.009125 0.146)
(0.100375 0.027375 0.146)
(0.100375 0.045625 0.146)
(0.100375 0.063875 0.146)
(0.100375 0.082125 0.146)
(0.100375 0.100375 0.146)
(0.100375 0.118625 0.146)
(0.100375 0.136875 0.146)
(0.100375 0.155125 0.146)
(0.100375 0.173375 0.146)
(0.100375 0.191625 0.146)
(0.100375 0.209875 0.146)
(0.100375 0.228125 0.146)
(0.100375 0.246375 0.146)
(0.100375 0.264625 0.146)
(0.100375 0.282875 0.146)
(0.100375 0.301125 0.146)
(0.100375 0.319375 0.146)
(0.100375 0.337625 0.146)
(0.100375 0.355875 0.146)
(0.100375 0.374125 0.146)
(0.100375 0.392375 0.146)
(0.100375 0.410625 0.146)
(0.100375 0.428875 0.146)
(0.100375 0.447125 0.146)
(0.100375 0.465375 0.146)
(0.100375 0.483625 0.146)
(0.100375 0.501875 0.146)
(0.100375 0.520125 0.146)
(0.100375 0.538375 0.146)
(0.100375 0.556625 0.146)
(0.100375 0.574875 0.146)
(0.118625 0.009125 0.146)
(0.118625 0.027375 0.146)
(0.118625 0.045625 0.146)
(0.118625 0.063875 0.146)
(0.118625 0.082125 0.146)
(0.118625 0.100375 0.146)
(0.118625 0.118625 0.146)
(0.118625 0.136875 0.146)
(0.118625 0.155125 0.146)
(0.118625 0.173375 0.146)
(0.118625 0.191625 0.146)
(0.118625 0.209875 0.146)
(0.118625 0.228125 0.146)
(0.118625 0.246375 0.146)
(0.118625 0.264625 0.146)
(0.118625 0.282875 0.146)
(0.118625 0.301125 0.146)
(0.118625 0.319375 0.146)
(0.118625 0.337625 0.146)
(0.118625 0.355875 0.146)
(0.118625 0.374125 0.146)
(0.118625 0.392375 0.146)
(0.118625 0.410625 0.146)
(0.118625 0.428875 0.146)
(0.118625 0.447125 0.146)
(0.118625 0.465375 0.146)
(0.118625 0.483625 0.146)
(0.118625 0.501875 0.146)
(0.118625 0.520125 0.146)
(0.118625 0.538375 0.146)
(0.118625 0.556625 0.146)
(0.118625 0.574875 0.146)
(0.136875 0.009125 0.146)
(0.136875 0.027375 0.146)
(0.136875 0.045625 0.146)
(0.136875 0.063875 0.146)
(0.136875 0.082125 0.146)
(0.136875 0.100375 0.146)
(0.136875 0.118625 0.146)
(0.136875 0.136875 0.146)
(0.136875 0.155125 0.146)
(0.136875 0.173375 0.146)
(0.136875 0.191625 0.146)
(0.136875 0.209875 0.146)
(0.136875 0.228125 0.146)
(0.136875 0.246375 0.146)
(0.136875 0.264625 0.146)
(0.136875 0.282875 0.146)
(0.136875 0.301125 0.146)
(0.136875 0.319375 0.146)
(0.136875 0.337625 0.146)
(0.136875 0.355875 0.146)
(0.136875 0.374125 0.146)
(0.136875 0.392375 0.146)
(0.136875 0.410625 0.146)
(0.136875 0.428875 0.146)
(0.136875 0.447125 0.146)
(0.136875 0.465375 0.146)
(0.136875 0.483625 0.146)
(0.136875 0.501875 0.146)
(0.136875 0.520125 0.146)
(0.136875 0.538375 0.146)
(0.136875 0.556625 0.146)
(0.136875 0.574875 0.146)
(0.155125 0.009125 0.146)
(0.155125 0.027375 0.146)
(0.155125 0.045625 0.146)
(0.155125 0.063875 0.146)
(0.155125 0.082125 0.146)
(0.155125 0.100375 0.146)
(0.155125 0.118625 0.146)
(0.155125 0.136875 0.146)
(0.155125 0.155125 0.146)
(0.155125 0.173375 0.146)
(0.155125 0.191625 0.146)
(0.155125 0.209875 0.146)
(0.155125 0.228125 0.146)
(0.155125 0.246375 0.146)
(0.155125 0.264625 0.146)
(0.155125 0.282875 0.146)
(0.155125 0.301125 0.146)
(0.155125 0.319375 0.146)
(0.155125 0.337625 0.146)
(0.155125 0.355875 0.146)
(0.155125 0.374125 0.146)
(0.155125 0.392375 0.146)
(0.155125 0.410625 0.146)
(0.155125 0.428875 0.146)
(0.155125 0.447125 0.146)
(0.155125 0.465375 0.146)
(0.155125 0.483625 0.146)
(0.155125 0.501875 0.146)
(0.155125 0.520125 0.146)
(0.155125 0.538375 0.146)
(0.155125 0.556625 0.146)
(0.155125 0.574875 0.146)
(0.173375 0.009125 0.146)
(0.173375 0.027375 0.146)
(0.173375 0.045625 0.146)
(0.173375 0.063875 0.146)
(0.173375 0.082125 0.146)
(0.173375 0.100375 0.146)
(0.173375 0.118625 0.146)
(0.173375 0.136875 0.146)
(0.173375 0.155125 0.146)
(0.173375 0.173375 0.146)
(0.173375 0.191625 0.146)
(0.173375 0.209875 0.146)
(0.173375 0.228125 0.146)
(0.173375 0.246375 0.146)
(0.173375 0.264625 0.146)
(0.173375 0.282875 0.146)
(0.173375 0.301125 0.146)
(0.173375 0.319375 0.146)
(0.173375 0.337625 0.146)
(0.173375 0.355875 0.146)
(0.173375 0.374125 0.146)
(0.173375 0.392375 0.146)
(0.173375 0.410625 0.146)
(0.173375 0.428875 0.146)
(0.173375 0.447125 0.146)
(0.173375 0.465375 0.146)
(0.173375 0.483625 0.146)
(0.173375 0.501875 0.146)
(0.173375 0.520125 0.146)
(0.173375 0.538375 0.146)
(0.173375 0.556625 0.146)
(0.173375 0.574875 0.146)
(0.191625 0.009125 0.146)
(0.191625 0.027375 0.146)
(0.191625 0.045625 0.146)
(0.191625 0.063875 0.146)
(0.191625 0.082125 0.146)
(0.191625 0.100375 0.146)
(0.191625 0.118625 0.146)
(0.191625 0.136875 0.146)
(0.191625 0.155125 0.146)
(0.191625 0.173375 0.146)
(0.191625 0.191625 0.146)
(0.191625 0.209875 0.146)
(0.191625 0.228125 0.146)
(0.191625 0.246375 0.146)
(0.191625 0.264625 0.146)
(0.191625 0.282875 0.146)
(0.191625 0.301125 0.146)
(0.191625 0.319375 0.146)
(0.191625 0.337625 0.146)
(0.191625 0.355875 0.146)
(0.191625 0.374125 0.146)
(0.191625 0.392375 0.146)
(0.191625 0.410625 0.146)
(0.191625 0.428875 0.146)
(0.191625 0.447125 0.146)
(0.191625 0.465375 0.146)
(0.191625 0.483625 0.146)
(0.191625 0.501875 0.146)
(0.191625 0.520125 0.146)
(0.191625 0.538375 0.146)
(0.191625 0.556625 0.146)
(0.191625 0.574875 0.146)
(0.209875 0.009125 0.146)
(0.209875 0.027375 0.146)
(0.209875 0.045625 0.146)
(0.209875 0.063875 0.146)
(0.209875 0.082125 0.146)
(0.209875 0.100375 0.146)
(0.209875 0.118625 0.146)
(0.209875 0.136875 0.146)
(0.209875 0.155125 0.146)
(0.209875 0.173375 0.146)
(0.209875 0.191625 0.146)
(0.209875 0.209875 0.146)
(0.209875 0.228125 0.146)
(0.209875 0.246375 0.146)
(0.209875 0.264625 0.146)
(0.209875 0.282875 0.146)
(0.209875 0.301125 0.146)
(0.209875 0.319375 0.146)
(0.209875 0.337625 0.146)
(0.209875 0.355875 0.146)
(0.209875 0.374125 0.146)
(0.209875 0.392375 0.146)
(0.209875 0.410625 0.146)
(0.209875 0.428875 0.146)
(0.209875 0.447125 0.146)
(0.209875 0.465375 0.146)
(0.209875 0.483625 0.146)
(0.209875 0.501875 0.146)
(0.209875 0.520125 0.146)
(0.209875 0.538375 0.146)
(0.209875 0.556625 0.146)
(0.209875 0.574875 0.146)
(0.228125 0.009125 0.146)
(0.228125 0.027375 0.146)
(0.228125 0.045625 0.146)
(0.228125 0.063875 0.146)
(0.228125 0.082125 0.146)
(0.228125 0.100375 0.146)
(0.228125 0.118625 0.146)
(0.228125 0.136875 0.146)
(0.228125 0.155125 0.146)
(0.228125 0.173375 0.146)
(0.228125 0.191625 0.146)
(0.228125 0.209875 0.146)
(0.228125 0.228125 0.146)
(0.228125 0.246375 0.146)
(0.228125 0.264625 0.146)
(0.228125 0.282875 0.146)
(0.228125 0.301125 0.146)
(0.228125 0.319375 0.146)
(0.228125 0.337625 0.146)
(0.228125 0.355875 0.146)
(0.228125 0.374125 0.146)
(0.228125 0.392375 0.146)
(0.228125 0.410625 0.146)
(0.228125 0.428875 0.146)
(0.228125 0.447125 0.146)
(0.228125 0.465375 0.146)
(0.228125 0.483625 0.146)
(0.228125 0.501875 0.146)
(0.228125 0.520125 0.146)
(0.228125 0.538375 0.146)
(0.228125 0.556625 0.146)
(0.228125 0.574875 0.146)
(0.246375 0.009125 0.146)
(0.246375 0.027375 0.146)
(0.246375 0.045625 0.146)
(0.246375 0.063875 0.146)
(0.246375 0.082125 0.146)
(0.246375 0.100375 0.146)
(0.246375 0.118625 0.146)
(0.246375 0.136875 0.146)
(0.246375 0.155125 0.146)
(0.246375 0.173375 0.146)
(0.246375 0.191625 0.146)
(0.246375 0.209875 0.146)
(0.246375 0.228125 0.146)
(0.246375 0.246375 0.146)
(0.246375 0.264625 0.146)
(0.246375 0.282875 0.146)
(0.246375 0.301125 0.146)
(0.246375 0.319375 0.146)
(0.246375 0.337625 0.146)
(0.246375 0.355875 0.146)
(0.246375 0.374125 0.146)
(0.246375 0.392375 0.146)
(0.246375 0.410625 0.146)
(0.246375 0.428875 0.146)
(0.246375 0.447125 0.146)
(0.246375 0.465375 0.146)
(0.246375 0.483625 0.146)
(0.246375 0.501875 0.146)
(0.246375 0.520125 0.146)
(0.246375 0.538375 0.146)
(0.246375 0.556625 0.146)
(0.246375 0.574875 0.146)
(0.264625 0.009125 0.146)
(0.264625 0.027375 0.146)
(0.264625 0.045625 0.146)
(0.264625 0.063875 0.146)
(0.264625 0.082125 0.146)
(0.264625 0.100375 0.146)
(0.264625 0.118625 0.146)
(0.264625 0.136875 0.146)
(0.264625 0.155125 0.146)
(0.264625 0.173375 0.146)
(0.264625 0.191625 0.146)
(0.264625 0.209875 0.146)
(0.264625 0.228125 0.146)
(0.264625 0.246375 0.146)
(0.264625 0.264625 0.146)
(0.264625 0.282875 0.146)
(0.264625 0.301125 0.146)
(0.264625 0.319375 0.146)
(0.264625 0.337625 0.146)
(0.264625 0.355875 0.146)
(0.264625 0.374125 0.146)
(0.264625 0.392375 0.146)
(0.264625 0.410625 0.146)
(0.264625 0.428875 0.146)
(0.264625 0.447125 0.146)
(0.264625 0.465375 0.146)
(0.264625 0.483625 0.146)
(0.264625 0.501875 0.146)
(0.264625 0.520125 0.146)
(0.264625 0.538375 0.146)
(0.264625 0.556625 0.146)
(0.264625 0.574875 0.146)
(0.282875 0.009125 0.146)
(0.282875 0.027375 0.146)
(0.282875 0.045625 0.146)
(0.282875 0.063875 0.146)
(0.282875 0.082125 0.146)
(0.282875 0.100375 0.146)
(0.282875 0.118625 0.146)
(0.282875 0.136875 0.146)
(0.282875 0.155125 0.146)
(0.282875 0.173375 0.146)
(0.282875 0.191625 0.146)
(0.282875 0.209875 0.146)
(0.282875 0.228125 0.146)
(0.282875 0.246375 0.146)
(0.282875 0.264625 0.146)
(0.282875 0.282875 0.146)
(0.282875 0.301125 0.146)
(0.282875 0.319375 0.146)
(0.282875 0.337625 0.146)
(0.282875 0.355875 0.146)
(0.282875 0.374125 0.146)
(0.282875 0.392375 0.146)
(0.282875 0.410625 0.146)
(0.282875 0.428875 0.146)
(0.282875 0.447125 0.146)
(0.282875 0.465375 0.146)
(0.282875 0.483625 0.146)
(0.282875 0.501875 0.146)
(0.282875 0.520125 0.146)
(0.282875 0.538375 0.146)
(0.282875 0.556625 0.146)
(0.282875 0.574875 0.146)
(0.301125 0.009125 0.146)
(0.301125 0.027375 0.146)
(0.301125 0.045625 0.146)
(0.301125 0.063875 0.146)
(0.301125 0.082125 0.146)
(0.301125 0.100375 0.146)
(0.301125 0.118625 0.146)
(0.301125 0.136875 0.146)
(0.301125 0.155125 0.146)
(0.301125 0.173375 0.146)
(0.301125 0.191625 0.146)
(0.301125 0.209875 0.146)
(0.301125 0.228125 0.146)
(0.301125 0.246375 0.146)
(0.301125 0.264625 0.146)
(0.301125 0.282875 0.146)
(0.301125 0.301125 0.146)
(0.301125 0.319375 0.146)
(0.301125 0.337625 0.146)
(0.301125 0.355875 0.146)
(0.301125 0.374125 0.146)
(0.301125 0.392375 0.146)
(0.301125 0.410625 0.146)
(0.301125 0.428875 0.146)
(0.301125 0.447125 0.146)
(0.301125 0.465375 0.146)
(0.301125 0.483625 0.146)
(0.301125 0.501875 0.146)
(0.301125 0.520125 0.146)
(0.301125 0.538375 0.146)
(0.301125 0.556625 0.146)
(0.301125 0.574875 0.146)
(0.319375 0.009125 0.146)
(0.319375 0.027375 0.146)
(0.319375 0.045625 0.146)
(0.319375 0.063875 0.146)
(0.319375 0.082125 0.146)
(0.319375 0.100375 0.146)
(0.319375 0.118625 0.146)
(0.319375 0.136875 0.146)
(0.319375 0.155125 0.146)
(0.319375 0.173375 0.146)
(0.319375 0.191625 0.146)
(0.319375 0.209875 0.146)
(0.319375 0.228125 0.146)
(0.319375 0.246375 0.146)
(0.319375 0.264625 0.146)
(0.319375 0.282875 0.146)
(0.319375 0.301125 0.146)
(0.319375 0.319375 0.146)
(0.319375 0.337625 0.146)
(0.319375 0.355875 0.146)
(0.319375 0.374125 0.146)
(0.319375 0.392375 0.146)
(0.319375 0.410625 0.146)
(0.319375 0.428875 0.146)
(0.319375 0.447125 0.146)
(0.319375 0.465375 0.146)
(0.319375 0.483625 0.146)
(0.319375 0.501875 0.146)
(0.319375 0.520125 0.146)
(0.319375 0.538375 0.146)
(0.319375 0.556625 0.146)
(0.319375 0.574875 0.146)
(0.337625 0.009125 0.146)
(0.337625 0.027375 0.146)
(0.337625 0.045625 0.146)
(0.337625 0.063875 0.146)
(0.337625 0.082125 0.146)
(0.337625 0.100375 0.146)
(0.337625 0.118625 0.146)
(0.337625 0.136875 0.146)
(0.337625 0.155125 0.146)
(0.337625 0.173375 0.146)
(0.337625 0.191625 0.146)
(0.337625 0.209875 0.146)
(0.337625 0.228125 0.146)
(0.337625 0.246375 0.146)
(0.337625 0.264625 0.146)
(0.337625 0.282875 0.146)
(0.337625 0.301125 0.146)
(0.337625 0.319375 0.146)
(0.337625 0.337625 0.146)
(0.337625 0.355875 0.146)
(0.337625 0.374125 0.146)
(0.337625 0.392375 0.146)
(0.337625 0.410625 0.146)
(0.337625 0.428875 0.146)
(0.337625 0.447125 0.146)
(0.337625 0.465375 0.146)
(0.337625 0.483625 0.146)
(0.337625 0.501875 0.146)
(0.337625 0.520125 0.146)
(0.337625 0.538375 0.146)
(0.337625 0.556625 0.146)
(0.337625 0.574875 0.146)
(0.355875 0.009125 0.146)
(0.355875 0.027375 0.146)
(0.355875 0.045625 0.146)
(0.355875 0.063875 0.146)
(0.355875 0.082125 0.146)
(0.355875 0.100375 0.146)
(0.355875 0.118625 0.146)
(0.355875 0.136875 0.146)
(0.355875 0.155125 0.146)
(0.355875 0.173375 0.146)
(0.355875 0.191625 0.146)
(0.355875 0.209875 0.146)
(0.355875 0.228125 0.146)
(0.355875 0.246375 0.146)
(0.355875 0.264625 0.146)
(0.355875 0.282875 0.146)
(0.355875 0.301125 0.146)
(0.355875 0.319375 0.146)
(0.355875 0.337625 0.146)
(0.355875 0.355875 0.146)
(0.355875 0.374125 0.146)
(0.355875 0.392375 0.146)
(0.355875 0.410625 0.146)
(0.355875 0.428875 0.146)
(0.355875 0.447125 0.146)
(0.355875 0.465375 0.146)
(0.355875 0.483625 0.146)
(0.355875 0.501875 0.146)
(0.355875 0.520125 0.146)
(0.355875 0.538375 0.146)
(0.355875 0.556625 0.146)
(0.355875 0.574875 0.146)
(0.374125 0.009125 0.146)
(0.374125 0.027375 0.146)
(0.374125 0.045625 0.146)
(0.374125 0.063875 0.146)
(0.374125 0.082125 0.146)
(0.374125 0.100375 0.146)
(0.374125 0.118625 0.146)
(0.374125 0.136875 0.146)
(0.374125 0.155125 0.146)
(0.374125 0.173375 0.146)
(0.374125 0.191625 0.146)
(0.374125 0.209875 0.146)
(0.374125 0.228125 0.146)
(0.374125 0.246375 0.146)
(0.374125 0.264625 0.146)
(0.374125 0.282875 0.146)
(0.374125 0.301125 0.146)
(0.374125 0.319375 0.146)
(0.374125 0.337625 0.146)
(0.374125 0.355875 0.146)
(0.374125 0.374125 0.146)
(0.374125 0.392375 0.146)
(0.374125 0.410625 0.146)
(0.374125 0.428875 0.146)
(0.374125 0.447125 0.146)
(0.374125 0.465375 0.146)
(0.374125 0.483625 0.146)
(0.374125 0.501875 0.146)
(0.374125 0.520125 0.146)
(0.374125 0.538375 0.146)
(0.374125 0.556625 0.146)
(0.374125 0.574875 0.146)
(0.392375 0.009125 0.146)
(0.392375 0.027375 0.146)
(0.392375 0.045625 0.146)
(0.392375 0.063875 0.146)
(0.392375 0.082125 0.146)
(0.392375 0.100375 0.146)
(0.392375 0.118625 0.146)
(0.392375 0.136875 0.146)
(0.392375 0.155125 0.146)
(0.392375 0.173375 0.146)
(0.392375 0.191625 0.146)
(0.392375 0.209875 0.146)
(0.392375 0.228125 0.146)
(0.392375 0.246375 0.146)
(0.392375 0.264625 0.146)
(0.392375 0.282875 0.146)
(0.392375 0.301125 0.146)
(0.392375 0.319375 0.146)
(0.392375 0.337625 0.146)
(0.392375 0.355875 0.146)
(0.392375 0.374125 0.146)
(0.392375 0.392375 0.146)
(0.392375 0.410625 0.146)
(0.392375 0.428875 0.146)
(0.392375 0.447125 0.146)
(0.392375 0.465375 0.146)
(0.392375 0.483625 0.146)
(0.392375 0.501875 0.146)
(0.392375 0.520125 0.146)
(0.392375 0.538375 0.146)
(0.392375 0.556625 0.146)
(0.392375 0.574875 0.146)
(0.410625 0.009125 0.146)
(0.410625 0.027375 0.146)
(0.410625 0.045625 0.146)
(0.410625 0.063875 0.146)
(0.410625 0.082125 0.146)
(0.410625 0.100375 0.146)
(0.410625 0.118625 0.146)
(0.410625 0.136875 0.146)
(0.410625 0.155125 0.146)
(0.410625 0.173375 0.146)
(0.410625 0.191625 0.146)
(0.410625 0.209875 0.146)
(0.410625 0.228125 0.146)
(0.410625 0.246375 0.146)
(0.410625 0.264625 0.146)
(0.410625 0.282875 0.146)
(0.410625 0.301125 0.146)
(0.410625 0.319375 0.146)
(0.410625 0.337625 0.146)
(0.410625 0.355875 0.146)
(0.410625 0.374125 0.146)
(0.410625 0.392375 0.146)
(0.410625 0.410625 0.146)
(0.410625 0.428875 0.146)
(0.410625 0.447125 0.146)
(0.410625 0.465375 0.146)
(0.410625 0.483625 0.146)
(0.410625 0.501875 0.146)
(0.410625 0.520125 0.146)
(0.410625 0.538375 0.146)
(0.410625 0.556625 0.146)
(0.410625 0.574875 0.146)
(0.428875 0.009125 0.146)
(0.428875 0.027375 0.146)
(0.428875 0.045625 0.146)
(0.428875 0.063875 0.146)
(0.428875 0.082125 0.146)
(0.428875 0.100375 0.146)
(0.428875 0.118625 0.146)
(0.428875 0.136875 0.146)
(0.428875 0.155125 0.146)
(0.428875 0.173375 0.146)
(0.428875 0.191625 0.146)
(0.428875 0.209875 0.146)
(0.428875 0.228125 0.146)
(0.428875 0.246375 0.146)
(0.428875 0.264625 0.146)
(0.428875 0.282875 0.146)
(0.428875 0.301125 0.146)
(0.428875 0.319375 0.146)
(0.428875 0.337625 0.146)
(0.428875 0.355875 0.146)
(0.428875 0.374125 0.146)
(0.428875 0.392375 0.146)
(0.428875 0.410625 0.146)
(0.428875 0.428875 0.146)
(0.428875 0.447125 0.146)
(0.428875 0.465375 0.146)
(0.428875 0.483625 0.146)
(0.428875 0.501875 0.146)
(0.428875 0.520125 0.146)
(0.428875 0.538375 0.146)
(0.428875 0.556625 0.146)
(0.428875 0.574875 0.146)
(0.447125 0.009125 0.146)
(0.447125 0.027375 0.146)
(0.447125 0.045625 0.146)
(0.447125 0.063875 0.146)
(0.447125 0.082125 0.146)
(0.447125 0.100375 0.146)
(0.447125 0.118625 0.146)
(0.447125 0.136875 0.146)
(0.447125 0.155125 0.146)
(0.447125 0.173375 0.146)
(0.447125 0.191625 0.146)
(0.447125 0.209875 0.146)
(0.447125 0.228125 0.146)
(0.447125 0.246375 0.146)
(0.447125 0.264625 0.146)
(0.447125 0.282875 0.146)
(0.447125 0.301125 0.146)
(0.447125 0.319375 0.146)
(0.447125 0.337625 0.146)
(0.447125 0.355875 0.146)
(0.447125 0.374125 0.146)
(0.447125 0.392375 0.146)
(0.447125 0.410625 0.146)
(0.447125 0.428875 0.146)
(0.447125 0.447125 0.146)
(0.447125 0.465375 0.146)
(0.447125 0.483625 0.146)
(0.447125 0.501875 0.146)
(0.447125 0.520125 0.146)
(0.447125 0.538375 0.146)
(0.447125 0.556625 0.146)
(0.447125 0.574875 0.146)
(0.465375 0.009125 0.146)
(0.465375 0.027375 0.146)
(0.465375 0.045625 0.146)
(0.465375 0.063875 0.146)
(0.465375 0.082125 0.146)
(0.465375 0.100375 0.146)
(0.465375 0.118625 0.146)
(0.465375 0.136875 0.146)
(0.465375 0.155125 0.146)
(0.465375 0.173375 0.146)
(0.465375 0.191625 0.146)
(0.465375 0.209875 0.146)
(0.465375 0.228125 0.146)
(0.465375 0.246375 0.146)
(0.465375 0.264625 0.146)
(0.465375 0.282875 0.146)
(0.465375 0.301125 0.146)
(0.465375 0.319375 0.146)
(0.465375 0.337625 0.146)
(0.465375 0.355875 0.146)
(0.465375 0.374125 0.146)
(0.465375 0.392375 0.146)
(0.465375 0.410625 0.146)
(0.465375 0.428875 0.146)
(0.465375 0.447125 0.146)
(0.465375 0.465375 0.146)
(0.465375 0.483625 0.146)
(0.465375 0.501875 0.146)
(0.465375 0.520125 0.146)
(0.465375 0.538375 0.146)
(0.465375 0.556625 0.146)
(0.465375 0.574875 0.146)
(0.483625 0.009125 0.146)
(0.483625 0.027375 0.146)
(0.483625 0.045625 0.146)
(0.483625 0.063875 0.146)
(0.483625 0.082125 0.146)
(0.483625 0.100375 0.146)
(0.483625 0.118625 0.146)
(0.483625 0.136875 0.146)
(0.483625 0.155125 0.146)
(0.483625 0.173375 0.146)
(0.483625 0.191625 0.146)
(0.483625 0.209875 0.146)
(0.483625 0.228125 0.146)
(0.483625 0.246375 0.146)
(0.483625 0.264625 0.146)
(0.483625 0.282875 0.146)
(0.483625 0.301125 0.146)
(0.483625 0.319375 0.146)
(0.483625 0.337625 0.146)
(0.483625 0.355875 0.146)
(0.483625 0.374125 0.146)
(0.483625 0.392375 0.146)
(0.483625 0.410625 0.146)
(0.483625 0.428875 0.146)
(0.483625 0.447125 0.146)
(0.483625 0.465375 0.146)
(0.483625 0.483625 0.146)
(0.483625 0.501875 0.146)
(0.483625 0.520125 0.146)
(0.483625 0.538375 0.146)
(0.483625 0.556625 0.146)
(0.483625 0.574875 0.146)
(0.501875 0.009125 0.146)
(0.501875 0.027375 0.146)
(0.501875 0.045625 0.146)
(0.501875 0.063875 0.146)
(0.501875 0.082125 0.146)
(0.501875 0.100375 0.146)
(0.501875 0.118625 0.146)
(0.501875 0.136875 0.146)
(0.501875 0.155125 0.146)
(0.501875 0.173375 0.146)
(0.501875 0.191625 0.146)
(0.501875 0.209875 0.146)
(0.501875 0.228125 0.146)
(0.501875 0.246375 0.146)
(0.501875 0.264625 0.146)
(0.501875 0.282875 0.146)
(0.501875 0.301125 0.146)
(0.501875 0.319375 0.146)
(0.501875 0.337625 0.146)
(0.501875 0.355875 0.146)
(0.501875 0.374125 0.146)
(0.501875 0.392375 0.146)
(0.501875 0.410625 0.146)
(0.501875 0.428875 0.146)
(0.501875 0.447125 0.146)
(0.501875 0.465375 0.146)
(0.501875 0.483625 0.146)
(0.501875 0.501875 0.146)
(0.501875 0.520125 0.146)
(0.501875 0.538375 0.146)
(0.501875 0.556625 0.146)
(0.501875 0.574875 0.146)
(0.520125 0.009125 0.146)
(0.520125 0.027375 0.146)
(0.520125 0.045625 0.146)
(0.520125 0.063875 0.146)
(0.520125 0.082125 0.146)
(0.520125 0.100375 0.146)
(0.520125 0.118625 0.146)
(0.520125 0.136875 0.146)
(0.520125 0.155125 0.146)
(0.520125 0.173375 0.146)
(0.520125 0.191625 0.146)
(0.520125 0.209875 0.146)
(0.520125 0.228125 0.146)
(0.520125 0.246375 0.146)
(0.520125 0.264625 0.146)
(0.520125 0.282875 0.146)
(0.520125 0.301125 0.146)
(0.520125 0.319375 0.146)
(0.520125 0.337625 0.146)
(0.520125 0.355875 0.146)
(0.520125 0.374125 0.146)
(0.520125 0.392375 0.146)
(0.520125 0.410625 0.146)
(0.520125 0.428875 0.146)
(0.520125 0.447125 0.146)
(0.520125 0.465375 0.146)
(0.520125 0.483625 0.146)
(0.520125 0.501875 0.146)
(0.520125 0.520125 0.146)
(0.520125 0.538375 0.146)
(0.520125 0.556625 0.146)
(0.520125 0.574875 0.146)
(0.538375 0.009125 0.146)
(0.538375 0.027375 0.146)
(0.538375 0.045625 0.146)
(0.538375 0.063875 0.146)
(0.538375 0.082125 0.146)
(0.538375 0.100375 0.146)
(0.538375 0.118625 0.146)
(0.538375 0.136875 0.146)
(0.538375 0.155125 0.146)
(0.538375 0.173375 0.146)
(0.538375 0.191625 0.146)
(0.538375 0.209875 0.146)
(0.538375 0.228125 0.146)
(0.538375 0.246375 0.146)
(0.538375 0.264625 0.146)
(0.538375 0.282875 0.146)
(0.538375 0.301125 0.146)
(0.538375 0.319375 0.146)
(0.538375 0.337625 0.146)
(0.538375 0.355875 0.146)
(0.538375 0.374125 0.146)
(0.538375 0.392375 0.146)
(0.538375 0.410625 0.146)
(0.538375 0.428875 0.146)
(0.538375 0.447125 0.146)
(0.538375 0.465375 0.146)
(0.538375 0.483625 0.146)
(0.538375 0.501875 0.146)
(0.538375 0.520125 0.146)
(0.538375 0.538375 0.146)
(0.538375 0.556625 0.146)
(0.538375 0.574875 0.146)
(0.556625 0.009125 0.146)
(0.556625 0.027375 0.146)
(0.556625 0.045625 0.146)
(0.556625 0.063875 0.146)
(0.556625 0.082125 0.146)
(0.556625 0.100375 0.146)
(0.556625 0.118625 0.146)
(0.556625 0.136875 0.146)
(0.556625 0.155125 0.146)
(0.556625 0.173375 0.146)
(0.556625 0.191625 0.146)
(0.556625 0.209875 0.146)
(0.556625 0.228125 0.146)
(0.556625 0.246375 0.146)
(0.556625 0.264625 0.146)
(0.556625 0.282875 0.146)
(0.556625 0.301125 0.146)
(0.556625 0.319375 0.146)
(0.556625 0.337625 0.146)
(0.556625 0.355875 0.146)
(0.556625 0.374125 0.146)
(0.556625 0.392375 0.146)
(0.556625 0.410625 0.146)
(0.556625 0.428875 0.146)
(0.556625 0.447125 0.146)
(0.556625 0.465375 0.146)
(0.556625 0.483625 0.146)
(0.556625 0.501875 0.146)
(0.556625 0.520125 0.146)
(0.556625 0.538375 0.146)
(0.556625 0.556625 0.146)
(0.556625 0.574875 0.146)
(0.574875 0.009125 0.146)
(0.574875 0.027375 0.146)
(0.574875 0.045625 0.146)
(0.574875 0.063875 0.146)
(0.574875 0.082125 0.146)
(0.574875 0.100375 0.146)
(0.574875 0.118625 0.146)
(0.574875 0.136875 0.146)
(0.574875 0.155125 0.146)
(0.574875 0.173375 0.146)
(0.574875 0.191625 0.146)
(0.574875 0.209875 0.146)
(0.574875 0.228125 0.146)
(0.574875 0.246375 0.146)
(0.574875 0.264625 0.146)
(0.574875 0.282875 0.146)
(0.574875 0.301125 0.146)
(0.574875 0.319375 0.146)
(0.574875 0.337625 0.146)
(0.574875 0.355875 0.146)
(0.574875 0.374125 0.146)
(0.574875 0.392375 0.146)
(0.574875 0.410625 0.146)
(0.574875 0.428875 0.146)
(0.574875 0.447125 0.146)
(0.574875 0.465375 0.146)
(0.574875 0.483625 0.146)
(0.574875 0.501875 0.146)
(0.574875 0.520125 0.146)
(0.574875 0.538375 0.146)
(0.574875 0.556625 0.146)
(0.574875 0.574875 0.146)
)
;
    }
    frontWall
    {
        type            calculated;
        value           nonuniform List<vector> 
1024
(
(0.009125 0.009125 0)
(0.009125 0.027375 0)
(0.009125 0.045625 0)
(0.009125 0.063875 0)
(0.009125 0.082125 0)
(0.009125 0.100375 0)
(0.009125 0.118625 0)
(0.009125 0.136875 0)
(0.009125 0.155125 0)
(0.009125 0.173375 0)
(0.009125 0.191625 0)
(0.009125 0.209875 0)
(0.009125 0.228125 0)
(0.009125 0.246375 0)
(0.009125 0.264625 0)
(0.009125 0.282875 0)
(0.009125 0.301125 0)
(0.009125 0.319375 0)
(0.009125 0.337625 0)
(0.009125 0.355875 0)
(0.009125 0.374125 0)
(0.009125 0.392375 0)
(0.009125 0.410625 0)
(0.009125 0.428875 0)
(0.009125 0.447125 0)
(0.009125 0.465375 0)
(0.009125 0.483625 0)
(0.009125 0.501875 0)
(0.009125 0.520125 0)
(0.009125 0.538375 0)
(0.009125 0.556625 0)
(0.009125 0.574875 0)
(0.027375 0.009125 0)
(0.027375 0.027375 0)
(0.027375 0.045625 0)
(0.027375 0.063875 0)
(0.027375 0.082125 0)
(0.027375 0.100375 0)
(0.027375 0.118625 0)
(0.027375 0.136875 0)
(0.027375 0.155125 0)
(0.027375 0.173375 0)
(0.027375 0.191625 0)
(0.027375 0.209875 0)
(0.027375 0.228125 0)
(0.027375 0.246375 0)
(0.027375 0.264625 0)
(0.027375 0.282875 0)
(0.027375 0.301125 0)
(0.027375 0.319375 0)
(0.027375 0.337625 0)
(0.027375 0.355875 0)
(0.027375 0.374125 0)
(0.027375 0.392375 0)
(0.027375 0.410625 0)
(0.027375 0.428875 0)
(0.027375 0.447125 0)
(0.027375 0.465375 0)
(0.027375 0.483625 0)
(0.027375 0.501875 0)
(0.027375 0.520125 0)
(0.027375 0.538375 0)
(0.027375 0.556625 0)
(0.027375 0.574875 0)
(0.045625 0.009125 0)
(0.045625 0.027375 0)
(0.045625 0.045625 0)
(0.045625 0.063875 0)
(0.045625 0.082125 0)
(0.045625 0.100375 0)
(0.045625 0.118625 0)
(0.045625 0.136875 0)
(0.045625 0.155125 0)
(0.045625 0.173375 0)
(0.045625 0.191625 0)
(0.045625 0.209875 0)
(0.045625 0.228125 0)
(0.045625 0.246375 0)
(0.045625 0.264625 0)
(0.045625 0.282875 0)
(0.045625 0.301125 0)
(0.045625 0.319375 0)
(0.045625 0.337625 0)
(0.045625 0.355875 0)
(0.045625 0.374125 0)
(0.045625 0.392375 0)
(0.045625 0.410625 0)
(0.045625 0.428875 0)
(0.045625 0.447125 0)
(0.045625 0.465375 0)
(0.045625 0.483625 0)
(0.045625 0.501875 0)
(0.045625 0.520125 0)
(0.045625 0.538375 0)
(0.045625 0.556625 0)
(0.045625 0.574875 0)
(0.063875 0.009125 0)
(0.063875 0.027375 0)
(0.063875 0.045625 0)
(0.063875 0.063875 0)
(0.063875 0.082125 0)
(0.063875 0.100375 0)
(0.063875 0.118625 0)
(0.063875 0.136875 0)
(0.063875 0.155125 0)
(0.063875 0.173375 0)
(0.063875 0.191625 0)
(0.063875 0.209875 0)
(0.063875 0.228125 0)
(0.063875 0.246375 0)
(0.063875 0.264625 0)
(0.063875 0.282875 0)
(0.063875 0.301125 0)
(0.063875 0.319375 0)
(0.063875 0.337625 0)
(0.063875 0.355875 0)
(0.063875 0.374125 0)
(0.063875 0.392375 0)
(0.063875 0.410625 0)
(0.063875 0.428875 0)
(0.063875 0.447125 0)
(0.063875 0.465375 0)
(0.063875 0.483625 0)
(0.063875 0.501875 0)
(0.063875 0.520125 0)
(0.063875 0.538375 0)
(0.063875 0.556625 0)
(0.063875 0.574875 0)
(0.082125 0.009125 0)
(0.082125 0.027375 0)
(0.082125 0.045625 0)
(0.082125 0.063875 0)
(0.082125 0.082125 0)
(0.082125 0.100375 0)
(0.082125 0.118625 0)
(0.082125 0.136875 0)
(0.082125 0.155125 0)
(0.082125 0.173375 0)
(0.082125 0.191625 0)
(0.082125 0.209875 0)
(0.082125 0.228125 0)
(0.082125 0.246375 0)
(0.082125 0.264625 0)
(0.082125 0.282875 0)
(0.082125 0.301125 0)
(0.082125 0.319375 0)
(0.082125 0.337625 0)
(0.082125 0.355875 0)
(0.082125 0.374125 0)
(0.082125 0.392375 0)
(0.082125 0.410625 0)
(0.082125 0.428875 0)
(0.082125 0.447125 0)
(0.082125 0.465375 0)
(0.082125 0.483625 0)
(0.082125 0.501875 0)
(0.082125 0.520125 0)
(0.082125 0.538375 0)
(0.082125 0.556625 0)
(0.082125 0.574875 0)
(0.100375 0.009125 0)
(0.100375 0.027375 0)
(0.100375 0.045625 0)
(0.100375 0.063875 0)
(0.100375 0.082125 0)
(0.100375 0.100375 0)
(0.100375 0.118625 0)
(0.100375 0.136875 0)
(0.100375 0.155125 0)
(0.100375 0.173375 0)
(0.100375 0.191625 0)
(0.100375 0.209875 0)
(0.100375 0.228125 0)
(0.100375 0.246375 0)
(0.100375 0.264625 0)
(0.100375 0.282875 0)
(0.100375 0.301125 0)
(0.100375 0.319375 0)
(0.100375 0.337625 0)
(0.100375 0.355875 0)
(0.100375 0.374125 0)
(0.100375 0.392375 0)
(0.100375 0.410625 0)
(0.100375 0.428875 0)
(0.100375 0.447125 0)
(0.100375 0.465375 0)
(0.100375 0.483625 0)
(0.100375 0.501875 0)
(0.100375 0.520125 0)
(0.100375 0.538375 0)
(0.100375 0.556625 0)
(0.100375 0.574875 0)
(0.118625 0.009125 0)
(0.118625 0.027375 0)
(0.118625 0.045625 0)
(0.118625 0.063875 0)
(0.118625 0.082125 0)
(0.118625 0.100375 0)
(0.118625 0.118625 0)
(0.118625 0.136875 0)
(0.118625 0.155125 0)
(0.118625 0.173375 0)
(0.118625 0.191625 0)
(0.118625 0.209875 0)
(0.118625 0.228125 0)
(0.118625 0.246375 0)
(0.118625 0.264625 0)
(0.118625 0.282875 0)
(0.118625 0.301125 0)
(0.118625 0.319375 0)
(0.118625 0.337625 0)
(0.118625 0.355875 0)
(0.118625 0.374125 0)
(0.118625 0.392375 0)
(0.118625 0.410625 0)
(0.118625 0.428875 0)
(0.118625 0.447125 0)
(0.118625 0.465375 0)
(0.118625 0.483625 0)
(0.118625 0.501875 0)
(0.118625 0.520125 0)
(0.118625 0.538375 0)
(0.118625 0.556625 0)
(0.118625 0.574875 0)
(0.136875 0.009125 0)
(0.136875 0.027375 0)
(0.136875 0.045625 0)
(0.136875 0.063875 0)
(0.136875 0.082125 0)
(0.136875 0.100375 0)
(0.136875 0.118625 0)
(0.136875 0.136875 0)
(0.136875 0.155125 0)
(0.136875 0.173375 0)
(0.136875 0.191625 0)
(0.136875 0.209875 0)
(0.136875 0.228125 0)
(0.136875 0.246375 0)
(0.136875 0.264625 0)
(0.136875 0.282875 0)
(0.136875 0.301125 0)
(0.136875 0.319375 0)
(0.136875 0.337625 0)
(0.136875 0.355875 0)
(0.136875 0.374125 0)
(0.136875 0.392375 0)
(0.136875 0.410625 0)
(0.136875 0.428875 0)
(0.136875 0.447125 0)
(0.136875 0.465375 0)
(0.136875 0.483625 0)
(0.136875 0.501875 0)
(0.136875 0.520125 0)
(0.136875 0.538375 0)
(0.136875 0.556625 0)
(0.136875 0.574875 0)
(0.155125 0.009125 0)
(0.155125 0.027375 0)
(0.155125 0.045625 0)
(0.155125 0.063875 0)
(0.155125 0.082125 0)
(0.155125 0.100375 0)
(0.155125 0.118625 0)
(0.155125 0.136875 0)
(0.155125 0.155125 0)
(0.155125 0.173375 0)
(0.155125 0.191625 0)
(0.155125 0.209875 0)
(0.155125 0.228125 0)
(0.155125 0.246375 0)
(0.155125 0.264625 0)
(0.155125 0.282875 0)
(0.155125 0.301125 0)
(0.155125 0.319375 0)
(0.155125 0.337625 0)
(0.155125 0.355875 0)
(0.155125 0.374125 0)
(0.155125 0.392375 0)
(0.155125 0.410625 0)
(0.155125 0.428875 0)
(0.155125 0.447125 0)
(0.155125 0.465375 0)
(0.155125 0.483625 0)
(0.155125 0.501875 0)
(0.155125 0.520125 0)
(0.155125 0.538375 0)
(0.155125 0.556625 0)
(0.155125 0.574875 0)
(0.173375 0.009125 0)
(0.173375 0.027375 0)
(0.173375 0.045625 0)
(0.173375 0.063875 0)
(0.173375 0.082125 0)
(0.173375 0.100375 0)
(0.173375 0.118625 0)
(0.173375 0.136875 0)
(0.173375 0.155125 0)
(0.173375 0.173375 0)
(0.173375 0.191625 0)
(0.173375 0.209875 0)
(0.173375 0.228125 0)
(0.173375 0.246375 0)
(0.173375 0.264625 0)
(0.173375 0.282875 0)
(0.173375 0.301125 0)
(0.173375 0.319375 0)
(0.173375 0.337625 0)
(0.173375 0.355875 0)
(0.173375 0.374125 0)
(0.173375 0.392375 0)
(0.173375 0.410625 0)
(0.173375 0.428875 0)
(0.173375 0.447125 0)
(0.173375 0.465375 0)
(0.173375 0.483625 0)
(0.173375 0.501875 0)
(0.173375 0.520125 0)
(0.173375 0.538375 0)
(0.173375 0.556625 0)
(0.173375 0.574875 0)
(0.191625 0.009125 0)
(0.191625 0.027375 0)
(0.191625 0.045625 0)
(0.191625 0.063875 0)
(0.191625 0.082125 0)
(0.191625 0.100375 0)
(0.191625 0.118625 0)
(0.191625 0.136875 0)
(0.191625 0.155125 0)
(0.191625 0.173375 0)
(0.191625 0.191625 0)
(0.191625 0.209875 0)
(0.191625 0.228125 0)
(0.191625 0.246375 0)
(0.191625 0.264625 0)
(0.191625 0.282875 0)
(0.191625 0.301125 0)
(0.191625 0.319375 0)
(0.191625 0.337625 0)
(0.191625 0.355875 0)
(0.191625 0.374125 0)
(0.191625 0.392375 0)
(0.191625 0.410625 0)
(0.191625 0.428875 0)
(0.191625 0.447125 0)
(0.191625 0.465375 0)
(0.191625 0.483625 0)
(0.191625 0.501875 0)
(0.191625 0.520125 0)
(0.191625 0.538375 0)
(0.191625 0.556625 0)
(0.191625 0.574875 0)
(0.209875 0.009125 0)
(0.209875 0.027375 0)
(0.209875 0.045625 0)
(0.209875 0.063875 0)
(0.209875 0.082125 0)
(0.209875 0.100375 0)
(0.209875 0.118625 0)
(0.209875 0.136875 0)
(0.209875 0.155125 0)
(0.209875 0.173375 0)
(0.209875 0.191625 0)
(0.209875 0.209875 0)
(0.209875 0.228125 0)
(0.209875 0.246375 0)
(0.209875 0.264625 0)
(0.209875 0.282875 0)
(0.209875 0.301125 0)
(0.209875 0.319375 0)
(0.209875 0.337625 0)
(0.209875 0.355875 0)
(0.209875 0.374125 0)
(0.209875 0.392375 0)
(0.209875 0.410625 0)
(0.209875 0.428875 0)
(0.209875 0.447125 0)
(0.209875 0.465375 0)
(0.209875 0.483625 0)
(0.209875 0.501875 0)
(0.209875 0.520125 0)
(0.209875 0.538375 0)
(0.209875 0.556625 0)
(0.209875 0.574875 0)
(0.228125 0.009125 0)
(0.228125 0.027375 0)
(0.228125 0.045625 0)
(0.228125 0.063875 0)
(0.228125 0.082125 0)
(0.228125 0.100375 0)
(0.228125 0.118625 0)
(0.228125 0.136875 0)
(0.228125 0.155125 0)
(0.228125 0.173375 0)
(0.228125 0.191625 0)
(0.228125 0.209875 0)
(0.228125 0.228125 0)
(0.228125 0.246375 0)
(0.228125 0.264625 0)
(0.228125 0.282875 0)
(0.228125 0.301125 0)
(0.228125 0.319375 0)
(0.228125 0.337625 0)
(0.228125 0.355875 0)
(0.228125 0.374125 0)
(0.228125 0.392375 0)
(0.228125 0.410625 0)
(0.228125 0.428875 0)
(0.228125 0.447125 0)
(0.228125 0.465375 0)
(0.228125 0.483625 0)
(0.228125 0.501875 0)
(0.228125 0.520125 0)
(0.228125 0.538375 0)
(0.228125 0.556625 0)
(0.228125 0.574875 0)
(0.246375 0.009125 0)
(0.246375 0.027375 0)
(0.246375 0.045625 0)
(0.246375 0.063875 0)
(0.246375 0.082125 0)
(0.246375 0.100375 0)
(0.246375 0.118625 0)
(0.246375 0.136875 0)
(0.246375 0.155125 0)
(0.246375 0.173375 0)
(0.246375 0.191625 0)
(0.246375 0.209875 0)
(0.246375 0.228125 0)
(0.246375 0.246375 0)
(0.246375 0.264625 0)
(0.246375 0.282875 0)
(0.246375 0.301125 0)
(0.246375 0.319375 0)
(0.246375 0.337625 0)
(0.246375 0.355875 0)
(0.246375 0.374125 0)
(0.246375 0.392375 0)
(0.246375 0.410625 0)
(0.246375 0.428875 0)
(0.246375 0.447125 0)
(0.246375 0.465375 0)
(0.246375 0.483625 0)
(0.246375 0.501875 0)
(0.246375 0.520125 0)
(0.246375 0.538375 0)
(0.246375 0.556625 0)
(0.246375 0.574875 0)
(0.264625 0.009125 0)
(0.264625 0.027375 0)
(0.264625 0.045625 0)
(0.264625 0.063875 0)
(0.264625 0.082125 0)
(0.264625 0.100375 0)
(0.264625 0.118625 0)
(0.264625 0.136875 0)
(0.264625 0.155125 0)
(0.264625 0.173375 0)
(0.264625 0.191625 0)
(0.264625 0.209875 0)
(0.264625 0.228125 0)
(0.264625 0.246375 0)
(0.264625 0.264625 0)
(0.264625 0.282875 0)
(0.264625 0.301125 0)
(0.264625 0.319375 0)
(0.264625 0.337625 0)
(0.264625 0.355875 0)
(0.264625 0.374125 0)
(0.264625 0.392375 0)
(0.264625 0.410625 0)
(0.264625 0.428875 0)
(0.264625 0.447125 0)
(0.264625 0.465375 0)
(0.264625 0.483625 0)
(0.264625 0.501875 0)
(0.264625 0.520125 0)
(0.264625 0.538375 0)
(0.264625 0.556625 0)
(0.264625 0.574875 0)
(0.282875 0.009125 0)
(0.282875 0.027375 0)
(0.282875 0.045625 0)
(0.282875 0.063875 0)
(0.282875 0.082125 0)
(0.282875 0.100375 0)
(0.282875 0.118625 0)
(0.282875 0.136875 0)
(0.282875 0.155125 0)
(0.282875 0.173375 0)
(0.282875 0.191625 0)
(0.282875 0.209875 0)
(0.282875 0.228125 0)
(0.282875 0.246375 0)
(0.282875 0.264625 0)
(0.282875 0.282875 0)
(0.282875 0.301125 0)
(0.282875 0.319375 0)
(0.282875 0.337625 0)
(0.282875 0.355875 0)
(0.282875 0.374125 0)
(0.282875 0.392375 0)
(0.282875 0.410625 0)
(0.282875 0.428875 0)
(0.282875 0.447125 0)
(0.282875 0.465375 0)
(0.282875 0.483625 0)
(0.282875 0.501875 0)
(0.282875 0.520125 0)
(0.282875 0.538375 0)
(0.282875 0.556625 0)
(0.282875 0.574875 0)
(0.301125 0.009125 0)
(0.301125 0.027375 0)
(0.301125 0.045625 0)
(0.301125 0.063875 0)
(0.301125 0.082125 0)
(0.301125 0.100375 0)
(0.301125 0.118625 0)
(0.301125 0.136875 0)
(0.301125 0.155125 0)
(0.301125 0.173375 0)
(0.301125 0.191625 0)
(0.301125 0.209875 0)
(0.301125 0.228125 0)
(0.301125 0.246375 0)
(0.301125 0.264625 0)
(0.301125 0.282875 0)
(0.301125 0.301125 0)
(0.301125 0.319375 0)
(0.301125 0.337625 0)
(0.301125 0.355875 0)
(0.301125 0.374125 0)
(0.301125 0.392375 0)
(0.301125 0.410625 0)
(0.301125 0.428875 0)
(0.301125 0.447125 0)
(0.301125 0.465375 0)
(0.301125 0.483625 0)
(0.301125 0.501875 0)
(0.301125 0.520125 0)
(0.301125 0.538375 0)
(0.301125 0.556625 0)
(0.301125 0.574875 0)
(0.319375 0.009125 0)
(0.319375 0.027375 0)
(0.319375 0.045625 0)
(0.319375 0.063875 0)
(0.319375 0.082125 0)
(0.319375 0.100375 0)
(0.319375 0.118625 0)
(0.319375 0.136875 0)
(0.319375 0.155125 0)
(0.319375 0.173375 0)
(0.319375 0.191625 0)
(0.319375 0.209875 0)
(0.319375 0.228125 0)
(0.319375 0.246375 0)
(0.319375 0.264625 0)
(0.319375 0.282875 0)
(0.319375 0.301125 0)
(0.319375 0.319375 0)
(0.319375 0.337625 0)
(0.319375 0.355875 0)
(0.319375 0.374125 0)
(0.319375 0.392375 0)
(0.319375 0.410625 0)
(0.319375 0.428875 0)
(0.319375 0.447125 0)
(0.319375 0.465375 0)
(0.319375 0.483625 0)
(0.319375 0.501875 0)
(0.319375 0.520125 0)
(0.319375 0.538375 0)
(0.319375 0.556625 0)
(0.319375 0.574875 0)
(0.337625 0.009125 0)
(0.337625 0.027375 0)
(0.337625 0.045625 0)
(0.337625 0.063875 0)
(0.337625 0.082125 0)
(0.337625 0.100375 0)
(0.337625 0.118625 0)
(0.337625 0.136875 0)
(0.337625 0.155125 0)
(0.337625 0.173375 0)
(0.337625 0.191625 0)
(0.337625 0.209875 0)
(0.337625 0.228125 0)
(0.337625 0.246375 0)
(0.337625 0.264625 0)
(0.337625 0.282875 0)
(0.337625 0.301125 0)
(0.337625 0.319375 0)
(0.337625 0.337625 0)
(0.337625 0.355875 0)
(0.337625 0.374125 0)
(0.337625 0.392375 0)
(0.337625 0.410625 0)
(0.337625 0.428875 0)
(0.337625 0.447125 0)
(0.337625 0.465375 0)
(0.337625 0.483625 0)
(0.337625 0.501875 0)
(0.337625 0.520125 0)
(0.337625 0.538375 0)
(0.337625 0.556625 0)
(0.337625 0.574875 0)
(0.355875 0.009125 0)
(0.355875 0.027375 0)
(0.355875 0.045625 0)
(0.355875 0.063875 0)
(0.355875 0.082125 0)
(0.355875 0.100375 0)
(0.355875 0.118625 0)
(0.355875 0.136875 0)
(0.355875 0.155125 0)
(0.355875 0.173375 0)
(0.355875 0.191625 0)
(0.355875 0.209875 0)
(0.355875 0.228125 0)
(0.355875 0.246375 0)
(0.355875 0.264625 0)
(0.355875 0.282875 0)
(0.355875 0.301125 0)
(0.355875 0.319375 0)
(0.355875 0.337625 0)
(0.355875 0.355875 0)
(0.355875 0.374125 0)
(0.355875 0.392375 0)
(0.355875 0.410625 0)
(0.355875 0.428875 0)
(0.355875 0.447125 0)
(0.355875 0.465375 0)
(0.355875 0.483625 0)
(0.355875 0.501875 0)
(0.355875 0.520125 0)
(0.355875 0.538375 0)
(0.355875 0.556625 0)
(0.355875 0.574875 0)
(0.374125 0.009125 0)
(0.374125 0.027375 0)
(0.374125 0.045625 0)
(0.374125 0.063875 0)
(0.374125 0.082125 0)
(0.374125 0.100375 0)
(0.374125 0.118625 0)
(0.374125 0.136875 0)
(0.374125 0.155125 0)
(0.374125 0.173375 0)
(0.374125 0.191625 0)
(0.374125 0.209875 0)
(0.374125 0.228125 0)
(0.374125 0.246375 0)
(0.374125 0.264625 0)
(0.374125 0.282875 0)
(0.374125 0.301125 0)
(0.374125 0.319375 0)
(0.374125 0.337625 0)
(0.374125 0.355875 0)
(0.374125 0.374125 0)
(0.374125 0.392375 0)
(0.374125 0.410625 0)
(0.374125 0.428875 0)
(0.374125 0.447125 0)
(0.374125 0.465375 0)
(0.374125 0.483625 0)
(0.374125 0.501875 0)
(0.374125 0.520125 0)
(0.374125 0.538375 0)
(0.374125 0.556625 0)
(0.374125 0.574875 0)
(0.392375 0.009125 0)
(0.392375 0.027375 0)
(0.392375 0.045625 0)
(0.392375 0.063875 0)
(0.392375 0.082125 0)
(0.392375 0.100375 0)
(0.392375 0.118625 0)
(0.392375 0.136875 0)
(0.392375 0.155125 0)
(0.392375 0.173375 0)
(0.392375 0.191625 0)
(0.392375 0.209875 0)
(0.392375 0.228125 0)
(0.392375 0.246375 0)
(0.392375 0.264625 0)
(0.392375 0.282875 0)
(0.392375 0.301125 0)
(0.392375 0.319375 0)
(0.392375 0.337625 0)
(0.392375 0.355875 0)
(0.392375 0.374125 0)
(0.392375 0.392375 0)
(0.392375 0.410625 0)
(0.392375 0.428875 0)
(0.392375 0.447125 0)
(0.392375 0.465375 0)
(0.392375 0.483625 0)
(0.392375 0.501875 0)
(0.392375 0.520125 0)
(0.392375 0.538375 0)
(0.392375 0.556625 0)
(0.392375 0.574875 0)
(0.410625 0.009125 0)
(0.410625 0.027375 0)
(0.410625 0.045625 0)
(0.410625 0.063875 0)
(0.410625 0.082125 0)
(0.410625 0.100375 0)
(0.410625 0.118625 0)
(0.410625 0.136875 0)
(0.410625 0.155125 0)
(0.410625 0.173375 0)
(0.410625 0.191625 0)
(0.410625 0.209875 0)
(0.410625 0.228125 0)
(0.410625 0.246375 0)
(0.410625 0.264625 0)
(0.410625 0.282875 0)
(0.410625 0.301125 0)
(0.410625 0.319375 0)
(0.410625 0.337625 0)
(0.410625 0.355875 0)
(0.410625 0.374125 0)
(0.410625 0.392375 0)
(0.410625 0.410625 0)
(0.410625 0.428875 0)
(0.410625 0.447125 0)
(0.410625 0.465375 0)
(0.410625 0.483625 0)
(0.410625 0.501875 0)
(0.410625 0.520125 0)
(0.410625 0.538375 0)
(0.410625 0.556625 0)
(0.410625 0.574875 0)
(0.428875 0.009125 0)
(0.428875 0.027375 0)
(0.428875 0.045625 0)
(0.428875 0.063875 0)
(0.428875 0.082125 0)
(0.428875 0.100375 0)
(0.428875 0.118625 0)
(0.428875 0.136875 0)
(0.428875 0.155125 0)
(0.428875 0.173375 0)
(0.428875 0.191625 0)
(0.428875 0.209875 0)
(0.428875 0.228125 0)
(0.428875 0.246375 0)
(0.428875 0.264625 0)
(0.428875 0.282875 0)
(0.428875 0.301125 0)
(0.428875 0.319375 0)
(0.428875 0.337625 0)
(0.428875 0.355875 0)
(0.428875 0.374125 0)
(0.428875 0.392375 0)
(0.428875 0.410625 0)
(0.428875 0.428875 0)
(0.428875 0.447125 0)
(0.428875 0.465375 0)
(0.428875 0.483625 0)
(0.428875 0.501875 0)
(0.428875 0.520125 0)
(0.428875 0.538375 0)
(0.428875 0.556625 0)
(0.428875 0.574875 0)
(0.447125 0.009125 0)
(0.447125 0.027375 0)
(0.447125 0.045625 0)
(0.447125 0.063875 0)
(0.447125 0.082125 0)
(0.447125 0.100375 0)
(0.447125 0.118625 0)
(0.447125 0.136875 0)
(0.447125 0.155125 0)
(0.447125 0.173375 0)
(0.447125 0.191625 0)
(0.447125 0.209875 0)
(0.447125 0.228125 0)
(0.447125 0.246375 0)
(0.447125 0.264625 0)
(0.447125 0.282875 0)
(0.447125 0.301125 0)
(0.447125 0.319375 0)
(0.447125 0.337625 0)
(0.447125 0.355875 0)
(0.447125 0.374125 0)
(0.447125 0.392375 0)
(0.447125 0.410625 0)
(0.447125 0.428875 0)
(0.447125 0.447125 0)
(0.447125 0.465375 0)
(0.447125 0.483625 0)
(0.447125 0.501875 0)
(0.447125 0.520125 0)
(0.447125 0.538375 0)
(0.447125 0.556625 0)
(0.447125 0.574875 0)
(0.465375 0.009125 0)
(0.465375 0.027375 0)
(0.465375 0.045625 0)
(0.465375 0.063875 0)
(0.465375 0.082125 0)
(0.465375 0.100375 0)
(0.465375 0.118625 0)
(0.465375 0.136875 0)
(0.465375 0.155125 0)
(0.465375 0.173375 0)
(0.465375 0.191625 0)
(0.465375 0.209875 0)
(0.465375 0.228125 0)
(0.465375 0.246375 0)
(0.465375 0.264625 0)
(0.465375 0.282875 0)
(0.465375 0.301125 0)
(0.465375 0.319375 0)
(0.465375 0.337625 0)
(0.465375 0.355875 0)
(0.465375 0.374125 0)
(0.465375 0.392375 0)
(0.465375 0.410625 0)
(0.465375 0.428875 0)
(0.465375 0.447125 0)
(0.465375 0.465375 0)
(0.465375 0.483625 0)
(0.465375 0.501875 0)
(0.465375 0.520125 0)
(0.465375 0.538375 0)
(0.465375 0.556625 0)
(0.465375 0.574875 0)
(0.483625 0.009125 0)
(0.483625 0.027375 0)
(0.483625 0.045625 0)
(0.483625 0.063875 0)
(0.483625 0.082125 0)
(0.483625 0.100375 0)
(0.483625 0.118625 0)
(0.483625 0.136875 0)
(0.483625 0.155125 0)
(0.483625 0.173375 0)
(0.483625 0.191625 0)
(0.483625 0.209875 0)
(0.483625 0.228125 0)
(0.483625 0.246375 0)
(0.483625 0.264625 0)
(0.483625 0.282875 0)
(0.483625 0.301125 0)
(0.483625 0.319375 0)
(0.483625 0.337625 0)
(0.483625 0.355875 0)
(0.483625 0.374125 0)
(0.483625 0.392375 0)
(0.483625 0.410625 0)
(0.483625 0.428875 0)
(0.483625 0.447125 0)
(0.483625 0.465375 0)
(0.483625 0.483625 0)
(0.483625 0.501875 0)
(0.483625 0.520125 0)
(0.483625 0.538375 0)
(0.483625 0.556625 0)
(0.483625 0.574875 0)
(0.501875 0.009125 0)
(0.501875 0.027375 0)
(0.501875 0.045625 0)
(0.501875 0.063875 0)
(0.501875 0.082125 0)
(0.501875 0.100375 0)
(0.501875 0.118625 0)
(0.501875 0.136875 0)
(0.501875 0.155125 0)
(0.501875 0.173375 0)
(0.501875 0.191625 0)
(0.501875 0.209875 0)
(0.501875 0.228125 0)
(0.501875 0.246375 0)
(0.501875 0.264625 0)
(0.501875 0.282875 0)
(0.501875 0.301125 0)
(0.501875 0.319375 0)
(0.501875 0.337625 0)
(0.501875 0.355875 0)
(0.501875 0.374125 0)
(0.501875 0.392375 0)
(0.501875 0.410625 0)
(0.501875 0.428875 0)
(0.501875 0.447125 0)
(0.501875 0.465375 0)
(0.501875 0.483625 0)
(0.501875 0.501875 0)
(0.501875 0.520125 0)
(0.501875 0.538375 0)
(0.501875 0.556625 0)
(0.501875 0.574875 0)
(0.520125 0.009125 0)
(0.520125 0.027375 0)
(0.520125 0.045625 0)
(0.520125 0.063875 0)
(0.520125 0.082125 0)
(0.520125 0.100375 0)
(0.520125 0.118625 0)
(0.520125 0.136875 0)
(0.520125 0.155125 0)
(0.520125 0.173375 0)
(0.520125 0.191625 0)
(0.520125 0.209875 0)
(0.520125 0.228125 0)
(0.520125 0.246375 0)
(0.520125 0.264625 0)
(0.520125 0.282875 0)
(0.520125 0.301125 0)
(0.520125 0.319375 0)
(0.520125 0.337625 0)
(0.520125 0.355875 0)
(0.520125 0.374125 0)
(0.520125 0.392375 0)
(0.520125 0.410625 0)
(0.520125 0.428875 0)
(0.520125 0.447125 0)
(0.520125 0.465375 0)
(0.520125 0.483625 0)
(0.520125 0.501875 0)
(0.520125 0.520125 0)
(0.520125 0.538375 0)
(0.520125 0.556625 0)
(0.520125 0.574875 0)
(0.538375 0.009125 0)
(0.538375 0.027375 0)
(0.538375 0.045625 0)
(0.538375 0.063875 0)
(0.538375 0.082125 0)
(0.538375 0.100375 0)
(0.538375 0.118625 0)
(0.538375 0.136875 0)
(0.538375 0.155125 0)
(0.538375 0.173375 0)
(0.538375 0.191625 0)
(0.538375 0.209875 0)
(0.538375 0.228125 0)
(0.538375 0.246375 0)
(0.538375 0.264625 0)
(0.538375 0.282875 0)
(0.538375 0.301125 0)
(0.538375 0.319375 0)
(0.538375 0.337625 0)
(0.538375 0.355875 0)
(0.538375 0.374125 0)
(0.538375 0.392375 0)
(0.538375 0.410625 0)
(0.538375 0.428875 0)
(0.538375 0.447125 0)
(0.538375 0.465375 0)
(0.538375 0.483625 0)
(0.538375 0.501875 0)
(0.538375 0.520125 0)
(0.538375 0.538375 0)
(0.538375 0.556625 0)
(0.538375 0.574875 0)
(0.556625 0.009125 0)
(0.556625 0.027375 0)
(0.556625 0.045625 0)
(0.556625 0.063875 0)
(0.556625 0.082125 0)
(0.556625 0.100375 0)
(0.556625 0.118625 0)
(0.556625 0.136875 0)
(0.556625 0.155125 0)
(0.556625 0.173375 0)
(0.556625 0.191625 0)
(0.556625 0.209875 0)
(0.556625 0.228125 0)
(0.556625 0.246375 0)
(0.556625 0.264625 0)
(0.556625 0.282875 0)
(0.556625 0.301125 0)
(0.556625 0.319375 0)
(0.556625 0.337625 0)
(0.556625 0.355875 0)
(0.556625 0.374125 0)
(0.556625 0.392375 0)
(0.556625 0.410625 0)
(0.556625 0.428875 0)
(0.556625 0.447125 0)
(0.556625 0.465375 0)
(0.556625 0.483625 0)
(0.556625 0.501875 0)
(0.556625 0.520125 0)
(0.556625 0.538375 0)
(0.556625 0.556625 0)
(0.556625 0.574875 0)
(0.574875 0.009125 0)
(0.574875 0.027375 0)
(0.574875 0.045625 0)
(0.574875 0.063875 0)
(0.574875 0.082125 0)
(0.574875 0.100375 0)
(0.574875 0.118625 0)
(0.574875 0.136875 0)
(0.574875 0.155125 0)
(0.574875 0.173375 0)
(0.574875 0.191625 0)
(0.574875 0.209875 0)
(0.574875 0.228125 0)
(0.574875 0.246375 0)
(0.574875 0.264625 0)
(0.574875 0.282875 0)
(0.574875 0.301125 0)
(0.574875 0.319375 0)
(0.574875 0.337625 0)
(0.574875 0.355875 0)
(0.574875 0.374125 0)
(0.574875 0.392375 0)
(0.574875 0.410625 0)
(0.574875 0.428875 0)
(0.574875 0.447125 0)
(0.574875 0.465375 0)
(0.574875 0.483625 0)
(0.574875 0.501875 0)
(0.574875 0.520125 0)
(0.574875 0.538375 0)
(0.574875 0.556625 0)
(0.574875 0.574875 0)
)
;
    }
    leftWall
    {
        type            calculated;
        value           nonuniform List<vector> 
256
(
(0 0.009125 0.009125)
(0 0.027375 0.009125)
(0 0.045625 0.009125)
(0 0.063875 0.009125)
(0 0.082125 0.009125)
(0 0.100375 0.009125)
(0 0.118625 0.009125)
(0 0.136875 0.009125)
(0 0.155125 0.009125)
(0 0.173375 0.009125)
(0 0.191625 0.009125)
(0 0.209875 0.009125)
(0 0.228125 0.009125)
(0 0.246375 0.009125)
(0 0.264625 0.009125)
(0 0.282875 0.009125)
(0 0.301125 0.009125)
(0 0.319375 0.009125)
(0 0.337625 0.009125)
(0 0.355875 0.009125)
(0 0.374125 0.009125)
(0 0.392375 0.009125)
(0 0.410625 0.009125)
(0 0.428875 0.009125)
(0 0.447125 0.009125)
(0 0.465375 0.009125)
(0 0.483625 0.009125)
(0 0.501875 0.009125)
(0 0.520125 0.009125)
(0 0.538375 0.009125)
(0 0.556625 0.009125)
(0 0.574875 0.009125)
(0 0.009125 0.027375)
(0 0.027375 0.027375)
(0 0.045625 0.027375)
(0 0.063875 0.027375)
(0 0.082125 0.027375)
(0 0.100375 0.027375)
(0 0.118625 0.027375)
(0 0.136875 0.027375)
(0 0.155125 0.027375)
(0 0.173375 0.027375)
(0 0.191625 0.027375)
(0 0.209875 0.027375)
(0 0.228125 0.027375)
(0 0.246375 0.027375)
(0 0.264625 0.027375)
(0 0.282875 0.027375)
(0 0.301125 0.027375)
(0 0.319375 0.027375)
(0 0.337625 0.027375)
(0 0.355875 0.027375)
(0 0.374125 0.027375)
(0 0.392375 0.027375)
(0 0.410625 0.027375)
(0 0.428875 0.027375)
(0 0.447125 0.027375)
(0 0.465375 0.027375)
(0 0.483625 0.027375)
(0 0.501875 0.027375)
(0 0.520125 0.027375)
(0 0.538375 0.027375)
(0 0.556625 0.027375)
(0 0.574875 0.027375)
(0 0.009125 0.045625)
(0 0.027375 0.045625)
(0 0.045625 0.045625)
(0 0.063875 0.045625)
(0 0.082125 0.045625)
(0 0.100375 0.045625)
(0 0.118625 0.045625)
(0 0.136875 0.045625)
(0 0.155125 0.045625)
(0 0.173375 0.045625)
(0 0.191625 0.045625)
(0 0.209875 0.045625)
(0 0.228125 0.045625)
(0 0.246375 0.045625)
(0 0.264625 0.045625)
(0 0.282875 0.045625)
(0 0.301125 0.045625)
(0 0.319375 0.045625)
(0 0.337625 0.045625)
(0 0.355875 0.045625)
(0 0.374125 0.045625)
(0 0.392375 0.045625)
(0 0.410625 0.045625)
(0 0.428875 0.045625)
(0 0.447125 0.045625)
(0 0.465375 0.045625)
(0 0.483625 0.045625)
(0 0.501875 0.045625)
(0 0.520125 0.045625)
(0 0.538375 0.045625)
(0 0.556625 0.045625)
(0 0.574875 0.045625)
(0 0.009125 0.063875)
(0 0.027375 0.063875)
(0 0.045625 0.063875)
(0 0.063875 0.063875)
(0 0.082125 0.063875)
(0 0.100375 0.063875)
(0 0.118625 0.063875)
(0 0.136875 0.063875)
(0 0.155125 0.063875)
(0 0.173375 0.063875)
(0 0.191625 0.063875)
(0 0.209875 0.063875)
(0 0.228125 0.063875)
(0 0.246375 0.063875)
(0 0.264625 0.063875)
(0 0.282875 0.063875)
(0 0.301125 0.063875)
(0 0.319375 0.063875)
(0 0.337625 0.063875)
(0 0.355875 0.063875)
(0 0.374125 0.063875)
(0 0.392375 0.063875)
(0 0.410625 0.063875)
(0 0.428875 0.063875)
(0 0.447125 0.063875)
(0 0.465375 0.063875)
(0 0.483625 0.063875)
(0 0.501875 0.063875)
(0 0.520125 0.063875)
(0 0.538375 0.063875)
(0 0.556625 0.063875)
(0 0.574875 0.063875)
(0 0.009125 0.082125)
(0 0.027375 0.082125)
(0 0.045625 0.082125)
(0 0.063875 0.082125)
(0 0.082125 0.082125)
(0 0.100375 0.082125)
(0 0.118625 0.082125)
(0 0.136875 0.082125)
(0 0.155125 0.082125)
(0 0.173375 0.082125)
(0 0.191625 0.082125)
(0 0.209875 0.082125)
(0 0.228125 0.082125)
(0 0.246375 0.082125)
(0 0.264625 0.082125)
(0 0.282875 0.082125)
(0 0.301125 0.082125)
(0 0.319375 0.082125)
(0 0.337625 0.082125)
(0 0.355875 0.082125)
(0 0.374125 0.082125)
(0 0.392375 0.082125)
(0 0.410625 0.082125)
(0 0.428875 0.082125)
(0 0.447125 0.082125)
(0 0.465375 0.082125)
(0 0.483625 0.082125)
(0 0.501875 0.082125)
(0 0.520125 0.082125)
(0 0.538375 0.082125)
(0 0.556625 0.082125)
(0 0.574875 0.082125)
(0 0.009125 0.100375)
(0 0.027375 0.100375)
(0 0.045625 0.100375)
(0 0.063875 0.100375)
(0 0.082125 0.100375)
(0 0.100375 0.100375)
(0 0.118625 0.100375)
(0 0.136875 0.100375)
(0 0.155125 0.100375)
(0 0.173375 0.100375)
(0 0.191625 0.100375)
(0 0.209875 0.100375)
(0 0.228125 0.100375)
(0 0.246375 0.100375)
(0 0.264625 0.100375)
(0 0.282875 0.100375)
(0 0.301125 0.100375)
(0 0.319375 0.100375)
(0 0.337625 0.100375)
(0 0.355875 0.100375)
(0 0.374125 0.100375)
(0 0.392375 0.100375)
(0 0.410625 0.100375)
(0 0.428875 0.100375)
(0 0.447125 0.100375)
(0 0.465375 0.100375)
(0 0.483625 0.100375)
(0 0.501875 0.100375)
(0 0.520125 0.100375)
(0 0.538375 0.100375)
(0 0.556625 0.100375)
(0 0.574875 0.100375)
(0 0.009125 0.118625)
(0 0.027375 0.118625)
(0 0.045625 0.118625)
(0 0.063875 0.118625)
(0 0.082125 0.118625)
(0 0.100375 0.118625)
(0 0.118625 0.118625)
(0 0.136875 0.118625)
(0 0.155125 0.118625)
(0 0.173375 0.118625)
(0 0.191625 0.118625)
(0 0.209875 0.118625)
(0 0.228125 0.118625)
(0 0.246375 0.118625)
(0 0.264625 0.118625)
(0 0.282875 0.118625)
(0 0.301125 0.118625)
(0 0.319375 0.118625)
(0 0.337625 0.118625)
(0 0.355875 0.118625)
(0 0.374125 0.118625)
(0 0.392375 0.118625)
(0 0.410625 0.118625)
(0 0.428875 0.118625)
(0 0.447125 0.118625)
(0 0.465375 0.118625)
(0 0.483625 0.118625)
(0 0.501875 0.118625)
(0 0.520125 0.118625)
(0 0.538375 0.118625)
(0 0.556625 0.118625)
(0 0.574875 0.118625)
(0 0.009125 0.136875)
(0 0.027375 0.136875)
(0 0.045625 0.136875)
(0 0.063875 0.136875)
(0 0.082125 0.136875)
(0 0.100375 0.136875)
(0 0.118625 0.136875)
(0 0.136875 0.136875)
(0 0.155125 0.136875)
(0 0.173375 0.136875)
(0 0.191625 0.136875)
(0 0.209875 0.136875)
(0 0.228125 0.136875)
(0 0.246375 0.136875)
(0 0.264625 0.136875)
(0 0.282875 0.136875)
(0 0.301125 0.136875)
(0 0.319375 0.136875)
(0 0.337625 0.136875)
(0 0.355875 0.136875)
(0 0.374125 0.136875)
(0 0.392375 0.136875)
(0 0.410625 0.136875)
(0 0.428875 0.136875)
(0 0.447125 0.136875)
(0 0.465375 0.136875)
(0 0.483625 0.136875)
(0 0.501875 0.136875)
(0 0.520125 0.136875)
(0 0.538375 0.136875)
(0 0.556625 0.136875)
(0 0.574875 0.136875)
)
;
    }
    rightWall
    {
        type            calculated;
        value           nonuniform List<vector> 
256
(
(0.584 0.009125 0.009125)
(0.584 0.027375 0.009125)
(0.584 0.045625 0.009125)
(0.584 0.063875 0.009125)
(0.584 0.082125 0.009125)
(0.584 0.100375 0.009125)
(0.584 0.118625 0.009125)
(0.584 0.136875 0.009125)
(0.584 0.155125 0.009125)
(0.584 0.173375 0.009125)
(0.584 0.191625 0.009125)
(0.584 0.209875 0.009125)
(0.584 0.228125 0.009125)
(0.584 0.246375 0.009125)
(0.584 0.264625 0.009125)
(0.584 0.282875 0.009125)
(0.584 0.301125 0.009125)
(0.584 0.319375 0.009125)
(0.584 0.337625 0.009125)
(0.584 0.355875 0.009125)
(0.584 0.374125 0.009125)
(0.584 0.392375 0.009125)
(0.584 0.410625 0.009125)
(0.584 0.428875 0.009125)
(0.584 0.447125 0.009125)
(0.584 0.465375 0.009125)
(0.584 0.483625 0.009125)
(0.584 0.501875 0.009125)
(0.584 0.520125 0.009125)
(0.584 0.538375 0.009125)
(0.584 0.556625 0.009125)
(0.584 0.574875 0.009125)
(0.584 0.009125 0.027375)
(0.584 0.027375 0.027375)
(0.584 0.045625 0.027375)
(0.584 0.063875 0.027375)
(0.584 0.082125 0.027375)
(0.584 0.100375 0.027375)
(0.584 0.118625 0.027375)
(0.584 0.136875 0.027375)
(0.584 0.155125 0.027375)
(0.584 0.173375 0.027375)
(0.584 0.191625 0.027375)
(0.584 0.209875 0.027375)
(0.584 0.228125 0.027375)
(0.584 0.246375 0.027375)
(0.584 0.264625 0.027375)
(0.584 0.282875 0.027375)
(0.584 0.301125 0.027375)
(0.584 0.319375 0.027375)
(0.584 0.337625 0.027375)
(0.584 0.355875 0.027375)
(0.584 0.374125 0.027375)
(0.584 0.392375 0.027375)
(0.584 0.410625 0.027375)
(0.584 0.428875 0.027375)
(0.584 0.447125 0.027375)
(0.584 0.465375 0.027375)
(0.584 0.483625 0.027375)
(0.584 0.501875 0.027375)
(0.584 0.520125 0.027375)
(0.584 0.538375 0.027375)
(0.584 0.556625 0.027375)
(0.584 0.574875 0.027375)
(0.584 0.009125 0.045625)
(0.584 0.027375 0.045625)
(0.584 0.045625 0.045625)
(0.584 0.063875 0.045625)
(0.584 0.082125 0.045625)
(0.584 0.100375 0.045625)
(0.584 0.118625 0.045625)
(0.584 0.136875 0.045625)
(0.584 0.155125 0.045625)
(0.584 0.173375 0.045625)
(0.584 0.191625 0.045625)
(0.584 0.209875 0.045625)
(0.584 0.228125 0.045625)
(0.584 0.246375 0.045625)
(0.584 0.264625 0.045625)
(0.584 0.282875 0.045625)
(0.584 0.301125 0.045625)
(0.584 0.319375 0.045625)
(0.584 0.337625 0.045625)
(0.584 0.355875 0.045625)
(0.584 0.374125 0.045625)
(0.584 0.392375 0.045625)
(0.584 0.410625 0.045625)
(0.584 0.428875 0.045625)
(0.584 0.447125 0.045625)
(0.584 0.465375 0.045625)
(0.584 0.483625 0.045625)
(0.584 0.501875 0.045625)
(0.584 0.520125 0.045625)
(0.584 0.538375 0.045625)
(0.584 0.556625 0.045625)
(0.584 0.574875 0.045625)
(0.584 0.009125 0.063875)
(0.584 0.027375 0.063875)
(0.584 0.045625 0.063875)
(0.584 0.063875 0.063875)
(0.584 0.082125 0.063875)
(0.584 0.100375 0.063875)
(0.584 0.118625 0.063875)
(0.584 0.136875 0.063875)
(0.584 0.155125 0.063875)
(0.584 0.173375 0.063875)
(0.584 0.191625 0.063875)
(0.584 0.209875 0.063875)
(0.584 0.228125 0.063875)
(0.584 0.246375 0.063875)
(0.584 0.264625 0.063875)
(0.584 0.282875 0.063875)
(0.584 0.301125 0.063875)
(0.584 0.319375 0.063875)
(0.584 0.337625 0.063875)
(0.584 0.355875 0.063875)
(0.584 0.374125 0.063875)
(0.584 0.392375 0.063875)
(0.584 0.410625 0.063875)
(0.584 0.428875 0.063875)
(0.584 0.447125 0.063875)
(0.584 0.465375 0.063875)
(0.584 0.483625 0.063875)
(0.584 0.501875 0.063875)
(0.584 0.520125 0.063875)
(0.584 0.538375 0.063875)
(0.584 0.556625 0.063875)
(0.584 0.574875 0.063875)
(0.584 0.009125 0.082125)
(0.584 0.027375 0.082125)
(0.584 0.045625 0.082125)
(0.584 0.063875 0.082125)
(0.584 0.082125 0.082125)
(0.584 0.100375 0.082125)
(0.584 0.118625 0.082125)
(0.584 0.136875 0.082125)
(0.584 0.155125 0.082125)
(0.584 0.173375 0.082125)
(0.584 0.191625 0.082125)
(0.584 0.209875 0.082125)
(0.584 0.228125 0.082125)
(0.584 0.246375 0.082125)
(0.584 0.264625 0.082125)
(0.584 0.282875 0.082125)
(0.584 0.301125 0.082125)
(0.584 0.319375 0.082125)
(0.584 0.337625 0.082125)
(0.584 0.355875 0.082125)
(0.584 0.374125 0.082125)
(0.584 0.392375 0.082125)
(0.584 0.410625 0.082125)
(0.584 0.428875 0.082125)
(0.584 0.447125 0.082125)
(0.584 0.465375 0.082125)
(0.584 0.483625 0.082125)
(0.584 0.501875 0.082125)
(0.584 0.520125 0.082125)
(0.584 0.538375 0.082125)
(0.584 0.556625 0.082125)
(0.584 0.574875 0.082125)
(0.584 0.009125 0.100375)
(0.584 0.027375 0.100375)
(0.584 0.045625 0.100375)
(0.584 0.063875 0.100375)
(0.584 0.082125 0.100375)
(0.584 0.100375 0.100375)
(0.584 0.118625 0.100375)
(0.584 0.136875 0.100375)
(0.584 0.155125 0.100375)
(0.584 0.173375 0.100375)
(0.584 0.191625 0.100375)
(0.584 0.209875 0.100375)
(0.584 0.228125 0.100375)
(0.584 0.246375 0.100375)
(0.584 0.264625 0.100375)
(0.584 0.282875 0.100375)
(0.584 0.301125 0.100375)
(0.584 0.319375 0.100375)
(0.584 0.337625 0.100375)
(0.584 0.355875 0.100375)
(0.584 0.374125 0.100375)
(0.584 0.392375 0.100375)
(0.584 0.410625 0.100375)
(0.584 0.428875 0.100375)
(0.584 0.447125 0.100375)
(0.584 0.465375 0.100375)
(0.584 0.483625 0.100375)
(0.584 0.501875 0.100375)
(0.584 0.520125 0.100375)
(0.584 0.538375 0.100375)
(0.584 0.556625 0.100375)
(0.584 0.574875 0.100375)
(0.584 0.009125 0.118625)
(0.584 0.027375 0.118625)
(0.584 0.045625 0.118625)
(0.584 0.063875 0.118625)
(0.584 0.082125 0.118625)
(0.584 0.100375 0.118625)
(0.584 0.118625 0.118625)
(0.584 0.136875 0.118625)
(0.584 0.155125 0.118625)
(0.584 0.173375 0.118625)
(0.584 0.191625 0.118625)
(0.584 0.209875 0.118625)
(0.584 0.228125 0.118625)
(0.584 0.246375 0.118625)
(0.584 0.264625 0.118625)
(0.584 0.282875 0.118625)
(0.584 0.301125 0.118625)
(0.584 0.319375 0.118625)
(0.584 0.337625 0.118625)
(0.584 0.355875 0.118625)
(0.584 0.374125 0.118625)
(0.584 0.392375 0.118625)
(0.584 0.410625 0.118625)
(0.584 0.428875 0.118625)
(0.584 0.447125 0.118625)
(0.584 0.465375 0.118625)
(0.584 0.483625 0.118625)
(0.584 0.501875 0.118625)
(0.584 0.520125 0.118625)
(0.584 0.538375 0.118625)
(0.584 0.556625 0.118625)
(0.584 0.574875 0.118625)
(0.584 0.009125 0.136875)
(0.584 0.027375 0.136875)
(0.584 0.045625 0.136875)
(0.584 0.063875 0.136875)
(0.584 0.082125 0.136875)
(0.584 0.100375 0.136875)
(0.584 0.118625 0.136875)
(0.584 0.136875 0.136875)
(0.584 0.155125 0.136875)
(0.584 0.173375 0.136875)
(0.584 0.191625 0.136875)
(0.584 0.209875 0.136875)
(0.584 0.228125 0.136875)
(0.584 0.246375 0.136875)
(0.584 0.264625 0.136875)
(0.584 0.282875 0.136875)
(0.584 0.301125 0.136875)
(0.584 0.319375 0.136875)
(0.584 0.337625 0.136875)
(0.584 0.355875 0.136875)
(0.584 0.374125 0.136875)
(0.584 0.392375 0.136875)
(0.584 0.410625 0.136875)
(0.584 0.428875 0.136875)
(0.584 0.447125 0.136875)
(0.584 0.465375 0.136875)
(0.584 0.483625 0.136875)
(0.584 0.501875 0.136875)
(0.584 0.520125 0.136875)
(0.584 0.538375 0.136875)
(0.584 0.556625 0.136875)
(0.584 0.574875 0.136875)
)
;
    }
    lowerWall
    {
        type            calculated;
        value           nonuniform List<vector> 
256
(
(0.009125 0 0.009125)
(0.009125 0 0.027375)
(0.009125 0 0.045625)
(0.009125 0 0.063875)
(0.009125 0 0.082125)
(0.009125 0 0.100375)
(0.009125 0 0.118625)
(0.009125 0 0.136875)
(0.027375 0 0.009125)
(0.027375 0 0.027375)
(0.027375 0 0.045625)
(0.027375 0 0.063875)
(0.027375 0 0.082125)
(0.027375 0 0.100375)
(0.027375 0 0.118625)
(0.027375 0 0.136875)
(0.045625 0 0.009125)
(0.045625 0 0.027375)
(0.045625 0 0.045625)
(0.045625 0 0.063875)
(0.045625 0 0.082125)
(0.045625 0 0.100375)
(0.045625 0 0.118625)
(0.045625 0 0.136875)
(0.063875 0 0.009125)
(0.063875 0 0.027375)
(0.063875 0 0.045625)
(0.063875 0 0.063875)
(0.063875 0 0.082125)
(0.063875 0 0.100375)
(0.063875 0 0.118625)
(0.063875 0 0.136875)
(0.082125 0 0.009125)
(0.082125 0 0.027375)
(0.082125 0 0.045625)
(0.082125 0 0.063875)
(0.082125 0 0.082125)
(0.082125 0 0.100375)
(0.082125 0 0.118625)
(0.082125 0 0.136875)
(0.100375 0 0.009125)
(0.100375 0 0.027375)
(0.100375 0 0.045625)
(0.100375 0 0.063875)
(0.100375 0 0.082125)
(0.100375 0 0.100375)
(0.100375 0 0.118625)
(0.100375 0 0.136875)
(0.118625 0 0.009125)
(0.118625 0 0.027375)
(0.118625 0 0.045625)
(0.118625 0 0.063875)
(0.118625 0 0.082125)
(0.118625 0 0.100375)
(0.118625 0 0.118625)
(0.118625 0 0.136875)
(0.136875 0 0.009125)
(0.136875 0 0.027375)
(0.136875 0 0.045625)
(0.136875 0 0.063875)
(0.136875 0 0.082125)
(0.136875 0 0.100375)
(0.136875 0 0.118625)
(0.136875 0 0.136875)
(0.155125 0 0.009125)
(0.155125 0 0.027375)
(0.155125 0 0.045625)
(0.155125 0 0.063875)
(0.155125 0 0.082125)
(0.155125 0 0.100375)
(0.155125 0 0.118625)
(0.155125 0 0.136875)
(0.173375 0 0.009125)
(0.173375 0 0.027375)
(0.173375 0 0.045625)
(0.173375 0 0.063875)
(0.173375 0 0.082125)
(0.173375 0 0.100375)
(0.173375 0 0.118625)
(0.173375 0 0.136875)
(0.191625 0 0.009125)
(0.191625 0 0.027375)
(0.191625 0 0.045625)
(0.191625 0 0.063875)
(0.191625 0 0.082125)
(0.191625 0 0.100375)
(0.191625 0 0.118625)
(0.191625 0 0.136875)
(0.209875 0 0.009125)
(0.209875 0 0.027375)
(0.209875 0 0.045625)
(0.209875 0 0.063875)
(0.209875 0 0.082125)
(0.209875 0 0.100375)
(0.209875 0 0.118625)
(0.209875 0 0.136875)
(0.228125 0 0.009125)
(0.228125 0 0.027375)
(0.228125 0 0.045625)
(0.228125 0 0.063875)
(0.228125 0 0.082125)
(0.228125 0 0.100375)
(0.228125 0 0.118625)
(0.228125 0 0.136875)
(0.246375 0 0.009125)
(0.246375 0 0.027375)
(0.246375 0 0.045625)
(0.246375 0 0.063875)
(0.246375 0 0.082125)
(0.246375 0 0.100375)
(0.246375 0 0.118625)
(0.246375 0 0.136875)
(0.264625 0 0.009125)
(0.264625 0 0.027375)
(0.264625 0 0.045625)
(0.264625 0 0.063875)
(0.264625 0 0.082125)
(0.264625 0 0.100375)
(0.264625 0 0.118625)
(0.264625 0 0.136875)
(0.282875 0 0.009125)
(0.282875 0 0.027375)
(0.282875 0 0.045625)
(0.282875 0 0.063875)
(0.282875 0 0.082125)
(0.282875 0 0.100375)
(0.282875 0 0.118625)
(0.282875 0 0.136875)
(0.301125 0 0.009125)
(0.301125 0 0.027375)
(0.301125 0 0.045625)
(0.301125 0 0.063875)
(0.301125 0 0.082125)
(0.301125 0 0.100375)
(0.301125 0 0.118625)
(0.301125 0 0.136875)
(0.319375 0 0.009125)
(0.319375 0 0.027375)
(0.319375 0 0.045625)
(0.319375 0 0.063875)
(0.319375 0 0.082125)
(0.319375 0 0.100375)
(0.319375 0 0.118625)
(0.319375 0 0.136875)
(0.337625 0 0.009125)
(0.337625 0 0.027375)
(0.337625 0 0.045625)
(0.337625 0 0.063875)
(0.337625 0 0.082125)
(0.337625 0 0.100375)
(0.337625 0 0.118625)
(0.337625 0 0.136875)
(0.355875 0 0.009125)
(0.355875 0 0.027375)
(0.355875 0 0.045625)
(0.355875 0 0.063875)
(0.355875 0 0.082125)
(0.355875 0 0.100375)
(0.355875 0 0.118625)
(0.355875 0 0.136875)
(0.374125 0 0.009125)
(0.374125 0 0.027375)
(0.374125 0 0.045625)
(0.374125 0 0.063875)
(0.374125 0 0.082125)
(0.374125 0 0.100375)
(0.374125 0 0.118625)
(0.374125 0 0.136875)
(0.392375 0 0.009125)
(0.392375 0 0.027375)
(0.392375 0 0.045625)
(0.392375 0 0.063875)
(0.392375 0 0.082125)
(0.392375 0 0.100375)
(0.392375 0 0.118625)
(0.392375 0 0.136875)
(0.410625 0 0.009125)
(0.410625 0 0.027375)
(0.410625 0 0.045625)
(0.410625 0 0.063875)
(0.410625 0 0.082125)
(0.410625 0 0.100375)
(0.410625 0 0.118625)
(0.410625 0 0.136875)
(0.428875 0 0.009125)
(0.428875 0 0.027375)
(0.428875 0 0.045625)
(0.428875 0 0.063875)
(0.428875 0 0.082125)
(0.428875 0 0.100375)
(0.428875 0 0.118625)
(0.428875 0 0.136875)
(0.447125 0 0.009125)
(0.447125 0 0.027375)
(0.447125 0 0.045625)
(0.447125 0 0.063875)
(0.447125 0 0.082125)
(0.447125 0 0.100375)
(0.447125 0 0.118625)
(0.447125 0 0.136875)
(0.465375 0 0.009125)
(0.465375 0 0.027375)
(0.465375 0 0.045625)
(0.465375 0 0.063875)
(0.465375 0 0.082125)
(0.465375 0 0.100375)
(0.465375 0 0.118625)
(0.465375 0 0.136875)
(0.483625 0 0.009125)
(0.483625 0 0.027375)
(0.483625 0 0.045625)
(0.483625 0 0.063875)
(0.483625 0 0.082125)
(0.483625 0 0.100375)
(0.483625 0 0.118625)
(0.483625 0 0.136875)
(0.501875 0 0.009125)
(0.501875 0 0.027375)
(0.501875 0 0.045625)
(0.501875 0 0.063875)
(0.501875 0 0.082125)
(0.501875 0 0.100375)
(0.501875 0 0.118625)
(0.501875 0 0.136875)
(0.520125 0 0.009125)
(0.520125 0 0.027375)
(0.520125 0 0.045625)
(0.520125 0 0.063875)
(0.520125 0 0.082125)
(0.520125 0 0.100375)
(0.520125 0 0.118625)
(0.520125 0 0.136875)
(0.538375 0 0.009125)
(0.538375 0 0.027375)
(0.538375 0 0.045625)
(0.538375 0 0.063875)
(0.538375 0 0.082125)
(0.538375 0 0.100375)
(0.538375 0 0.118625)
(0.538375 0 0.136875)
(0.556625 0 0.009125)
(0.556625 0 0.027375)
(0.556625 0 0.045625)
(0.556625 0 0.063875)
(0.556625 0 0.082125)
(0.556625 0 0.100375)
(0.556625 0 0.118625)
(0.556625 0 0.136875)
(0.574875 0 0.009125)
(0.574875 0 0.027375)
(0.574875 0 0.045625)
(0.574875 0 0.063875)
(0.574875 0 0.082125)
(0.574875 0 0.100375)
(0.574875 0 0.118625)
(0.574875 0 0.136875)
)
;
    }
    atmosphere
    {
        type            calculated;
        value           nonuniform List<vector> 
256
(
(0.009125 0.584 0.009125)
(0.009125 0.584 0.027375)
(0.009125 0.584 0.045625)
(0.009125 0.584 0.063875)
(0.009125 0.584 0.082125)
(0.009125 0.584 0.100375)
(0.009125 0.584 0.118625)
(0.009125 0.584 0.136875)
(0.027375 0.584 0.009125)
(0.027375 0.584 0.027375)
(0.027375 0.584 0.045625)
(0.027375 0.584 0.063875)
(0.027375 0.584 0.082125)
(0.027375 0.584 0.100375)
(0.027375 0.584 0.118625)
(0.027375 0.584 0.136875)
(0.045625 0.584 0.009125)
(0.045625 0.584 0.027375)
(0.045625 0.584 0.045625)
(0.045625 0.584 0.063875)
(0.045625 0.584 0.082125)
(0.045625 0.584 0.100375)
(0.045625 0.584 0.118625)
(0.045625 0.584 0.136875)
(0.063875 0.584 0.009125)
(0.063875 0.584 0.027375)
(0.063875 0.584 0.045625)
(0.063875 0.584 0.063875)
(0.063875 0.584 0.082125)
(0.063875 0.584 0.100375)
(0.063875 0.584 0.118625)
(0.063875 0.584 0.136875)
(0.082125 0.584 0.009125)
(0.082125 0.584 0.027375)
(0.082125 0.584 0.045625)
(0.082125 0.584 0.063875)
(0.082125 0.584 0.082125)
(0.082125 0.584 0.100375)
(0.082125 0.584 0.118625)
(0.082125 0.584 0.136875)
(0.100375 0.584 0.009125)
(0.100375 0.584 0.027375)
(0.100375 0.584 0.045625)
(0.100375 0.584 0.063875)
(0.100375 0.584 0.082125)
(0.100375 0.584 0.100375)
(0.100375 0.584 0.118625)
(0.100375 0.584 0.136875)
(0.118625 0.584 0.009125)
(0.118625 0.584 0.027375)
(0.118625 0.584 0.045625)
(0.118625 0.584 0.063875)
(0.118625 0.584 0.082125)
(0.118625 0.584 0.100375)
(0.118625 0.584 0.118625)
(0.118625 0.584 0.136875)
(0.136875 0.584 0.009125)
(0.136875 0.584 0.027375)
(0.136875 0.584 0.045625)
(0.136875 0.584 0.063875)
(0.136875 0.584 0.082125)
(0.136875 0.584 0.100375)
(0.136875 0.584 0.118625)
(0.136875 0.584 0.136875)
(0.155125 0.584 0.009125)
(0.155125 0.584 0.027375)
(0.155125 0.584 0.045625)
(0.155125 0.584 0.063875)
(0.155125 0.584 0.082125)
(0.155125 0.584 0.100375)
(0.155125 0.584 0.118625)
(0.155125 0.584 0.136875)
(0.173375 0.584 0.009125)
(0.173375 0.584 0.027375)
(0.173375 0.584 0.045625)
(0.173375 0.584 0.063875)
(0.173375 0.584 0.082125)
(0.173375 0.584 0.100375)
(0.173375 0.584 0.118625)
(0.173375 0.584 0.136875)
(0.191625 0.584 0.009125)
(0.191625 0.584 0.027375)
(0.191625 0.584 0.045625)
(0.191625 0.584 0.063875)
(0.191625 0.584 0.082125)
(0.191625 0.584 0.100375)
(0.191625 0.584 0.118625)
(0.191625 0.584 0.136875)
(0.209875 0.584 0.009125)
(0.209875 0.584 0.027375)
(0.209875 0.584 0.045625)
(0.209875 0.584 0.063875)
(0.209875 0.584 0.082125)
(0.209875 0.584 0.100375)
(0.209875 0.584 0.118625)
(0.209875 0.584 0.136875)
(0.228125 0.584 0.009125)
(0.228125 0.584 0.027375)
(0.228125 0.584 0.045625)
(0.228125 0.584 0.063875)
(0.228125 0.584 0.082125)
(0.228125 0.584 0.100375)
(0.228125 0.584 0.118625)
(0.228125 0.584 0.136875)
(0.246375 0.584 0.009125)
(0.246375 0.584 0.027375)
(0.246375 0.584 0.045625)
(0.246375 0.584 0.063875)
(0.246375 0.584 0.082125)
(0.246375 0.584 0.100375)
(0.246375 0.584 0.118625)
(0.246375 0.584 0.136875)
(0.264625 0.584 0.009125)
(0.264625 0.584 0.027375)
(0.264625 0.584 0.045625)
(0.264625 0.584 0.063875)
(0.264625 0.584 0.082125)
(0.264625 0.584 0.100375)
(0.264625 0.584 0.118625)
(0.264625 0.584 0.136875)
(0.282875 0.584 0.009125)
(0.282875 0.584 0.027375)
(0.282875 0.584 0.045625)
(0.282875 0.584 0.063875)
(0.282875 0.584 0.082125)
(0.282875 0.584 0.100375)
(0.282875 0.584 0.118625)
(0.282875 0.584 0.136875)
(0.301125 0.584 0.009125)
(0.301125 0.584 0.027375)
(0.301125 0.584 0.045625)
(0.301125 0.584 0.063875)
(0.301125 0.584 0.082125)
(0.301125 0.584 0.100375)
(0.301125 0.584 0.118625)
(0.301125 0.584 0.136875)
(0.319375 0.584 0.009125)
(0.319375 0.584 0.027375)
(0.319375 0.584 0.045625)
(0.319375 0.584 0.063875)
(0.319375 0.584 0.082125)
(0.319375 0.584 0.100375)
(0.319375 0.584 0.118625)
(0.319375 0.584 0.136875)
(0.337625 0.584 0.009125)
(0.337625 0.584 0.027375)
(0.337625 0.584 0.045625)
(0.337625 0.584 0.063875)
(0.337625 0.584 0.082125)
(0.337625 0.584 0.100375)
(0.337625 0.584 0.118625)
(0.337625 0.584 0.136875)
(0.355875 0.584 0.009125)
(0.355875 0.584 0.027375)
(0.355875 0.584 0.045625)
(0.355875 0.584 0.063875)
(0.355875 0.584 0.082125)
(0.355875 0.584 0.100375)
(0.355875 0.584 0.118625)
(0.355875 0.584 0.136875)
(0.374125 0.584 0.009125)
(0.374125 0.584 0.027375)
(0.374125 0.584 0.045625)
(0.374125 0.584 0.063875)
(0.374125 0.584 0.082125)
(0.374125 0.584 0.100375)
(0.374125 0.584 0.118625)
(0.374125 0.584 0.136875)
(0.392375 0.584 0.009125)
(0.392375 0.584 0.027375)
(0.392375 0.584 0.045625)
(0.392375 0.584 0.063875)
(0.392375 0.584 0.082125)
(0.392375 0.584 0.100375)
(0.392375 0.584 0.118625)
(0.392375 0.584 0.136875)
(0.410625 0.584 0.009125)
(0.410625 0.584 0.027375)
(0.410625 0.584 0.045625)
(0.410625 0.584 0.063875)
(0.410625 0.584 0.082125)
(0.410625 0.584 0.100375)
(0.410625 0.584 0.118625)
(0.410625 0.584 0.136875)
(0.428875 0.584 0.009125)
(0.428875 0.584 0.027375)
(0.428875 0.584 0.045625)
(0.428875 0.584 0.063875)
(0.428875 0.584 0.082125)
(0.428875 0.584 0.100375)
(0.428875 0.584 0.118625)
(0.428875 0.584 0.136875)
(0.447125 0.584 0.009125)
(0.447125 0.584 0.027375)
(0.447125 0.584 0.045625)
(0.447125 0.584 0.063875)
(0.447125 0.584 0.082125)
(0.447125 0.584 0.100375)
(0.447125 0.584 0.118625)
(0.447125 0.584 0.136875)
(0.465375 0.584 0.009125)
(0.465375 0.584 0.027375)
(0.465375 0.584 0.045625)
(0.465375 0.584 0.063875)
(0.465375 0.584 0.082125)
(0.465375 0.584 0.100375)
(0.465375 0.584 0.118625)
(0.465375 0.584 0.136875)
(0.483625 0.584 0.009125)
(0.483625 0.584 0.027375)
(0.483625 0.584 0.045625)
(0.483625 0.584 0.063875)
(0.483625 0.584 0.082125)
(0.483625 0.584 0.100375)
(0.483625 0.584 0.118625)
(0.483625 0.584 0.136875)
(0.501875 0.584 0.009125)
(0.501875 0.584 0.027375)
(0.501875 0.584 0.045625)
(0.501875 0.584 0.063875)
(0.501875 0.584 0.082125)
(0.501875 0.584 0.100375)
(0.501875 0.584 0.118625)
(0.501875 0.584 0.136875)
(0.520125 0.584 0.009125)
(0.520125 0.584 0.027375)
(0.520125 0.584 0.045625)
(0.520125 0.584 0.063875)
(0.520125 0.584 0.082125)
(0.520125 0.584 0.100375)
(0.520125 0.584 0.118625)
(0.520125 0.584 0.136875)
(0.538375 0.584 0.009125)
(0.538375 0.584 0.027375)
(0.538375 0.584 0.045625)
(0.538375 0.584 0.063875)
(0.538375 0.584 0.082125)
(0.538375 0.584 0.100375)
(0.538375 0.584 0.118625)
(0.538375 0.584 0.136875)
(0.556625 0.584 0.009125)
(0.556625 0.584 0.027375)
(0.556625 0.584 0.045625)
(0.556625 0.584 0.063875)
(0.556625 0.584 0.082125)
(0.556625 0.584 0.100375)
(0.556625 0.584 0.118625)
(0.556625 0.584 0.136875)
(0.574875 0.584 0.009125)
(0.574875 0.584 0.027375)
(0.574875 0.584 0.045625)
(0.574875 0.584 0.063875)
(0.574875 0.584 0.082125)
(0.574875 0.584 0.100375)
(0.574875 0.584 0.118625)
(0.574875 0.584 0.136875)
)
;
    }
}


// ************************************************************************* //
